shape_id,shape_pt_lat,shape_pt_lon,shape_pt_sequence,shape_dist_traveled
4b314a8c-c0d1-4d04-ae2c-f29f1154fe3b_r,46.371373,30.728602,1,
4b314a8c-c0d1-4d04-ae2c-f29f1154fe3b_r,46.37137,30.7286,6,
4b314a8c-c0d1-4d04-ae2c-f29f1154fe3b_r,46.37237,30.73036,8,
4b314a8c-c0d1-4d04-ae2c-f29f1154fe3b_r,46.37241,30.7303,10,
4b314a8c-c0d1-4d04-ae2c-f29f1154fe3b_r,46.37241314867202,30.730304718017578,12,
4b314a8c-c0d1-4d04-ae2c-f29f1154fe3b_r,46.37241,30.7303,17,
4b314a8c-c0d1-4d04-ae2c-f29f1154fe3b_r,46.37237,30.73036,19,
4b314a8c-c0d1-4d04-ae2c-f29f1154fe3b_r,46.37374,30.73239,21,
4b314a8c-c0d1-4d04-ae2c-f29f1154fe3b_r,46.37373,30.73241,23,
4b314a8c-c0d1-4d04-ae2c-f29f1154fe3b_r,46.37373078757585,30.732407569885257,25,
4b314a8c-c0d1-4d04-ae2c-f29f1154fe3b_r,46.37373,30.73241,30,
4b314a8c-c0d1-4d04-ae2c-f29f1154fe3b_r,46.37374,30.73239,32,
4b314a8c-c0d1-4d04-ae2c-f29f1154fe3b_r,46.376,30.73547,34,
4b314a8c-c0d1-4d04-ae2c-f29f1154fe3b_r,46.37601,30.73546,36,
4b314a8c-c0d1-4d04-ae2c-f29f1154fe3b_r,46.37600697089882,30.735459923744205,38,
4b314a8c-c0d1-4d04-ae2c-f29f1154fe3b_r,46.37601,30.73546,43,
4b314a8c-c0d1-4d04-ae2c-f29f1154fe3b_r,46.376,30.73547,45,
4b314a8c-c0d1-4d04-ae2c-f29f1154fe3b_r,46.37757,30.73759,47,
4b314a8c-c0d1-4d04-ae2c-f29f1154fe3b_r,46.37759,30.73755,49,
4b314a8c-c0d1-4d04-ae2c-f29f1154fe3b_r,46.377590990459815,30.73755204677582,51,
4b314a8c-c0d1-4d04-ae2c-f29f1154fe3b_r,46.37759,30.73755,56,
4b314a8c-c0d1-4d04-ae2c-f29f1154fe3b_r,46.37757,30.73759,58,
4b314a8c-c0d1-4d04-ae2c-f29f1154fe3b_r,46.37953,30.74017,60,
4b314a8c-c0d1-4d04-ae2c-f29f1154fe3b_r,46.37953394235843,30.740169882774357,62,
4b314a8c-c0d1-4d04-ae2c-f29f1154fe3b_r,46.37953,30.74017,67,
4b314a8c-c0d1-4d04-ae2c-f29f1154fe3b_r,46.38106,30.74163,69,
4b314a8c-c0d1-4d04-ae2c-f29f1154fe3b_r,46.38105864857449,30.741629004478458,71,
4b314a8c-c0d1-4d04-ae2c-f29f1154fe3b_r,46.38106,30.74163,76,
4b314a8c-c0d1-4d04-ae2c-f29f1154fe3b_r,46.38264,30.74367,78,
4b314a8c-c0d1-4d04-ae2c-f29f1154fe3b_r,46.38285,30.74381,80,
4b314a8c-c0d1-4d04-ae2c-f29f1154fe3b_r,46.38285345448506,30.74381232261658,82,
4b314a8c-c0d1-4d04-ae2c-f29f1154fe3b_r,46.38285,30.74381,87,
4b314a8c-c0d1-4d04-ae2c-f29f1154fe3b_r,46.38645,30.74612,89,
4b314a8c-c0d1-4d04-ae2c-f29f1154fe3b_r,46.38644,30.74616,91,
4b314a8c-c0d1-4d04-ae2c-f29f1154fe3b_r,46.38643918897238,30.746161937713627,93,
4b314a8c-c0d1-4d04-ae2c-f29f1154fe3b_r,46.38644,30.74616,98,
4b314a8c-c0d1-4d04-ae2c-f29f1154fe3b_r,46.38645,30.74612,100,
4b314a8c-c0d1-4d04-ae2c-f29f1154fe3b_r,46.38762,30.74647,102,
4b314a8c-c0d1-4d04-ae2c-f29f1154fe3b_r,46.38881,30.74639,104,
4b314a8c-c0d1-4d04-ae2c-f29f1154fe3b_r,46.38922,30.74607,106,
4b314a8c-c0d1-4d04-ae2c-f29f1154fe3b_r,46.38971,30.74587,108,
4b314a8c-c0d1-4d04-ae2c-f29f1154fe3b_r,46.39066,30.74566,110,
4b314a8c-c0d1-4d04-ae2c-f29f1154fe3b_r,46.3908,30.74568,112,
4b314a8c-c0d1-4d04-ae2c-f29f1154fe3b_r,46.39096,30.74579,114,
4b314a8c-c0d1-4d04-ae2c-f29f1154fe3b_r,46.39135,30.74637,116,
4b314a8c-c0d1-4d04-ae2c-f29f1154fe3b_r,46.39172,30.7469,118,
4b314a8c-c0d1-4d04-ae2c-f29f1154fe3b_r,46.39204,30.74708,120,
4b314a8c-c0d1-4d04-ae2c-f29f1154fe3b_r,46.392049,30.747078,122,
4b314a8c-c0d1-4d04-ae2c-f29f1154fe3b_r,46.39205,30.74708,127,
4b314a8c-c0d1-4d04-ae2c-f29f1154fe3b_r,46.39332,30.7476,129,
4b314a8c-c0d1-4d04-ae2c-f29f1154fe3b_r,46.39611,30.7483,131,
4b314a8c-c0d1-4d04-ae2c-f29f1154fe3b_r,46.39786,30.74996,133,
4b314a8c-c0d1-4d04-ae2c-f29f1154fe3b_r,46.39816,30.74991,135,
4b314a8c-c0d1-4d04-ae2c-f29f1154fe3b_r,46.39844,30.7496,137,
4b314a8c-c0d1-4d04-ae2c-f29f1154fe3b_r,46.39886,30.74836,139,
4b314a8c-c0d1-4d04-ae2c-f29f1154fe3b_r,46.398846,30.74836,141,
4b314a8c-c0d1-4d04-ae2c-f29f1154fe3b_r,46.39885,30.74836,146,
4b314a8c-c0d1-4d04-ae2c-f29f1154fe3b_r,46.39935,30.74677,148,
4b314a8c-c0d1-4d04-ae2c-f29f1154fe3b_r,46.4012,30.74728,150,
4b314a8c-c0d1-4d04-ae2c-f29f1154fe3b_r,46.40274,30.74691,152,
4b314a8c-c0d1-4d04-ae2c-f29f1154fe3b_r,46.402740394449296,30.746912956237797,154,
4b314a8c-c0d1-4d04-ae2c-f29f1154fe3b_r,46.40274,30.74691,159,
4b314a8c-c0d1-4d04-ae2c-f29f1154fe3b_r,46.40348,30.74682,161,
4b314a8c-c0d1-4d04-ae2c-f29f1154fe3b_r,46.40371,30.74679,163,
4b314a8c-c0d1-4d04-ae2c-f29f1154fe3b_r,46.4039,30.74685,165,
4b314a8c-c0d1-4d04-ae2c-f29f1154fe3b_r,46.404,30.74724,167,
4b314a8c-c0d1-4d04-ae2c-f29f1154fe3b_r,46.40405,30.74763,169,
4b314a8c-c0d1-4d04-ae2c-f29f1154fe3b_r,46.40494,30.75473,171,
4b314a8c-c0d1-4d04-ae2c-f29f1154fe3b_r,46.40501,30.75485,173,
4b314a8c-c0d1-4d04-ae2c-f29f1154fe3b_r,46.40516,30.75494,175,
4b314a8c-c0d1-4d04-ae2c-f29f1154fe3b_r,46.40543,30.75502,177,
4b314a8c-c0d1-4d04-ae2c-f29f1154fe3b_r,46.405429662345405,30.755013227462772,179,
4b314a8c-c0d1-4d04-ae2c-f29f1154fe3b_r,46.40543,30.75501,184,
4b314a8c-c0d1-4d04-ae2c-f29f1154fe3b_r,46.40695,30.75576,186,
4b314a8c-c0d1-4d04-ae2c-f29f1154fe3b_r,46.41256,30.75558,188,
4b314a8c-c0d1-4d04-ae2c-f29f1154fe3b_r,46.41339,30.75552,190,
4b314a8c-c0d1-4d04-ae2c-f29f1154fe3b_r,46.4137,30.75543,192,
4b314a8c-c0d1-4d04-ae2c-f29f1154fe3b_r,46.413700777401516,30.755433378733766,194,
4b314a8c-c0d1-4d04-ae2c-f29f1154fe3b_r,46.4137,30.75543,199,
4b314a8c-c0d1-4d04-ae2c-f29f1154fe3b_r,46.41379,30.75534,201,
4b314a8c-c0d1-4d04-ae2c-f29f1154fe3b_r,46.41393,30.75499,203,
4b314a8c-c0d1-4d04-ae2c-f29f1154fe3b_r,46.41431,30.75406,205,
4b314a8c-c0d1-4d04-ae2c-f29f1154fe3b_r,46.41506,30.7532,207,
4b314a8c-c0d1-4d04-ae2c-f29f1154fe3b_r,46.41568,30.7526,209,
4b314a8c-c0d1-4d04-ae2c-f29f1154fe3b_r,46.41604,30.75228,211,
4b314a8c-c0d1-4d04-ae2c-f29f1154fe3b_r,46.41619,30.75218,213,
4b314a8c-c0d1-4d04-ae2c-f29f1154fe3b_r,46.41636,30.7521,215,
4b314a8c-c0d1-4d04-ae2c-f29f1154fe3b_r,46.41658,30.75202,217,
4b314a8c-c0d1-4d04-ae2c-f29f1154fe3b_r,46.41688,30.75207,219,
4b314a8c-c0d1-4d04-ae2c-f29f1154fe3b_r,46.41723,30.75237,221,
4b314a8c-c0d1-4d04-ae2c-f29f1154fe3b_r,46.41748,30.75261,223,
4b314a8c-c0d1-4d04-ae2c-f29f1154fe3b_r,46.41785,30.75296,225,
4b314a8c-c0d1-4d04-ae2c-f29f1154fe3b_r,46.41801,30.75306,227,
4b314a8c-c0d1-4d04-ae2c-f29f1154fe3b_r,46.41843,30.75322,229,
4b314a8c-c0d1-4d04-ae2c-f29f1154fe3b_r,46.41963,30.75341,231,
4b314a8c-c0d1-4d04-ae2c-f29f1154fe3b_r,46.41976,30.75348,233,
4b314a8c-c0d1-4d04-ae2c-f29f1154fe3b_r,46.42053,30.75422,235,
4b314a8c-c0d1-4d04-ae2c-f29f1154fe3b_r,46.4208,30.75425,237,
4b314a8c-c0d1-4d04-ae2c-f29f1154fe3b_r,46.42097,30.75417,239,
4b314a8c-c0d1-4d04-ae2c-f29f1154fe3b_r,46.42098560330124,30.754181742668155,241,
4b314a8c-c0d1-4d04-ae2c-f29f1154fe3b_r,46.42099,30.75418,246,
4b314a8c-c0d1-4d04-ae2c-f29f1154fe3b_r,46.42139,30.75398,248,
4b314a8c-c0d1-4d04-ae2c-f29f1154fe3b_r,46.42207,30.75372,250,
4b314a8c-c0d1-4d04-ae2c-f29f1154fe3b_r,46.42317,30.75329,252,
4b314a8c-c0d1-4d04-ae2c-f29f1154fe3b_r,46.42316737044426,30.75329124927521,254,
4b314a8c-c0d1-4d04-ae2c-f29f1154fe3b_r,46.42317,30.75329,259,
4b314a8c-c0d1-4d04-ae2c-f29f1154fe3b_r,46.42505,30.75259,261,
4b314a8c-c0d1-4d04-ae2c-f29f1154fe3b_r,46.42692,30.75162,263,
4b314a8c-c0d1-4d04-ae2c-f29f1154fe3b_r,46.426920545212866,30.751622915267948,265,
4b314a8c-c0d1-4d04-ae2c-f29f1154fe3b_r,46.42692,30.75162,270,
4b314a8c-c0d1-4d04-ae2c-f29f1154fe3b_r,46.43063,30.74963,272,
4b314a8c-c0d1-4d04-ae2c-f29f1154fe3b_r,46.43062539630988,30.749632716178898,274,
4b314a8c-c0d1-4d04-ae2c-f29f1154fe3b_r,46.43063,30.74963,279,
4b314a8c-c0d1-4d04-ae2c-f29f1154fe3b_r,46.43357,30.74807,281,
4b314a8c-c0d1-4d04-ae2c-f29f1154fe3b_r,46.43357208908041,30.7480663061142,283,
4b314a8c-c0d1-4d04-ae2c-f29f1154fe3b_r,46.43357,30.74807,288,
4b314a8c-c0d1-4d04-ae2c-f29f1154fe3b_r,46.43742,30.74606,290,
4b314a8c-c0d1-4d04-ae2c-f29f1154fe3b_r,46.43742066616531,30.74606001377106,292,
4b314a8c-c0d1-4d04-ae2c-f29f1154fe3b_r,46.43742,30.74606,297,
4b314a8c-c0d1-4d04-ae2c-f29f1154fe3b_r,46.44332,30.74296,299,
4b314a8c-c0d1-4d04-ae2c-f29f1154fe3b_r,46.443320550509064,30.742932558059696,301,
4b314a8c-c0d1-4d04-ae2c-f29f1154fe3b_r,46.44332,30.74296,306,
4b314a8c-c0d1-4d04-ae2c-f29f1154fe3b_r,46.44681,30.74115,308,
4b314a8c-c0d1-4d04-ae2c-f29f1154fe3b_r,46.44680620949006,30.741151571273807,310,
4b314a8c-c0d1-4d04-ae2c-f29f1154fe3b_r,46.44681,30.74115,315,
4b314a8c-c0d1-4d04-ae2c-f29f1154fe3b_r,46.44968,30.73964,317,
4b314a8c-c0d1-4d04-ae2c-f29f1154fe3b_r,46.449681802651035,30.739638805389408,319,
4b314a8c-c0d1-4d04-ae2c-f29f1154fe3b_r,46.44968,30.73964,324,
4b314a8c-c0d1-4d04-ae2c-f29f1154fe3b_r,46.45101,30.73882,326,
4b314a8c-c0d1-4d04-ae2c-f29f1154fe3b_r,46.45128,30.73873,328,
4b314a8c-c0d1-4d04-ae2c-f29f1154fe3b_r,46.45155,30.73864,330,
4b314a8c-c0d1-4d04-ae2c-f29f1154fe3b_r,46.45173,30.7386,332,
4b314a8c-c0d1-4d04-ae2c-f29f1154fe3b_r,46.45191,30.73871,334,
4b314a8c-c0d1-4d04-ae2c-f29f1154fe3b_r,46.451888292406686,30.738678574562076,336,
4b314a8c-c0d1-4d04-ae2c-f29f1154fe3b_r,46.4519,30.73871,341,
4b314a8c-c0d1-4d04-ae2c-f29f1154fe3b_r,46.45226,30.73901,343,
4b314a8c-c0d1-4d04-ae2c-f29f1154fe3b_r,46.45261,30.73949,345,
4b314a8c-c0d1-4d04-ae2c-f29f1154fe3b_r,46.45458,30.74453,347,
4b314a8c-c0d1-4d04-ae2c-f29f1154fe3b_r,46.45475,30.74485,349,
4b314a8c-c0d1-4d04-ae2c-f29f1154fe3b_r,46.45498,30.74505,351,
4b314a8c-c0d1-4d04-ae2c-f29f1154fe3b_r,46.45524,30.74518,353,
4b314a8c-c0d1-4d04-ae2c-f29f1154fe3b_r,46.45556,30.74526,355,
4b314a8c-c0d1-4d04-ae2c-f29f1154fe3b_r,46.455550794135775,30.745266079902652,357,
4b314a8c-c0d1-4d04-ae2c-f29f1154fe3b_r,46.45555,30.74527,362,
4b314a8c-c0d1-4d04-ae2c-f29f1154fe3b_r,46.4559,30.745,364,
4b314a8c-c0d1-4d04-ae2c-f29f1154fe3b_r,46.45694,30.74469,366,
4b314a8c-c0d1-4d04-ae2c-f29f1154fe3b_r,46.46106,30.74538,368,
4b314a8c-c0d1-4d04-ae2c-f29f1154fe3b_r,46.46106071359854,30.745384097099308,370,
4b314a8c-c0d1-4d04-ae2c-f29f1154fe3b_r,46.46106,30.74538,375,
4b314a8c-c0d1-4d04-ae2c-f29f1154fe3b_r,46.46714,30.74609,377,
4b314a8c-c0d1-4d04-ae2c-f29f1154fe3b_r,46.467139,30.746092,379,
4b314a8c-c0d1-4d04-ae2c-f29f1154fe3b_d,46.46684719166548,30.745904445648197,1,
4b314a8c-c0d1-4d04-ae2c-f29f1154fe3b_d,46.46682,30.74582,6,
4b314a8c-c0d1-4d04-ae2c-f29f1154fe3b_d,46.46685,30.74593,8,
4b314a8c-c0d1-4d04-ae2c-f29f1154fe3b_d,46.46672,30.74598,10,
4b314a8c-c0d1-4d04-ae2c-f29f1154fe3b_d,46.46661,30.74601,12,
4b314a8c-c0d1-4d04-ae2c-f29f1154fe3b_d,46.46576,30.74587,14,
4b314a8c-c0d1-4d04-ae2c-f29f1154fe3b_d,46.46483,30.74575,16,
4b314a8c-c0d1-4d04-ae2c-f29f1154fe3b_d,46.46473,30.74574,18,
4b314a8c-c0d1-4d04-ae2c-f29f1154fe3b_d,46.46462,30.74578,20,
4b314a8c-c0d1-4d04-ae2c-f29f1154fe3b_d,46.46445,30.74582,22,
4b314a8c-c0d1-4d04-ae2c-f29f1154fe3b_d,46.46428,30.74586,24,
4b314a8c-c0d1-4d04-ae2c-f29f1154fe3b_d,46.46409,30.74584,26,
4b314a8c-c0d1-4d04-ae2c-f29f1154fe3b_d,46.46255,30.74556,28,
4b314a8c-c0d1-4d04-ae2c-f29f1154fe3b_d,46.4615,30.74541,30,
4b314a8c-c0d1-4d04-ae2c-f29f1154fe3b_d,46.46139,30.74531,32,
4b314a8c-c0d1-4d04-ae2c-f29f1154fe3b_d,46.46138,30.74536,34,
4b314a8c-c0d1-4d04-ae2c-f29f1154fe3b_d,46.46137481025017,30.74536800384522,36,
4b314a8c-c0d1-4d04-ae2c-f29f1154fe3b_d,46.46137,30.74537,41,
4b314a8c-c0d1-4d04-ae2c-f29f1154fe3b_d,46.46138,30.74532,43,
4b314a8c-c0d1-4d04-ae2c-f29f1154fe3b_d,46.46123,30.74537,45,
4b314a8c-c0d1-4d04-ae2c-f29f1154fe3b_d,46.45934,30.74505,47,
4b314a8c-c0d1-4d04-ae2c-f29f1154fe3b_d,46.45722,30.74475,49,
4b314a8c-c0d1-4d04-ae2c-f29f1154fe3b_d,46.45705,30.74474,51,
4b314a8c-c0d1-4d04-ae2c-f29f1154fe3b_d,46.45686,30.74476,53,
4b314a8c-c0d1-4d04-ae2c-f29f1154fe3b_d,46.45663,30.74479,55,
4b314a8c-c0d1-4d04-ae2c-f29f1154fe3b_d,46.4564,30.74488,57,
4b314a8c-c0d1-4d04-ae2c-f29f1154fe3b_d,46.45613,30.74505,59,
4b314a8c-c0d1-4d04-ae2c-f29f1154fe3b_d,46.45583,30.74522,61,
4b314a8c-c0d1-4d04-ae2c-f29f1154fe3b_d,46.45553,30.74524,63,
4b314a8c-c0d1-4d04-ae2c-f29f1154fe3b_d,46.45532,30.74521,65,
4b314a8c-c0d1-4d04-ae2c-f29f1154fe3b_d,46.45517,30.74516,67,
4b314a8c-c0d1-4d04-ae2c-f29f1154fe3b_d,46.45503,30.74511,69,
4b314a8c-c0d1-4d04-ae2c-f29f1154fe3b_d,46.45488,30.74501,71,
4b314a8c-c0d1-4d04-ae2c-f29f1154fe3b_d,46.45471,30.74477,73,
4b314a8c-c0d1-4d04-ae2c-f29f1154fe3b_d,46.45454,30.7444,75,
4b314a8c-c0d1-4d04-ae2c-f29f1154fe3b_d,46.45441,30.74407,77,
4b314a8c-c0d1-4d04-ae2c-f29f1154fe3b_d,46.45429,30.74373,79,
4b314a8c-c0d1-4d04-ae2c-f29f1154fe3b_d,46.45425,30.74351,81,
4b314a8c-c0d1-4d04-ae2c-f29f1154fe3b_d,46.45424,30.74353,83,
4b314a8c-c0d1-4d04-ae2c-f29f1154fe3b_d,46.45423143491319,30.74353873729706,85,
4b314a8c-c0d1-4d04-ae2c-f29f1154fe3b_d,46.45425,30.74351,90,
4b314a8c-c0d1-4d04-ae2c-f29f1154fe3b_d,46.45426,30.74349,92,
4b314a8c-c0d1-4d04-ae2c-f29f1154fe3b_d,46.45414,30.74331,94,
4b314a8c-c0d1-4d04-ae2c-f29f1154fe3b_d,46.45271,30.73946,96,
4b314a8c-c0d1-4d04-ae2c-f29f1154fe3b_d,46.452642248314376,30.739386677742008,98,
4b314a8c-c0d1-4d04-ae2c-f29f1154fe3b_d,46.45271,30.73946,103,
4b314a8c-c0d1-4d04-ae2c-f29f1154fe3b_d,46.45258,30.7392,105,
4b314a8c-c0d1-4d04-ae2c-f29f1154fe3b_d,46.45245,30.73901,107,
4b314a8c-c0d1-4d04-ae2c-f29f1154fe3b_d,46.45232,30.73887,109,
4b314a8c-c0d1-4d04-ae2c-f29f1154fe3b_d,46.45215,30.73876,111,
4b314a8c-c0d1-4d04-ae2c-f29f1154fe3b_d,46.45195,30.73867,113,
4b314a8c-c0d1-4d04-ae2c-f29f1154fe3b_d,46.45174,30.73863,115,
4b314a8c-c0d1-4d04-ae2c-f29f1154fe3b_d,46.45154,30.73867,117,
4b314a8c-c0d1-4d04-ae2c-f29f1154fe3b_d,46.45126,30.73876,119,
4b314a8c-c0d1-4d04-ae2c-f29f1154fe3b_d,46.45086,30.73895,121,
4b314a8c-c0d1-4d04-ae2c-f29f1154fe3b_d,46.44998,30.73938,123,
4b314a8c-c0d1-4d04-ae2c-f29f1154fe3b_d,46.449966396803106,30.73936522006989,125,
4b314a8c-c0d1-4d04-ae2c-f29f1154fe3b_d,46.44997,30.73937,130,
4b314a8c-c0d1-4d04-ae2c-f29f1154fe3b_d,46.4485,30.74018,132,
4b314a8c-c0d1-4d04-ae2c-f29f1154fe3b_d,46.44766,30.74064,134,
4b314a8c-c0d1-4d04-ae2c-f29f1154fe3b_d,46.44704,30.74092,136,
4b314a8c-c0d1-4d04-ae2c-f29f1154fe3b_d,46.44703537543737,30.740904808044437,138,
4b314a8c-c0d1-4d04-ae2c-f29f1154fe3b_d,46.44704,30.7409,143,
4b314a8c-c0d1-4d04-ae2c-f29f1154fe3b_d,46.44543,30.74177,145,
4b314a8c-c0d1-4d04-ae2c-f29f1154fe3b_d,46.44373,30.74265,147,
4b314a8c-c0d1-4d04-ae2c-f29f1154fe3b_d,46.44372716060841,30.742658972740177,149,
4b314a8c-c0d1-4d04-ae2c-f29f1154fe3b_d,46.44373,30.74266,154,
4b314a8c-c0d1-4d04-ae2c-f29f1154fe3b_d,46.44097,30.74411,156,
4b314a8c-c0d1-4d04-ae2c-f29f1154fe3b_d,46.43827,30.74548,158,
4b314a8c-c0d1-4d04-ae2c-f29f1154fe3b_d,46.43829681720108,30.745507478713993,160,
4b314a8c-c0d1-4d04-ae2c-f29f1154fe3b_d,46.43827,30.74548,165,
4b314a8c-c0d1-4d04-ae2c-f29f1154fe3b_d,46.43756,30.74587,167,
4b314a8c-c0d1-4d04-ae2c-f29f1154fe3b_d,46.4336,30.74793,169,
4b314a8c-c0d1-4d04-ae2c-f29f1154fe3b_d,46.433597968988664,30.747926831245426,171,
4b314a8c-c0d1-4d04-ae2c-f29f1154fe3b_d,46.4336,30.74793,176,
4b314a8c-c0d1-4d04-ae2c-f29f1154fe3b_d,46.43099,30.74932,178,
4b314a8c-c0d1-4d04-ae2c-f29f1154fe3b_d,46.430984036191035,30.74932157993317,180,
4b314a8c-c0d1-4d04-ae2c-f29f1154fe3b_d,46.43098,30.74932,185,
4b314a8c-c0d1-4d04-ae2c-f29f1154fe3b_d,46.42738,30.75128,187,
4b314a8c-c0d1-4d04-ae2c-f29f1154fe3b_d,46.42738274098374,30.75128495693207,189,
4b314a8c-c0d1-4d04-ae2c-f29f1154fe3b_d,46.42738,30.75128,194,
4b314a8c-c0d1-4d04-ae2c-f29f1154fe3b_d,46.42499,30.75256,196,
4b314a8c-c0d1-4d04-ae2c-f29f1154fe3b_d,46.42317,30.75329,198,
4b314a8c-c0d1-4d04-ae2c-f29f1154fe3b_d,46.42316737044426,30.75329124927521,200,
4b314a8c-c0d1-4d04-ae2c-f29f1154fe3b_d,46.42317,30.75329,205,
4b314a8c-c0d1-4d04-ae2c-f29f1154fe3b_d,46.42193,30.75375,207,
4b314a8c-c0d1-4d04-ae2c-f29f1154fe3b_d,46.42127,30.75402,209,
4b314a8c-c0d1-4d04-ae2c-f29f1154fe3b_d,46.42082,30.7542,211,
4b314a8c-c0d1-4d04-ae2c-f29f1154fe3b_d,46.42069,30.75422,213,
4b314a8c-c0d1-4d04-ae2c-f29f1154fe3b_d,46.42059,30.75421,215,
4b314a8c-c0d1-4d04-ae2c-f29f1154fe3b_d,46.42052,30.75417,217,
4b314a8c-c0d1-4d04-ae2c-f29f1154fe3b_d,46.42045,30.75409,219,
4b314a8c-c0d1-4d04-ae2c-f29f1154fe3b_d,46.42018,30.75373,221,
4b314a8c-c0d1-4d04-ae2c-f29f1154fe3b_d,46.42018313478041,30.753725767135624,223,
4b314a8c-c0d1-4d04-ae2c-f29f1154fe3b_d,46.42018,30.75373,228,
4b314a8c-c0d1-4d04-ae2c-f29f1154fe3b_d,46.42005,30.7536,230,
4b314a8c-c0d1-4d04-ae2c-f29f1154fe3b_d,46.41991,30.75348,232,
4b314a8c-c0d1-4d04-ae2c-f29f1154fe3b_d,46.41982,30.7534,234,
4b314a8c-c0d1-4d04-ae2c-f29f1154fe3b_d,46.41975,30.75336,236,
4b314a8c-c0d1-4d04-ae2c-f29f1154fe3b_d,46.41952,30.7533,238,
4b314a8c-c0d1-4d04-ae2c-f29f1154fe3b_d,46.4192,30.75326,240,
4b314a8c-c0d1-4d04-ae2c-f29f1154fe3b_d,46.41846,30.7532,242,
4b314a8c-c0d1-4d04-ae2c-f29f1154fe3b_d,46.41824,30.75314,244,
4b314a8c-c0d1-4d04-ae2c-f29f1154fe3b_d,46.41804,30.75306,246,
4b314a8c-c0d1-4d04-ae2c-f29f1154fe3b_d,46.41788,30.75293,248,
4b314a8c-c0d1-4d04-ae2c-f29f1154fe3b_d,46.41749,30.75259,250,
4b314a8c-c0d1-4d04-ae2c-f29f1154fe3b_d,46.41725,30.75237,252,
4b314a8c-c0d1-4d04-ae2c-f29f1154fe3b_d,46.41701,30.75218,254,
4b314a8c-c0d1-4d04-ae2c-f29f1154fe3b_d,46.41684,30.75207,256,
4b314a8c-c0d1-4d04-ae2c-f29f1154fe3b_d,46.41667,30.75203,258,
4b314a8c-c0d1-4d04-ae2c-f29f1154fe3b_d,46.41656,30.75199,260,
4b314a8c-c0d1-4d04-ae2c-f29f1154fe3b_d,46.41636,30.75205,262,
4b314a8c-c0d1-4d04-ae2c-f29f1154fe3b_d,46.41619,30.75216,264,
4b314a8c-c0d1-4d04-ae2c-f29f1154fe3b_d,46.41605,30.75226,266,
4b314a8c-c0d1-4d04-ae2c-f29f1154fe3b_d,46.41568,30.7526,268,
4b314a8c-c0d1-4d04-ae2c-f29f1154fe3b_d,46.4146,30.75367,270,
4b314a8c-c0d1-4d04-ae2c-f29f1154fe3b_d,46.41453,30.75374,272,
4b314a8c-c0d1-4d04-ae2c-f29f1154fe3b_d,46.41445,30.75373,274,
4b314a8c-c0d1-4d04-ae2c-f29f1154fe3b_d,46.414436079584654,30.753736495971683,276,
4b314a8c-c0d1-4d04-ae2c-f29f1154fe3b_d,46.41444,30.75374,281,
4b314a8c-c0d1-4d04-ae2c-f29f1154fe3b_d,46.41436,30.75383,283,
4b314a8c-c0d1-4d04-ae2c-f29f1154fe3b_d,46.41423,30.75386,285,
4b314a8c-c0d1-4d04-ae2c-f29f1154fe3b_d,46.41412,30.75385,287,
4b314a8c-c0d1-4d04-ae2c-f29f1154fe3b_d,46.41401,30.75381,289,
4b314a8c-c0d1-4d04-ae2c-f29f1154fe3b_d,46.41339,30.75347,291,
4b314a8c-c0d1-4d04-ae2c-f29f1154fe3b_d,46.41278,30.75316,293,
4b314a8c-c0d1-4d04-ae2c-f29f1154fe3b_d,46.41265,30.75314,295,
4b314a8c-c0d1-4d04-ae2c-f29f1154fe3b_d,46.41253,30.75316,297,
4b314a8c-c0d1-4d04-ae2c-f29f1154fe3b_d,46.41242,30.7532,299,
4b314a8c-c0d1-4d04-ae2c-f29f1154fe3b_d,46.41227,30.75329,301,
4b314a8c-c0d1-4d04-ae2c-f29f1154fe3b_d,46.41204,30.75347,303,
4b314a8c-c0d1-4d04-ae2c-f29f1154fe3b_d,46.41182,30.75372,305,
4b314a8c-c0d1-4d04-ae2c-f29f1154fe3b_d,46.41165,30.75395,307,
4b314a8c-c0d1-4d04-ae2c-f29f1154fe3b_d,46.41145,30.75422,309,
4b314a8c-c0d1-4d04-ae2c-f29f1154fe3b_d,46.41097,30.75508,311,
4b314a8c-c0d1-4d04-ae2c-f29f1154fe3b_d,46.41087,30.75512,313,
4b314a8c-c0d1-4d04-ae2c-f29f1154fe3b_d,46.41086157618459,30.755116956872957,315,
4b314a8c-c0d1-4d04-ae2c-f29f1154fe3b_d,46.41086,30.75512,320,
4b314a8c-c0d1-4d04-ae2c-f29f1154fe3b_d,46.41084,30.75532,322,
4b314a8c-c0d1-4d04-ae2c-f29f1154fe3b_d,46.41073,30.75545,324,
4b314a8c-c0d1-4d04-ae2c-f29f1154fe3b_d,46.41062,30.75553,326,
4b314a8c-c0d1-4d04-ae2c-f29f1154fe3b_d,46.40878,30.75563,328,
4b314a8c-c0d1-4d04-ae2c-f29f1154fe3b_d,46.40756,30.75564,330,
4b314a8c-c0d1-4d04-ae2c-f29f1154fe3b_d,46.40703,30.75566,332,
4b314a8c-c0d1-4d04-ae2c-f29f1154fe3b_d,46.40695,30.75579,334,
4b314a8c-c0d1-4d04-ae2c-f29f1154fe3b_d,46.40689,30.75565,336,
4b314a8c-c0d1-4d04-ae2c-f29f1154fe3b_d,46.40606,30.75519,338,
4b314a8c-c0d1-4d04-ae2c-f29f1154fe3b_d,46.40553,30.75494,340,
4b314a8c-c0d1-4d04-ae2c-f29f1154fe3b_d,46.4052,30.75477,342,
4b314a8c-c0d1-4d04-ae2c-f29f1154fe3b_d,46.40502,30.7546,344,
4b314a8c-c0d1-4d04-ae2c-f29f1154fe3b_d,46.40497,30.75434,346,
4b314a8c-c0d1-4d04-ae2c-f29f1154fe3b_d,46.40502,30.75413,348,
4b314a8c-c0d1-4d04-ae2c-f29f1154fe3b_d,46.40502646556556,30.754122734069824,350,
4b314a8c-c0d1-4d04-ae2c-f29f1154fe3b_d,46.40503,30.75412,355,
4b314a8c-c0d1-4d04-ae2c-f29f1154fe3b_d,46.40498,30.75396,357,
4b314a8c-c0d1-4d04-ae2c-f29f1154fe3b_d,46.4045,30.75043,359,
4b314a8c-c0d1-4d04-ae2c-f29f1154fe3b_d,46.40408,30.74704,361,
4b314a8c-c0d1-4d04-ae2c-f29f1154fe3b_d,46.4040831954031,30.74704170227051,363,
4b314a8c-c0d1-4d04-ae2c-f29f1154fe3b_d,46.40408,30.74704,368,
4b314a8c-c0d1-4d04-ae2c-f29f1154fe3b_d,46.404,30.74678,370,
4b314a8c-c0d1-4d04-ae2c-f29f1154fe3b_d,46.4039,30.74671,372,
4b314a8c-c0d1-4d04-ae2c-f29f1154fe3b_d,46.40378,30.74667,374,
4b314a8c-c0d1-4d04-ae2c-f29f1154fe3b_d,46.40291,30.74691,376,
4b314a8c-c0d1-4d04-ae2c-f29f1154fe3b_d,46.40244,30.74703,378,
4b314a8c-c0d1-4d04-ae2c-f29f1154fe3b_d,46.40224,30.74707,380,
4b314a8c-c0d1-4d04-ae2c-f29f1154fe3b_d,46.40209,30.74707,382,
4b314a8c-c0d1-4d04-ae2c-f29f1154fe3b_d,46.40208932754426,30.74708461761475,384,
4b314a8c-c0d1-4d04-ae2c-f29f1154fe3b_d,46.40209,30.74708,389,
4b314a8c-c0d1-4d04-ae2c-f29f1154fe3b_d,46.4019,30.74715,391,
4b314a8c-c0d1-4d04-ae2c-f29f1154fe3b_d,46.40165,30.74723,393,
4b314a8c-c0d1-4d04-ae2c-f29f1154fe3b_d,46.40143,30.74728,395,
4b314a8c-c0d1-4d04-ae2c-f29f1154fe3b_d,46.4012,30.74731,397,
4b314a8c-c0d1-4d04-ae2c-f29f1154fe3b_d,46.40031,30.74708,399,
4b314a8c-c0d1-4d04-ae2c-f29f1154fe3b_d,46.39983,30.74695,401,
4b314a8c-c0d1-4d04-ae2c-f29f1154fe3b_d,46.39954,30.74687,403,
4b314a8c-c0d1-4d04-ae2c-f29f1154fe3b_d,46.39943,30.74681,405,
4b314a8c-c0d1-4d04-ae2c-f29f1154fe3b_d,46.39944058890091,30.74678957462311,407,
4b314a8c-c0d1-4d04-ae2c-f29f1154fe3b_d,46.39944,30.74679,412,
4b314a8c-c0d1-4d04-ae2c-f29f1154fe3b_d,46.39928,30.74688,414,
4b314a8c-c0d1-4d04-ae2c-f29f1154fe3b_d,46.39913,30.74706,416,
4b314a8c-c0d1-4d04-ae2c-f29f1154fe3b_d,46.39867,30.7487,418,
4b314a8c-c0d1-4d04-ae2c-f29f1154fe3b_d,46.39838,30.74974,420,
4b314a8c-c0d1-4d04-ae2c-f29f1154fe3b_d,46.39833,30.74987,422,
4b314a8c-c0d1-4d04-ae2c-f29f1154fe3b_d,46.3983,30.74997,424,
4b314a8c-c0d1-4d04-ae2c-f29f1154fe3b_d,46.39824,30.75002,426,
4b314a8c-c0d1-4d04-ae2c-f29f1154fe3b_d,46.39809,30.75006,428,
4b314a8c-c0d1-4d04-ae2c-f29f1154fe3b_d,46.39795,30.74999,430,
4b314a8c-c0d1-4d04-ae2c-f29f1154fe3b_d,46.39781,30.74985,432,
4b314a8c-c0d1-4d04-ae2c-f29f1154fe3b_d,46.397816,30.749859,434,
4b314a8c-c0d1-4d04-ae2c-f29f1154fe3b_d,46.39782,30.74986,439,
4b314a8c-c0d1-4d04-ae2c-f29f1154fe3b_d,46.39611,30.74828,441,
4b314a8c-c0d1-4d04-ae2c-f29f1154fe3b_d,46.39555,30.74817,443,
4b314a8c-c0d1-4d04-ae2c-f29f1154fe3b_d,46.39527,30.74811,445,
4b314a8c-c0d1-4d04-ae2c-f29f1154fe3b_d,46.39515,30.74803,447,
4b314a8c-c0d1-4d04-ae2c-f29f1154fe3b_d,46.3951490634302,30.74803411960602,449,
4b314a8c-c0d1-4d04-ae2c-f29f1154fe3b_d,46.39515,30.74803,454,
4b314a8c-c0d1-4d04-ae2c-f29f1154fe3b_d,46.39499,30.74806,456,
4b314a8c-c0d1-4d04-ae2c-f29f1154fe3b_d,46.39377,30.74777,458,
4b314a8c-c0d1-4d04-ae2c-f29f1154fe3b_d,46.3934,30.74758,460,
4b314a8c-c0d1-4d04-ae2c-f29f1154fe3b_d,46.39312,30.74744,462,
4b314a8c-c0d1-4d04-ae2c-f29f1154fe3b_d,46.39257,30.74724,464,
4b314a8c-c0d1-4d04-ae2c-f29f1154fe3b_d,46.39204,30.74709,466,
4b314a8c-c0d1-4d04-ae2c-f29f1154fe3b_d,46.392049,30.747078,468,
4b314a8c-c0d1-4d04-ae2c-f29f1154fe3b_d,46.39205,30.74708,473,
4b314a8c-c0d1-4d04-ae2c-f29f1154fe3b_d,46.39184,30.7469,475,
4b314a8c-c0d1-4d04-ae2c-f29f1154fe3b_d,46.39165,30.74676,477,
4b314a8c-c0d1-4d04-ae2c-f29f1154fe3b_d,46.3914,30.74638,479,
4b314a8c-c0d1-4d04-ae2c-f29f1154fe3b_d,46.39123,30.74622,481,
4b314a8c-c0d1-4d04-ae2c-f29f1154fe3b_d,46.39114,30.74606,483,
4b314a8c-c0d1-4d04-ae2c-f29f1154fe3b_d,46.39107,30.7459,485,
4b314a8c-c0d1-4d04-ae2c-f29f1154fe3b_d,46.391,30.74579,487,
4b314a8c-c0d1-4d04-ae2c-f29f1154fe3b_d,46.39087,30.74569,489,
4b314a8c-c0d1-4d04-ae2c-f29f1154fe3b_d,46.39071,30.74566,491,
4b314a8c-c0d1-4d04-ae2c-f29f1154fe3b_d,46.39057,30.74565,493,
4b314a8c-c0d1-4d04-ae2c-f29f1154fe3b_d,46.3902,30.74574,495,
4b314a8c-c0d1-4d04-ae2c-f29f1154fe3b_d,46.38995,30.74576,497,
4b314a8c-c0d1-4d04-ae2c-f29f1154fe3b_d,46.38938,30.74599,499,
4b314a8c-c0d1-4d04-ae2c-f29f1154fe3b_d,46.389,30.74624,501,
4b314a8c-c0d1-4d04-ae2c-f29f1154fe3b_d,46.3888,30.74637,503,
4b314a8c-c0d1-4d04-ae2c-f29f1154fe3b_d,46.38758,30.74647,505,
4b314a8c-c0d1-4d04-ae2c-f29f1154fe3b_d,46.38698,30.74631,507,
4b314a8c-c0d1-4d04-ae2c-f29f1154fe3b_d,46.38661,30.74621,509,
4b314a8c-c0d1-4d04-ae2c-f29f1154fe3b_d,46.38651,30.74617,511,
4b314a8c-c0d1-4d04-ae2c-f29f1154fe3b_d,46.38644,30.7461,513,
4b314a8c-c0d1-4d04-ae2c-f29f1154fe3b_d,46.38643,30.74614,515,
4b314a8c-c0d1-4d04-ae2c-f29f1154fe3b_d,46.38643918897238,30.746161937713627,517,
4b314a8c-c0d1-4d04-ae2c-f29f1154fe3b_d,46.38644,30.74616,522,
4b314a8c-c0d1-4d04-ae2c-f29f1154fe3b_d,46.38645,30.74612,524,
4b314a8c-c0d1-4d04-ae2c-f29f1154fe3b_d,46.38625,30.74608,526,
4b314a8c-c0d1-4d04-ae2c-f29f1154fe3b_d,46.38611,30.74603,528,
4b314a8c-c0d1-4d04-ae2c-f29f1154fe3b_d,46.38558,30.74568,530,
4b314a8c-c0d1-4d04-ae2c-f29f1154fe3b_d,46.38514,30.74536,532,
4b314a8c-c0d1-4d04-ae2c-f29f1154fe3b_d,46.38484,30.7451,534,
4b314a8c-c0d1-4d04-ae2c-f29f1154fe3b_d,46.38463,30.7449,536,
4b314a8c-c0d1-4d04-ae2c-f29f1154fe3b_d,46.38369,30.74435,538,
4b314a8c-c0d1-4d04-ae2c-f29f1154fe3b_d,46.38317,30.74404,540,
4b314a8c-c0d1-4d04-ae2c-f29f1154fe3b_d,46.38285,30.74381,542,
4b314a8c-c0d1-4d04-ae2c-f29f1154fe3b_d,46.38285345448506,30.74381232261658,544,
4b314a8c-c0d1-4d04-ae2c-f29f1154fe3b_d,46.38285,30.74381,549,
4b314a8c-c0d1-4d04-ae2c-f29f1154fe3b_d,46.38262,30.74363,551,
4b314a8c-c0d1-4d04-ae2c-f29f1154fe3b_d,46.38194,30.74273,553,
4b314a8c-c0d1-4d04-ae2c-f29f1154fe3b_d,46.38106,30.74163,555,
4b314a8c-c0d1-4d04-ae2c-f29f1154fe3b_d,46.38105864857449,30.741629004478458,557,
4b314a8c-c0d1-4d04-ae2c-f29f1154fe3b_d,46.38106,30.74163,562,
4b314a8c-c0d1-4d04-ae2c-f29f1154fe3b_d,46.37934,30.73995,564,
4b314a8c-c0d1-4d04-ae2c-f29f1154fe3b_d,46.37937,30.7399,566,
4b314a8c-c0d1-4d04-ae2c-f29f1154fe3b_d,46.379367406333294,30.739901661872864,568,
4b314a8c-c0d1-4d04-ae2c-f29f1154fe3b_d,46.37937,30.7399,573,
4b314a8c-c0d1-4d04-ae2c-f29f1154fe3b_d,46.37934,30.73995,575,
4b314a8c-c0d1-4d04-ae2c-f29f1154fe3b_d,46.37757,30.73759,577,
4b314a8c-c0d1-4d04-ae2c-f29f1154fe3b_d,46.37759,30.73755,579,
4b314a8c-c0d1-4d04-ae2c-f29f1154fe3b_d,46.377590990459815,30.73755204677582,581,
4b314a8c-c0d1-4d04-ae2c-f29f1154fe3b_d,46.37759,30.73755,586,
4b314a8c-c0d1-4d04-ae2c-f29f1154fe3b_d,46.37757,30.73759,588,
4b314a8c-c0d1-4d04-ae2c-f29f1154fe3b_d,46.376,30.73547,590,
4b314a8c-c0d1-4d04-ae2c-f29f1154fe3b_d,46.37601,30.73546,592,
4b314a8c-c0d1-4d04-ae2c-f29f1154fe3b_d,46.37600697089882,30.735459923744205,594,
4b314a8c-c0d1-4d04-ae2c-f29f1154fe3b_d,46.37601,30.73546,599,
4b314a8c-c0d1-4d04-ae2c-f29f1154fe3b_d,46.376,30.73547,601,
4b314a8c-c0d1-4d04-ae2c-f29f1154fe3b_d,46.37486,30.73387,603,
4b314a8c-c0d1-4d04-ae2c-f29f1154fe3b_d,46.37411,30.73282,605,
4b314a8c-c0d1-4d04-ae2c-f29f1154fe3b_d,46.37374,30.73239,607,
4b314a8c-c0d1-4d04-ae2c-f29f1154fe3b_d,46.37373,30.73241,609,
4b314a8c-c0d1-4d04-ae2c-f29f1154fe3b_d,46.37373078757585,30.732407569885257,611,
4b314a8c-c0d1-4d04-ae2c-f29f1154fe3b_d,46.37373,30.73241,616,
4b314a8c-c0d1-4d04-ae2c-f29f1154fe3b_d,46.37374,30.73239,618,
4b314a8c-c0d1-4d04-ae2c-f29f1154fe3b_d,46.37241,30.7303,620,
4b314a8c-c0d1-4d04-ae2c-f29f1154fe3b_d,46.37241314867202,30.730304718017578,622,
4b314a8c-c0d1-4d04-ae2c-f29f1154fe3b_d,46.37241,30.7303,627,
4b314a8c-c0d1-4d04-ae2c-f29f1154fe3b_d,46.37199,30.72967,629,
4b314a8c-c0d1-4d04-ae2c-f29f1154fe3b_d,46.37188,30.72947,631,
4b314a8c-c0d1-4d04-ae2c-f29f1154fe3b_d,46.37179,30.72927,633,
4b314a8c-c0d1-4d04-ae2c-f29f1154fe3b_d,46.37182,30.72906,635,
4b314a8c-c0d1-4d04-ae2c-f29f1154fe3b_d,46.37186,30.72887,637,
4b314a8c-c0d1-4d04-ae2c-f29f1154fe3b_d,46.37187,30.72859,639,
4b314a8c-c0d1-4d04-ae2c-f29f1154fe3b_d,46.37184,30.72845,641,
4b314a8c-c0d1-4d04-ae2c-f29f1154fe3b_d,46.37175,30.72834,643,
4b314a8c-c0d1-4d04-ae2c-f29f1154fe3b_d,46.37165,30.72832,645,
4b314a8c-c0d1-4d04-ae2c-f29f1154fe3b_d,46.37155,30.72837,647,
4b314a8c-c0d1-4d04-ae2c-f29f1154fe3b_d,46.37145,30.72845,649,
4b314a8c-c0d1-4d04-ae2c-f29f1154fe3b_d,46.37136,30.72859,651,
4b314a8c-c0d1-4d04-ae2c-f29f1154fe3b_d,46.371373,30.728602,653,
17824944-8d79-4556-a07f-3a39373c36c1_r,46.46684719166548,30.745904445648197,1,
17824944-8d79-4556-a07f-3a39373c36c1_r,46.46682,30.74582,6,
17824944-8d79-4556-a07f-3a39373c36c1_r,46.46688,30.74592,8,
17824944-8d79-4556-a07f-3a39373c36c1_r,46.46671,30.74601,10,
17824944-8d79-4556-a07f-3a39373c36c1_r,46.4662,30.74601,12,
17824944-8d79-4556-a07f-3a39373c36c1_r,46.46474,30.74573,14,
17824944-8d79-4556-a07f-3a39373c36c1_r,46.46446,30.74578,16,
17824944-8d79-4556-a07f-3a39373c36c1_r,46.46425,30.74583,18,
17824944-8d79-4556-a07f-3a39373c36c1_r,46.46406,30.74582,20,
17824944-8d79-4556-a07f-3a39373c36c1_r,46.46272,30.74561,22,
17824944-8d79-4556-a07f-3a39373c36c1_r,46.46146,30.74541,24,
17824944-8d79-4556-a07f-3a39373c36c1_r,46.46138,30.74533,26,
17824944-8d79-4556-a07f-3a39373c36c1_r,46.46137,30.74538,28,
17824944-8d79-4556-a07f-3a39373c36c1_r,46.46137481025017,30.74536800384522,30,
17824944-8d79-4556-a07f-3a39373c36c1_r,46.46137,30.74537,35,
17824944-8d79-4556-a07f-3a39373c36c1_r,46.46138,30.74532,37,
17824944-8d79-4556-a07f-3a39373c36c1_r,46.46126,30.74536,39,
17824944-8d79-4556-a07f-3a39373c36c1_r,46.46099,30.74533,41,
17824944-8d79-4556-a07f-3a39373c36c1_r,46.46045,30.74522,43,
17824944-8d79-4556-a07f-3a39373c36c1_r,46.45941,30.74507,45,
17824944-8d79-4556-a07f-3a39373c36c1_r,46.45843,30.74491,47,
17824944-8d79-4556-a07f-3a39373c36c1_r,46.4579,30.74484,49,
17824944-8d79-4556-a07f-3a39373c36c1_r,46.45729,30.74475,51,
17824944-8d79-4556-a07f-3a39373c36c1_r,46.45684,30.74467,53,
17824944-8d79-4556-a07f-3a39373c36c1_r,46.45661,30.7447,55,
17824944-8d79-4556-a07f-3a39373c36c1_r,46.45648,30.74476,57,
17824944-8d79-4556-a07f-3a39373c36c1_r,46.45637,30.74484,59,
17824944-8d79-4556-a07f-3a39373c36c1_r,46.45624,30.74493,61,
17824944-8d79-4556-a07f-3a39373c36c1_r,46.45615,30.74502,63,
17824944-8d79-4556-a07f-3a39373c36c1_r,46.45606,30.7451,65,
17824944-8d79-4556-a07f-3a39373c36c1_r,46.45594,30.74514,67,
17824944-8d79-4556-a07f-3a39373c36c1_r,46.45584,30.74519,69,
17824944-8d79-4556-a07f-3a39373c36c1_r,46.45574,30.74522,71,
17824944-8d79-4556-a07f-3a39373c36c1_r,46.45557,30.74525,73,
17824944-8d79-4556-a07f-3a39373c36c1_r,46.45543,30.74524,75,
17824944-8d79-4556-a07f-3a39373c36c1_r,46.45526,30.74521,77,
17824944-8d79-4556-a07f-3a39373c36c1_r,46.45516,30.74516,79,
17824944-8d79-4556-a07f-3a39373c36c1_r,46.45502,30.7451,81,
17824944-8d79-4556-a07f-3a39373c36c1_r,46.45487,30.74498,83,
17824944-8d79-4556-a07f-3a39373c36c1_r,46.45476,30.74486,85,
17824944-8d79-4556-a07f-3a39373c36c1_r,46.45461,30.74454,87,
17824944-8d79-4556-a07f-3a39373c36c1_r,46.45444,30.7441,89,
17824944-8d79-4556-a07f-3a39373c36c1_r,46.4543,30.74375,91,
17824944-8d79-4556-a07f-3a39373c36c1_r,46.45424,30.7435,93,
17824944-8d79-4556-a07f-3a39373c36c1_r,46.45423,30.74352,95,
17824944-8d79-4556-a07f-3a39373c36c1_r,46.45423143491319,30.74353873729706,97,
17824944-8d79-4556-a07f-3a39373c36c1_r,46.45425,30.74351,102,
17824944-8d79-4556-a07f-3a39373c36c1_r,46.45426,30.74349,104,
17824944-8d79-4556-a07f-3a39373c36c1_r,46.45415,30.74329,106,
17824944-8d79-4556-a07f-3a39373c36c1_r,46.45379,30.74234,108,
17824944-8d79-4556-a07f-3a39373c36c1_r,46.45271,30.73946,110,
17824944-8d79-4556-a07f-3a39373c36c1_r,46.452642248314376,30.739386677742008,112,
17824944-8d79-4556-a07f-3a39373c36c1_r,46.45271,30.73946,117,
17824944-8d79-4556-a07f-3a39373c36c1_r,46.45259,30.73923,119,
17824944-8d79-4556-a07f-3a39373c36c1_r,46.45249,30.73907,121,
17824944-8d79-4556-a07f-3a39373c36c1_r,46.45235,30.73889,123,
17824944-8d79-4556-a07f-3a39373c36c1_r,46.45222,30.73878,125,
17824944-8d79-4556-a07f-3a39373c36c1_r,46.45212,30.73871,127,
17824944-8d79-4556-a07f-3a39373c36c1_r,46.45201,30.73866,129,
17824944-8d79-4556-a07f-3a39373c36c1_r,46.45193,30.73862,131,
17824944-8d79-4556-a07f-3a39373c36c1_r,46.45183,30.73859,133,
17824944-8d79-4556-a07f-3a39373c36c1_r,46.45169,30.73858,135,
17824944-8d79-4556-a07f-3a39373c36c1_r,46.45158,30.73862,137,
17824944-8d79-4556-a07f-3a39373c36c1_r,46.45075,30.739,139,
17824944-8d79-4556-a07f-3a39373c36c1_r,46.44998,30.73936,141,
17824944-8d79-4556-a07f-3a39373c36c1_r,46.449966396803106,30.73936522006989,143,
17824944-8d79-4556-a07f-3a39373c36c1_r,46.44997,30.73937,148,
17824944-8d79-4556-a07f-3a39373c36c1_r,46.44849,30.74016,150,
17824944-8d79-4556-a07f-3a39373c36c1_r,46.44704,30.74091,152,
17824944-8d79-4556-a07f-3a39373c36c1_r,46.44703537543737,30.740904808044437,154,
17824944-8d79-4556-a07f-3a39373c36c1_r,46.44704,30.7409,159,
17824944-8d79-4556-a07f-3a39373c36c1_r,46.44373,30.74265,161,
17824944-8d79-4556-a07f-3a39373c36c1_r,46.44372716060841,30.742658972740177,163,
17824944-8d79-4556-a07f-3a39373c36c1_r,46.44373,30.74266,168,
17824944-8d79-4556-a07f-3a39373c36c1_r,46.43827,30.74548,170,
17824944-8d79-4556-a07f-3a39373c36c1_r,46.43829681720108,30.745507478713993,172,
17824944-8d79-4556-a07f-3a39373c36c1_r,46.43827,30.74548,177,
17824944-8d79-4556-a07f-3a39373c36c1_r,46.43811,30.74558,179,
17824944-8d79-4556-a07f-3a39373c36c1_r,46.43789,30.7457,181,
17824944-8d79-4556-a07f-3a39373c36c1_r,46.43738,30.74596,183,
17824944-8d79-4556-a07f-3a39373c36c1_r,46.4336,30.74793,185,
17824944-8d79-4556-a07f-3a39373c36c1_r,46.433597968988664,30.747926831245426,187,
17824944-8d79-4556-a07f-3a39373c36c1_r,46.4336,30.74793,192,
17824944-8d79-4556-a07f-3a39373c36c1_r,46.4323,30.74864,194,
17824944-8d79-4556-a07f-3a39373c36c1_r,46.43099,30.74932,196,
17824944-8d79-4556-a07f-3a39373c36c1_r,46.430984036191035,30.74932157993317,198,
17824944-8d79-4556-a07f-3a39373c36c1_r,46.43098,30.74932,203,
17824944-8d79-4556-a07f-3a39373c36c1_r,46.42738,30.75128,205,
17824944-8d79-4556-a07f-3a39373c36c1_r,46.42738274098374,30.75128495693207,207,
17824944-8d79-4556-a07f-3a39373c36c1_r,46.42738,30.75128,212,
17824944-8d79-4556-a07f-3a39373c36c1_r,46.42498,30.75259,214,
17824944-8d79-4556-a07f-3a39373c36c1_r,46.42317,30.75329,216,
17824944-8d79-4556-a07f-3a39373c36c1_r,46.42316737044426,30.75329124927521,218,
17824944-8d79-4556-a07f-3a39373c36c1_r,46.42317,30.75329,223,
17824944-8d79-4556-a07f-3a39373c36c1_r,46.42254,30.75351,225,
17824944-8d79-4556-a07f-3a39373c36c1_r,46.42192,30.75375,227,
17824944-8d79-4556-a07f-3a39373c36c1_r,46.42126,30.75401,229,
17824944-8d79-4556-a07f-3a39373c36c1_r,46.42106,30.75409,231,
17824944-8d79-4556-a07f-3a39373c36c1_r,46.42083,30.75417,233,
17824944-8d79-4556-a07f-3a39373c36c1_r,46.42069,30.7542,235,
17824944-8d79-4556-a07f-3a39373c36c1_r,46.4206,30.75422,237,
17824944-8d79-4556-a07f-3a39373c36c1_r,46.42046,30.7541,239,
17824944-8d79-4556-a07f-3a39373c36c1_r,46.42019,30.75374,241,
17824944-8d79-4556-a07f-3a39373c36c1_r,46.42018313478041,30.753725767135624,243,
17824944-8d79-4556-a07f-3a39373c36c1_r,46.42018,30.75373,248,
17824944-8d79-4556-a07f-3a39373c36c1_r,46.41996,30.75353,250,
17824944-8d79-4556-a07f-3a39373c36c1_r,46.41984,30.75345,252,
17824944-8d79-4556-a07f-3a39373c36c1_r,46.41973,30.75338,254,
17824944-8d79-4556-a07f-3a39373c36c1_r,46.41957,30.7533,256,
17824944-8d79-4556-a07f-3a39373c36c1_r,46.41914,30.75324,258,
17824944-8d79-4556-a07f-3a39373c36c1_r,46.41841,30.7531,260,
17824944-8d79-4556-a07f-3a39373c36c1_r,46.41821,30.75309,262,
17824944-8d79-4556-a07f-3a39373c36c1_r,46.418,30.75304,264,
17824944-8d79-4556-a07f-3a39373c36c1_r,46.41785,30.75292,266,
17824944-8d79-4556-a07f-3a39373c36c1_r,46.4175,30.7526,268,
17824944-8d79-4556-a07f-3a39373c36c1_r,46.41725,30.75237,270,
17824944-8d79-4556-a07f-3a39373c36c1_r,46.41701,30.75218,272,
17824944-8d79-4556-a07f-3a39373c36c1_r,46.41684,30.75207,274,
17824944-8d79-4556-a07f-3a39373c36c1_r,46.41667,30.75203,276,
17824944-8d79-4556-a07f-3a39373c36c1_r,46.41656,30.75199,278,
17824944-8d79-4556-a07f-3a39373c36c1_r,46.41636,30.75205,280,
17824944-8d79-4556-a07f-3a39373c36c1_r,46.41619,30.75216,282,
17824944-8d79-4556-a07f-3a39373c36c1_r,46.41605,30.75226,284,
17824944-8d79-4556-a07f-3a39373c36c1_r,46.41568,30.7526,286,
17824944-8d79-4556-a07f-3a39373c36c1_r,46.41503,30.75319,288,
17824944-8d79-4556-a07f-3a39373c36c1_r,46.41472,30.75352,290,
17824944-8d79-4556-a07f-3a39373c36c1_r,46.41459,30.75364,292,
17824944-8d79-4556-a07f-3a39373c36c1_r,46.41445,30.75373,294,
17824944-8d79-4556-a07f-3a39373c36c1_r,46.414436079584654,30.753736495971683,296,
17824944-8d79-4556-a07f-3a39373c36c1_d,46.41104314885295,30.755329803575314,1,
17824944-8d79-4556-a07f-3a39373c36c1_d,46.41104,30.75533,6,
17824944-8d79-4556-a07f-3a39373c36c1_d,46.41114,30.75537,8,
17824944-8d79-4556-a07f-3a39373c36c1_d,46.41123,30.75546,10,
17824944-8d79-4556-a07f-3a39373c36c1_d,46.41134,30.75551,12,
17824944-8d79-4556-a07f-3a39373c36c1_d,46.41338,30.75551,14,
17824944-8d79-4556-a07f-3a39373c36c1_d,46.41353,30.75549,16,
17824944-8d79-4556-a07f-3a39373c36c1_d,46.41371,30.75541,18,
17824944-8d79-4556-a07f-3a39373c36c1_d,46.413700777401516,30.755433378733766,20,
17824944-8d79-4556-a07f-3a39373c36c1_d,46.4137,30.75543,25,
17824944-8d79-4556-a07f-3a39373c36c1_d,46.41377,30.75539,27,
17824944-8d79-4556-a07f-3a39373c36c1_d,46.41389,30.75525,29,
17824944-8d79-4556-a07f-3a39373c36c1_d,46.41436,30.75401,31,
17824944-8d79-4556-a07f-3a39373c36c1_d,46.41505,30.75321,33,
17824944-8d79-4556-a07f-3a39373c36c1_d,46.41567,30.75261,35,
17824944-8d79-4556-a07f-3a39373c36c1_d,46.41603,30.75229,37,
17824944-8d79-4556-a07f-3a39373c36c1_d,46.41618,30.75219,39,
17824944-8d79-4556-a07f-3a39373c36c1_d,46.41635,30.75211,41,
17824944-8d79-4556-a07f-3a39373c36c1_d,46.41657,30.75203,43,
17824944-8d79-4556-a07f-3a39373c36c1_d,46.41687,30.75208,45,
17824944-8d79-4556-a07f-3a39373c36c1_d,46.41722,30.75238,47,
17824944-8d79-4556-a07f-3a39373c36c1_d,46.41747,30.75262,49,
17824944-8d79-4556-a07f-3a39373c36c1_d,46.41784,30.75297,51,
17824944-8d79-4556-a07f-3a39373c36c1_d,46.418,30.75307,53,
17824944-8d79-4556-a07f-3a39373c36c1_d,46.41842,30.75323,55,
17824944-8d79-4556-a07f-3a39373c36c1_d,46.41962,30.75342,57,
17824944-8d79-4556-a07f-3a39373c36c1_d,46.41975,30.75349,59,
17824944-8d79-4556-a07f-3a39373c36c1_d,46.42037,30.75407,61,
17824944-8d79-4556-a07f-3a39373c36c1_d,46.42054,30.75418,63,
17824944-8d79-4556-a07f-3a39373c36c1_d,46.42079,30.75422,65,
17824944-8d79-4556-a07f-3a39373c36c1_d,46.42096,30.75418,67,
17824944-8d79-4556-a07f-3a39373c36c1_d,46.42098560330124,30.754181742668155,69,
17824944-8d79-4556-a07f-3a39373c36c1_d,46.42099,30.75418,74,
17824944-8d79-4556-a07f-3a39373c36c1_d,46.42139,30.75398,76,
17824944-8d79-4556-a07f-3a39373c36c1_d,46.42207,30.75372,78,
17824944-8d79-4556-a07f-3a39373c36c1_d,46.42317,30.75329,80,
17824944-8d79-4556-a07f-3a39373c36c1_d,46.42316737044426,30.75329124927521,82,
17824944-8d79-4556-a07f-3a39373c36c1_d,46.42317,30.75329,87,
17824944-8d79-4556-a07f-3a39373c36c1_d,46.42505,30.75259,89,
17824944-8d79-4556-a07f-3a39373c36c1_d,46.42692,30.75162,91,
17824944-8d79-4556-a07f-3a39373c36c1_d,46.426920545212866,30.751622915267948,93,
17824944-8d79-4556-a07f-3a39373c36c1_d,46.42692,30.75162,98,
17824944-8d79-4556-a07f-3a39373c36c1_d,46.43063,30.74963,100,
17824944-8d79-4556-a07f-3a39373c36c1_d,46.43062539630988,30.749632716178898,102,
17824944-8d79-4556-a07f-3a39373c36c1_d,46.43063,30.74963,107,
17824944-8d79-4556-a07f-3a39373c36c1_d,46.43357,30.74807,109,
17824944-8d79-4556-a07f-3a39373c36c1_d,46.43357208908041,30.7480663061142,111,
17824944-8d79-4556-a07f-3a39373c36c1_d,46.43357,30.74807,116,
17824944-8d79-4556-a07f-3a39373c36c1_d,46.4355,30.74706,118,
17824944-8d79-4556-a07f-3a39373c36c1_d,46.43742,30.74606,120,
17824944-8d79-4556-a07f-3a39373c36c1_d,46.43742066616531,30.74606001377106,122,
17824944-8d79-4556-a07f-3a39373c36c1_d,46.43742,30.74606,127,
17824944-8d79-4556-a07f-3a39373c36c1_d,46.44332,30.74296,129,
17824944-8d79-4556-a07f-3a39373c36c1_d,46.443320550509064,30.742932558059696,131,
17824944-8d79-4556-a07f-3a39373c36c1_d,46.44332,30.74296,136,
17824944-8d79-4556-a07f-3a39373c36c1_d,46.44681,30.74115,138,
17824944-8d79-4556-a07f-3a39373c36c1_d,46.44680620949006,30.741151571273807,140,
17824944-8d79-4556-a07f-3a39373c36c1_d,46.44681,30.74115,145,
17824944-8d79-4556-a07f-3a39373c36c1_d,46.44968,30.73964,147,
17824944-8d79-4556-a07f-3a39373c36c1_d,46.449681802651035,30.739638805389408,149,
17824944-8d79-4556-a07f-3a39373c36c1_d,46.44968,30.73964,154,
17824944-8d79-4556-a07f-3a39373c36c1_d,46.45102,30.7389,156,
17824944-8d79-4556-a07f-3a39373c36c1_d,46.45115,30.7388,158,
17824944-8d79-4556-a07f-3a39373c36c1_d,46.45134,30.73872,160,
17824944-8d79-4556-a07f-3a39373c36c1_d,46.45156,30.73865,162,
17824944-8d79-4556-a07f-3a39373c36c1_d,46.45174,30.73863,164,
17824944-8d79-4556-a07f-3a39373c36c1_d,46.45192,30.7387,166,
17824944-8d79-4556-a07f-3a39373c36c1_d,46.451888292406686,30.738678574562076,168,
17824944-8d79-4556-a07f-3a39373c36c1_d,46.4519,30.73871,173,
17824944-8d79-4556-a07f-3a39373c36c1_d,46.45211,30.7388,175,
17824944-8d79-4556-a07f-3a39373c36c1_d,46.45226,30.7389,177,
17824944-8d79-4556-a07f-3a39373c36c1_d,46.45236,30.73901,179,
17824944-8d79-4556-a07f-3a39373c36c1_d,46.45244,30.73912,181,
17824944-8d79-4556-a07f-3a39373c36c1_d,46.45253,30.73924,183,
17824944-8d79-4556-a07f-3a39373c36c1_d,46.4526,30.73939,185,
17824944-8d79-4556-a07f-3a39373c36c1_d,46.45458,30.74455,187,
17824944-8d79-4556-a07f-3a39373c36c1_d,46.45475,30.74485,189,
17824944-8d79-4556-a07f-3a39373c36c1_d,46.45498,30.74505,191,
17824944-8d79-4556-a07f-3a39373c36c1_d,46.45524,30.74518,193,
17824944-8d79-4556-a07f-3a39373c36c1_d,46.45556,30.74526,195,
17824944-8d79-4556-a07f-3a39373c36c1_d,46.455550794135775,30.745266079902652,197,
17824944-8d79-4556-a07f-3a39373c36c1_d,46.45555,30.74527,202,
17824944-8d79-4556-a07f-3a39373c36c1_d,46.45592,30.74528,204,
17824944-8d79-4556-a07f-3a39373c36c1_d,46.45625,30.74518,206,
17824944-8d79-4556-a07f-3a39373c36c1_d,46.45658,30.74505,208,
17824944-8d79-4556-a07f-3a39373c36c1_d,46.45697,30.74494,210,
17824944-8d79-4556-a07f-3a39373c36c1_d,46.4573,30.74488,212,
17824944-8d79-4556-a07f-3a39373c36c1_d,46.46106,30.74538,214,
17824944-8d79-4556-a07f-3a39373c36c1_d,46.46106071359854,30.745384097099308,216,
17824944-8d79-4556-a07f-3a39373c36c1_d,46.46106,30.74538,221,
17824944-8d79-4556-a07f-3a39373c36c1_d,46.46415,30.74588,223,
17824944-8d79-4556-a07f-3a39373c36c1_d,46.46436,30.74585,225,
17824944-8d79-4556-a07f-3a39373c36c1_d,46.46452,30.74579,227,
17824944-8d79-4556-a07f-3a39373c36c1_d,46.46491,30.7458,229,
17824944-8d79-4556-a07f-3a39373c36c1_d,46.46609,30.746,231,
17824944-8d79-4556-a07f-3a39373c36c1_d,46.46668,30.74608,233,
17824944-8d79-4556-a07f-3a39373c36c1_d,46.46687,30.74603,235,
17824944-8d79-4556-a07f-3a39373c36c1_d,46.46704,30.74595,237,
17824944-8d79-4556-a07f-3a39373c36c1_d,46.46711,30.74598,239,
17824944-8d79-4556-a07f-3a39373c36c1_d,46.46714,30.74609,241,
17824944-8d79-4556-a07f-3a39373c36c1_d,46.467139,30.746092,243,
cb12e0f6-9943-4b52-841d-8a02614cf762_r,46.33479522227372,30.666591525077823,1,
cb12e0f6-9943-4b52-841d-8a02614cf762_r,46.33471,30.6668,6,
cb12e0f6-9943-4b52-841d-8a02614cf762_r,46.33855,30.6696,8,
cb12e0f6-9943-4b52-841d-8a02614cf762_r,46.33887,30.66988,10,
cb12e0f6-9943-4b52-841d-8a02614cf762_r,46.33907,30.67005,12,
cb12e0f6-9943-4b52-841d-8a02614cf762_r,46.33937,30.67039,14,
cb12e0f6-9943-4b52-841d-8a02614cf762_r,46.34074,30.67193,16,
cb12e0f6-9943-4b52-841d-8a02614cf762_r,46.34073583667539,30.67192912101746,18,
cb12e0f6-9943-4b52-841d-8a02614cf762_r,46.34074,30.67193,23,
cb12e0f6-9943-4b52-841d-8a02614cf762_r,46.34218,30.67366,25,
cb12e0f6-9943-4b52-841d-8a02614cf762_r,46.342220889432596,30.6736296415329,27,
cb12e0f6-9943-4b52-841d-8a02614cf762_r,46.34218,30.67366,32,
cb12e0f6-9943-4b52-841d-8a02614cf762_r,46.34655,30.679,34,
cb12e0f6-9943-4b52-841d-8a02614cf762_r,46.34654990280985,30.678999423980716,36,
cb12e0f6-9943-4b52-841d-8a02614cf762_r,46.34655,30.679,41,
cb12e0f6-9943-4b52-841d-8a02614cf762_r,46.34866,30.68155,43,
cb12e0f6-9943-4b52-841d-8a02614cf762_r,46.34894,30.68191,45,
cb12e0f6-9943-4b52-841d-8a02614cf762_r,46.34912,30.68224,47,
cb12e0f6-9943-4b52-841d-8a02614cf762_r,46.34922,30.68256,49,
cb12e0f6-9943-4b52-841d-8a02614cf762_r,46.34931,30.6829,51,
cb12e0f6-9943-4b52-841d-8a02614cf762_r,46.34937,30.6834,53,
cb12e0f6-9943-4b52-841d-8a02614cf762_r,46.34941,30.68391,55,
cb12e0f6-9943-4b52-841d-8a02614cf762_r,46.34961,30.69183,57,
cb12e0f6-9943-4b52-841d-8a02614cf762_r,46.3496270340602,30.69183111190796,59,
cb12e0f6-9943-4b52-841d-8a02614cf762_r,46.3496,30.69183,64,
cb12e0f6-9943-4b52-841d-8a02614cf762_r,46.34959,30.69404,66,
cb12e0f6-9943-4b52-841d-8a02614cf762_r,46.34981,30.69658,68,
cb12e0f6-9943-4b52-841d-8a02614cf762_r,46.34963,30.6966,70,
cb12e0f6-9943-4b52-841d-8a02614cf762_r,46.34975292984501,30.696551799774173,72,
cb12e0f6-9943-4b52-841d-8a02614cf762_r,46.34963,30.6966,77,
cb12e0f6-9943-4b52-841d-8a02614cf762_r,46.34981,30.69658,79,
cb12e0f6-9943-4b52-841d-8a02614cf762_r,46.34998,30.70077,81,
cb12e0f6-9943-4b52-841d-8a02614cf762_r,46.34998,30.7011,83,
cb12e0f6-9943-4b52-841d-8a02614cf762_r,46.34998,30.70128,85,
cb12e0f6-9943-4b52-841d-8a02614cf762_r,46.34999,30.70178,87,
cb12e0f6-9943-4b52-841d-8a02614cf762_r,46.34986,30.70197,89,
cb12e0f6-9943-4b52-841d-8a02614cf762_r,46.34990104216177,30.701953768730164,91,
cb12e0f6-9943-4b52-841d-8a02614cf762_r,46.34986,30.70196,96,
cb12e0f6-9943-4b52-841d-8a02614cf762_r,46.34999,30.70194,98,
cb12e0f6-9943-4b52-841d-8a02614cf762_r,46.35003,30.70219,100,
cb12e0f6-9943-4b52-841d-8a02614cf762_r,46.3501,30.70235,102,
cb12e0f6-9943-4b52-841d-8a02614cf762_r,46.3502,30.7024,104,
cb12e0f6-9943-4b52-841d-8a02614cf762_r,46.35036,30.70243,106,
cb12e0f6-9943-4b52-841d-8a02614cf762_r,46.35066,30.70245,108,
cb12e0f6-9943-4b52-841d-8a02614cf762_r,46.35444,30.70226,110,
cb12e0f6-9943-4b52-841d-8a02614cf762_r,46.35644,30.70214,112,
cb12e0f6-9943-4b52-841d-8a02614cf762_r,46.35744,30.70207,114,
cb12e0f6-9943-4b52-841d-8a02614cf762_r,46.35807,30.70208,116,
cb12e0f6-9943-4b52-841d-8a02614cf762_r,46.35817,30.70202,118,
cb12e0f6-9943-4b52-841d-8a02614cf762_r,46.35818,30.70201,120,
cb12e0f6-9943-4b52-841d-8a02614cf762_r,46.358165073402404,30.702018141746525,122,
cb12e0f6-9943-4b52-841d-8a02614cf762_r,46.35817,30.70202,127,
cb12e0f6-9943-4b52-841d-8a02614cf762_r,46.35826,30.70203,129,
cb12e0f6-9943-4b52-841d-8a02614cf762_r,46.35836,30.70201,131,
cb12e0f6-9943-4b52-841d-8a02614cf762_r,46.35856,30.70203,133,
cb12e0f6-9943-4b52-841d-8a02614cf762_r,46.3589,30.70207,135,
cb12e0f6-9943-4b52-841d-8a02614cf762_r,46.35924,30.70208,137,
cb12e0f6-9943-4b52-841d-8a02614cf762_r,46.35958,30.70207,139,
cb12e0f6-9943-4b52-841d-8a02614cf762_r,46.36028,30.70209,141,
cb12e0f6-9943-4b52-841d-8a02614cf762_r,46.36106,30.70213,143,
cb12e0f6-9943-4b52-841d-8a02614cf762_r,46.36106,30.70211,145,
cb12e0f6-9943-4b52-841d-8a02614cf762_r,46.361067790299586,30.702114688025578,147,
cb12e0f6-9943-4b52-841d-8a02614cf762_r,46.36107,30.70211,152,
cb12e0f6-9943-4b52-841d-8a02614cf762_r,46.36107,30.70213,154,
cb12e0f6-9943-4b52-841d-8a02614cf762_r,46.36115,30.70213,156,
cb12e0f6-9943-4b52-841d-8a02614cf762_r,46.36203,30.70213,158,
cb12e0f6-9943-4b52-841d-8a02614cf762_r,46.36413,30.70201,160,
cb12e0f6-9943-4b52-841d-8a02614cf762_r,46.36427,30.70202,162,
cb12e0f6-9943-4b52-841d-8a02614cf762_r,46.36436,30.70204,164,
cb12e0f6-9943-4b52-841d-8a02614cf762_r,46.36449,30.70206,166,
cb12e0f6-9943-4b52-841d-8a02614cf762_r,46.36461,30.70212,168,
cb12e0f6-9943-4b52-841d-8a02614cf762_r,46.36472,30.70217,170,
cb12e0f6-9943-4b52-841d-8a02614cf762_r,46.36482,30.70219,172,
cb12e0f6-9943-4b52-841d-8a02614cf762_r,46.3648204,30.7021946,174,
cb12e0f6-9943-4b52-841d-8a02614cf762_r,46.36482,30.70219,179,
cb12e0f6-9943-4b52-841d-8a02614cf762_r,46.36502,30.70224,181,
cb12e0f6-9943-4b52-841d-8a02614cf762_r,46.36552,30.70225,183,
cb12e0f6-9943-4b52-841d-8a02614cf762_r,46.36603,30.70223,185,
cb12e0f6-9943-4b52-841d-8a02614cf762_r,46.36688,30.70226,187,
cb12e0f6-9943-4b52-841d-8a02614cf762_r,46.36766,30.70224,189,
cb12e0f6-9943-4b52-841d-8a02614cf762_r,46.36793,30.70222,191,
cb12e0f6-9943-4b52-841d-8a02614cf762_r,46.36865,30.70221,193,
cb12e0f6-9943-4b52-841d-8a02614cf762_r,46.36942,30.70221,195,
cb12e0f6-9943-4b52-841d-8a02614cf762_r,46.36979,30.7022,197,
cb12e0f6-9943-4b52-841d-8a02614cf762_r,46.37006,30.70222,199,
cb12e0f6-9943-4b52-841d-8a02614cf762_r,46.37061,30.70221,201,
cb12e0f6-9943-4b52-841d-8a02614cf762_r,46.37092,30.70221,203,
cb12e0f6-9943-4b52-841d-8a02614cf762_r,46.3709181,30.7022066,205,
cb12e0f6-9943-4b52-841d-8a02614cf762_r,46.37092,30.70221,210,
cb12e0f6-9943-4b52-841d-8a02614cf762_r,46.37187,30.70217,212,
cb12e0f6-9943-4b52-841d-8a02614cf762_r,46.37236,30.70222,214,
cb12e0f6-9943-4b52-841d-8a02614cf762_r,46.3728,30.70233,216,
cb12e0f6-9943-4b52-841d-8a02614cf762_r,46.37324,30.70254,218,
cb12e0f6-9943-4b52-841d-8a02614cf762_r,46.37362,30.70278,220,
cb12e0f6-9943-4b52-841d-8a02614cf762_r,46.37387,30.70298,222,
cb12e0f6-9943-4b52-841d-8a02614cf762_r,46.37408,30.70317,224,
cb12e0f6-9943-4b52-841d-8a02614cf762_r,46.37434,30.70347,226,
cb12e0f6-9943-4b52-841d-8a02614cf762_r,46.37442,30.70362,228,
cb12e0f6-9943-4b52-841d-8a02614cf762_r,46.374431,30.703615,230,
cb12e0f6-9943-4b52-841d-8a02614cf762_r,46.37443,30.70362,235,
cb12e0f6-9943-4b52-841d-8a02614cf762_r,46.37702,30.70699,237,
cb12e0f6-9943-4b52-841d-8a02614cf762_r,46.37837,30.70882,239,
cb12e0f6-9943-4b52-841d-8a02614cf762_r,46.37949,30.71035,241,
cb12e0f6-9943-4b52-841d-8a02614cf762_r,46.37957,30.71052,243,
cb12e0f6-9943-4b52-841d-8a02614cf762_r,46.37955,30.71054,245,
cb12e0f6-9943-4b52-841d-8a02614cf762_r,46.37957465108732,30.710477828979496,247,
cb12e0f6-9943-4b52-841d-8a02614cf762_r,46.37955,30.71053,252,
cb12e0f6-9943-4b52-841d-8a02614cf762_r,46.37957,30.71051,254,
cb12e0f6-9943-4b52-841d-8a02614cf762_r,46.37966,30.71058,256,
cb12e0f6-9943-4b52-841d-8a02614cf762_r,46.37977,30.71071,258,
cb12e0f6-9943-4b52-841d-8a02614cf762_r,46.38068,30.71198,260,
cb12e0f6-9943-4b52-841d-8a02614cf762_r,46.38186,30.71357,262,
cb12e0f6-9943-4b52-841d-8a02614cf762_r,46.38208,30.71386,264,
cb12e0f6-9943-4b52-841d-8a02614cf762_r,46.38214,30.71396,266,
cb12e0f6-9943-4b52-841d-8a02614cf762_r,46.38224,30.7141,268,
cb12e0f6-9943-4b52-841d-8a02614cf762_r,46.38232,30.71422,270,
cb12e0f6-9943-4b52-841d-8a02614cf762_r,46.38242,30.71439,272,
cb12e0f6-9943-4b52-841d-8a02614cf762_r,46.38251,30.71455,274,
cb12e0f6-9943-4b52-841d-8a02614cf762_r,46.38257,30.71467,276,
cb12e0f6-9943-4b52-841d-8a02614cf762_r,46.38268,30.71484,278,
cb12e0f6-9943-4b52-841d-8a02614cf762_r,46.38234,30.71491,280,
cb12e0f6-9943-4b52-841d-8a02614cf762_r,46.382342773448215,30.7149088382721,282,
cb12e0f6-9943-4b52-841d-8a02614cf762_r,46.38234,30.71491,287,
cb12e0f6-9943-4b52-841d-8a02614cf762_r,46.38268,30.71485,289,
cb12e0f6-9943-4b52-841d-8a02614cf762_r,46.38278,30.71499,291,
cb12e0f6-9943-4b52-841d-8a02614cf762_r,46.38298,30.71554,293,
cb12e0f6-9943-4b52-841d-8a02614cf762_r,46.38313,30.71613,295,
cb12e0f6-9943-4b52-841d-8a02614cf762_r,46.38328,30.71681,297,
cb12e0f6-9943-4b52-841d-8a02614cf762_r,46.383282718907736,30.716770291328434,299,
cb12e0f6-9943-4b52-841d-8a02614cf762_r,46.38328,30.71681,304,
cb12e0f6-9943-4b52-841d-8a02614cf762_r,46.38438,30.72135,306,
cb12e0f6-9943-4b52-841d-8a02614cf762_r,46.38437806800176,30.72135150432587,308,
cb12e0f6-9943-4b52-841d-8a02614cf762_r,46.38438,30.72135,313,
cb12e0f6-9943-4b52-841d-8a02614cf762_r,46.38496,30.72418,315,
cb12e0f6-9943-4b52-841d-8a02614cf762_r,46.38527,30.72568,317,
cb12e0f6-9943-4b52-841d-8a02614cf762_r,46.38543,30.7265,319,
cb12e0f6-9943-4b52-841d-8a02614cf762_r,46.38551,30.72717,321,
cb12e0f6-9943-4b52-841d-8a02614cf762_r,46.38552150019781,30.727155804634098,323,
cb12e0f6-9943-4b52-841d-8a02614cf762_r,46.38551,30.72717,328,
cb12e0f6-9943-4b52-841d-8a02614cf762_r,46.38597,30.72987,330,
cb12e0f6-9943-4b52-841d-8a02614cf762_r,46.3861,30.73042,332,
cb12e0f6-9943-4b52-841d-8a02614cf762_r,46.38628,30.73088,334,
cb12e0f6-9943-4b52-841d-8a02614cf762_r,46.38662,30.73144,336,
cb12e0f6-9943-4b52-841d-8a02614cf762_r,46.38661310405771,30.731436610221866,338,
cb12e0f6-9943-4b52-841d-8a02614cf762_r,46.38661,30.73144,343,
cb12e0f6-9943-4b52-841d-8a02614cf762_r,46.38674,30.73165,345,
cb12e0f6-9943-4b52-841d-8a02614cf762_r,46.38688,30.7318,347,
cb12e0f6-9943-4b52-841d-8a02614cf762_r,46.38729,30.73205,349,
cb12e0f6-9943-4b52-841d-8a02614cf762_r,46.3877,30.73224,351,
cb12e0f6-9943-4b52-841d-8a02614cf762_r,46.38825,30.7325,353,
cb12e0f6-9943-4b52-841d-8a02614cf762_r,46.38869,30.73273,355,
cb12e0f6-9943-4b52-841d-8a02614cf762_r,46.38929,30.733,357,
cb12e0f6-9943-4b52-841d-8a02614cf762_r,46.38977,30.73318,359,
cb12e0f6-9943-4b52-841d-8a02614cf762_r,46.39139,30.73397,361,
cb12e0f6-9943-4b52-841d-8a02614cf762_r,46.39148,30.73404,363,
cb12e0f6-9943-4b52-841d-8a02614cf762_r,46.391478801501975,30.734038352966312,365,
cb12e0f6-9943-4b52-841d-8a02614cf762_r,46.39148,30.73404,370,
cb12e0f6-9943-4b52-841d-8a02614cf762_r,46.39156,30.73404,372,
cb12e0f6-9943-4b52-841d-8a02614cf762_r,46.39169,30.7341,374,
cb12e0f6-9943-4b52-841d-8a02614cf762_r,46.39239,30.73444,376,
cb12e0f6-9943-4b52-841d-8a02614cf762_r,46.39323,30.73487,378,
cb12e0f6-9943-4b52-841d-8a02614cf762_r,46.39361,30.73493,380,
cb12e0f6-9943-4b52-841d-8a02614cf762_r,46.39361,30.7349,382,
cb12e0f6-9943-4b52-841d-8a02614cf762_r,46.393606251541776,30.734902024269108,384,
cb12e0f6-9943-4b52-841d-8a02614cf762_r,46.39361,30.7349,389,
cb12e0f6-9943-4b52-841d-8a02614cf762_r,46.39361,30.73493,391,
cb12e0f6-9943-4b52-841d-8a02614cf762_r,46.39387,30.73487,393,
cb12e0f6-9943-4b52-841d-8a02614cf762_r,46.39447,30.73477,395,
cb12e0f6-9943-4b52-841d-8a02614cf762_r,46.39555,30.73467,397,
cb12e0f6-9943-4b52-841d-8a02614cf762_r,46.39582,30.73466,399,
cb12e0f6-9943-4b52-841d-8a02614cf762_r,46.39592,30.7347,401,
cb12e0f6-9943-4b52-841d-8a02614cf762_r,46.39592,30.73466,403,
cb12e0f6-9943-4b52-841d-8a02614cf762_r,46.39592970222775,30.73462843894959,405,
cb12e0f6-9943-4b52-841d-8a02614cf762_r,46.39592,30.73466,410,
cb12e0f6-9943-4b52-841d-8a02614cf762_r,46.39592,30.7347,412,
cb12e0f6-9943-4b52-841d-8a02614cf762_r,46.39607,30.73464,414,
cb12e0f6-9943-4b52-841d-8a02614cf762_r,46.39626,30.73459,416,
cb12e0f6-9943-4b52-841d-8a02614cf762_r,46.39745,30.73404,418,
cb12e0f6-9943-4b52-841d-8a02614cf762_r,46.3985,30.7335,420,
cb12e0f6-9943-4b52-841d-8a02614cf762_r,46.39899,30.73327,422,
cb12e0f6-9943-4b52-841d-8a02614cf762_r,46.39914,30.73325,424,
cb12e0f6-9943-4b52-841d-8a02614cf762_r,46.39913,30.7332,426,
cb12e0f6-9943-4b52-841d-8a02614cf762_r,46.399129834598774,30.733174681663517,428,
cb12e0f6-9943-4b52-841d-8a02614cf762_r,46.39913,30.7332,433,
cb12e0f6-9943-4b52-841d-8a02614cf762_r,46.39914,30.73325,435,
cb12e0f6-9943-4b52-841d-8a02614cf762_r,46.3992,30.7331,437,
cb12e0f6-9943-4b52-841d-8a02614cf762_r,46.39952,30.73287,439,
cb12e0f6-9943-4b52-841d-8a02614cf762_r,46.40001,30.73252,441,
cb12e0f6-9943-4b52-841d-8a02614cf762_r,46.40036,30.73234,443,
cb12e0f6-9943-4b52-841d-8a02614cf762_r,46.40257,30.73157,445,
cb12e0f6-9943-4b52-841d-8a02614cf762_r,46.402573929218576,30.73156535625458,447,
cb12e0f6-9943-4b52-841d-8a02614cf762_r,46.40257,30.73157,452,
cb12e0f6-9943-4b52-841d-8a02614cf762_r,46.40541,30.73055,454,
cb12e0f6-9943-4b52-841d-8a02614cf762_r,46.405414,30.73055,456,
cb12e0f6-9943-4b52-841d-8a02614cf762_r,46.40541,30.73055,461,
cb12e0f6-9943-4b52-841d-8a02614cf762_r,46.40605,30.73034,463,
cb12e0f6-9943-4b52-841d-8a02614cf762_r,46.40667,30.7301,465,
cb12e0f6-9943-4b52-841d-8a02614cf762_r,46.40712,30.72992,467,
cb12e0f6-9943-4b52-841d-8a02614cf762_r,46.40874,30.72935,469,
cb12e0f6-9943-4b52-841d-8a02614cf762_r,46.4101,30.72887,471,
cb12e0f6-9943-4b52-841d-8a02614cf762_r,46.41028,30.72882,473,
cb12e0f6-9943-4b52-841d-8a02614cf762_r,46.41028628481406,30.728781223297123,475,
cb12e0f6-9943-4b52-841d-8a02614cf762_r,46.41028,30.72882,480,
cb12e0f6-9943-4b52-841d-8a02614cf762_r,46.41422,30.72739,482,
cb12e0f6-9943-4b52-841d-8a02614cf762_r,46.4142252687468,30.72739183902741,484,
cb12e0f6-9943-4b52-841d-8a02614cf762_r,46.41423,30.72739,489,
cb12e0f6-9943-4b52-841d-8a02614cf762_r,46.41674,30.7265,491,
cb12e0f6-9943-4b52-841d-8a02614cf762_r,46.41726,30.72631,493,
cb12e0f6-9943-4b52-841d-8a02614cf762_r,46.41777,30.7262,495,
cb12e0f6-9943-4b52-841d-8a02614cf762_r,46.417775658353236,30.726206302642822,497,
cb12e0f6-9943-4b52-841d-8a02614cf762_r,46.41778,30.72621,502,
cb12e0f6-9943-4b52-841d-8a02614cf762_r,46.4184,30.72618,504,
cb12e0f6-9943-4b52-841d-8a02614cf762_r,46.41874,30.7261,506,
cb12e0f6-9943-4b52-841d-8a02614cf762_r,46.41915,30.726,508,
cb12e0f6-9943-4b52-841d-8a02614cf762_r,46.41966,30.72584,510,
cb12e0f6-9943-4b52-841d-8a02614cf762_r,46.42506,30.72395,512,
cb12e0f6-9943-4b52-841d-8a02614cf762_r,46.42525,30.72389,514,
cb12e0f6-9943-4b52-841d-8a02614cf762_r,46.42539,30.72383,516,
cb12e0f6-9943-4b52-841d-8a02614cf762_r,46.42551,30.72384,518,
cb12e0f6-9943-4b52-841d-8a02614cf762_r,46.42559,30.72389,520,
cb12e0f6-9943-4b52-841d-8a02614cf762_r,46.42568,30.72401,522,
cb12e0f6-9943-4b52-841d-8a02614cf762_r,46.42576,30.72414,524,
cb12e0f6-9943-4b52-841d-8a02614cf762_r,46.42587,30.72431,526,
cb12e0f6-9943-4b52-841d-8a02614cf762_r,46.42587411950762,30.72431802749634,528,
cb12e0f6-9943-4b52-841d-8a02614cf762_r,46.42587,30.72432,533,
cb12e0f6-9943-4b52-841d-8a02614cf762_r,46.42905,30.72851,535,
cb12e0f6-9943-4b52-841d-8a02614cf762_r,46.42904661330962,30.728496909141544,537,
cb12e0f6-9943-4b52-841d-8a02614cf762_r,46.42905,30.72851,542,
cb12e0f6-9943-4b52-841d-8a02614cf762_r,46.42923,30.7287,544,
cb12e0f6-9943-4b52-841d-8a02614cf762_r,46.42933,30.72875,546,
cb12e0f6-9943-4b52-841d-8a02614cf762_r,46.42945,30.72875,548,
cb12e0f6-9943-4b52-841d-8a02614cf762_r,46.43059,30.72841,550,
cb12e0f6-9943-4b52-841d-8a02614cf762_r,46.43211,30.72795,552,
cb12e0f6-9943-4b52-841d-8a02614cf762_r,46.43211540014503,30.727949738502502,554,
cb12e0f6-9943-4b52-841d-8a02614cf762_r,46.43212,30.72795,559,
cb12e0f6-9943-4b52-841d-8a02614cf762_r,46.43405,30.72729,561,
cb12e0f6-9943-4b52-841d-8a02614cf762_r,46.434046,30.727291,563,
cb12e0f6-9943-4b52-841d-8a02614cf762_r,46.43405,30.72729,568,
cb12e0f6-9943-4b52-841d-8a02614cf762_r,46.43738,30.72631,570,
cb12e0f6-9943-4b52-841d-8a02614cf762_r,46.43737630371281,30.72631359100342,572,
cb12e0f6-9943-4b52-841d-8a02614cf762_r,46.43738,30.72631,577,
cb12e0f6-9943-4b52-841d-8a02614cf762_r,46.43784,30.72614,579,
cb12e0f6-9943-4b52-841d-8a02614cf762_r,46.43821,30.726,581,
cb12e0f6-9943-4b52-841d-8a02614cf762_r,46.43832,30.72597,583,
cb12e0f6-9943-4b52-841d-8a02614cf762_r,46.43843,30.72594,585,
cb12e0f6-9943-4b52-841d-8a02614cf762_r,46.44269,30.72671,587,
cb12e0f6-9943-4b52-841d-8a02614cf762_r,46.442673664551045,30.726694464683536,589,
cb12e0f6-9943-4b52-841d-8a02614cf762_r,46.44268,30.72672,594,
cb12e0f6-9943-4b52-841d-8a02614cf762_r,46.44638,30.72733,596,
cb12e0f6-9943-4b52-841d-8a02614cf762_r,46.446373,30.727333,598,
cb12e0f6-9943-4b52-841d-8a02614cf762_r,46.44637,30.72733,603,
cb12e0f6-9943-4b52-841d-8a02614cf762_r,46.45062,30.72815,605,
cb12e0f6-9943-4b52-841d-8a02614cf762_r,46.450625,30.728149,607,
cb12e0f6-9943-4b52-841d-8a02614cf762_r,46.45063,30.72815,612,
cb12e0f6-9943-4b52-841d-8a02614cf762_r,46.45091,30.72819,614,
cb12e0f6-9943-4b52-841d-8a02614cf762_r,46.45125,30.72825,616,
cb12e0f6-9943-4b52-841d-8a02614cf762_r,46.45275,30.72851,618,
cb12e0f6-9943-4b52-841d-8a02614cf762_r,46.45338,30.72861,620,
cb12e0f6-9943-4b52-841d-8a02614cf762_r,46.45347,30.72855,622,
cb12e0f6-9943-4b52-841d-8a02614cf762_r,46.45345902210269,30.728545188903812,624,
cb12e0f6-9943-4b52-841d-8a02614cf762_r,46.45346,30.72855,629,
cb12e0f6-9943-4b52-841d-8a02614cf762_r,46.45355,30.72865,631,
cb12e0f6-9943-4b52-841d-8a02614cf762_r,46.45376,30.72868,633,
cb12e0f6-9943-4b52-841d-8a02614cf762_r,46.4539,30.7287,635,
cb12e0f6-9943-4b52-841d-8a02614cf762_r,46.45417,30.72868,637,
cb12e0f6-9943-4b52-841d-8a02614cf762_r,46.45447,30.72859,639,
cb12e0f6-9943-4b52-841d-8a02614cf762_r,46.45543,30.72864,641,
cb12e0f6-9943-4b52-841d-8a02614cf762_r,46.45566,30.72867,643,
cb12e0f6-9943-4b52-841d-8a02614cf762_r,46.45583,30.72871,645,
cb12e0f6-9943-4b52-841d-8a02614cf762_r,46.45598,30.72879,647,
cb12e0f6-9943-4b52-841d-8a02614cf762_r,46.45613,30.72888,649,
cb12e0f6-9943-4b52-841d-8a02614cf762_r,46.45627,30.72899,651,
cb12e0f6-9943-4b52-841d-8a02614cf762_r,46.45745,30.72911,653,
cb12e0f6-9943-4b52-841d-8a02614cf762_r,46.45827,30.7292,655,
cb12e0f6-9943-4b52-841d-8a02614cf762_r,46.45853,30.72926,657,
cb12e0f6-9943-4b52-841d-8a02614cf762_r,46.45873,30.72937,659,
cb12e0f6-9943-4b52-841d-8a02614cf762_r,46.45891,30.7295,661,
cb12e0f6-9943-4b52-841d-8a02614cf762_r,46.45913,30.72968,663,
cb12e0f6-9943-4b52-841d-8a02614cf762_r,46.45969,30.73019,665,
cb12e0f6-9943-4b52-841d-8a02614cf762_r,46.46008,30.73053,667,
cb12e0f6-9943-4b52-841d-8a02614cf762_r,46.46033,30.7307,669,
cb12e0f6-9943-4b52-841d-8a02614cf762_r,46.46077,30.73109,671,
cb12e0f6-9943-4b52-841d-8a02614cf762_r,46.46084,30.7312,673,
cb12e0f6-9943-4b52-841d-8a02614cf762_r,46.46083530194352,30.731157660484318,675,
cb12e0f6-9943-4b52-841d-8a02614cf762_r,46.46084,30.73121,680,
cb12e0f6-9943-4b52-841d-8a02614cf762_r,46.46143,30.7317,682,
cb12e0f6-9943-4b52-841d-8a02614cf762_r,46.46205,30.73223,684,
cb12e0f6-9943-4b52-841d-8a02614cf762_r,46.46237,30.73253,686,
cb12e0f6-9943-4b52-841d-8a02614cf762_r,46.46261,30.73281,688,
cb12e0f6-9943-4b52-841d-8a02614cf762_r,46.46472,30.7347,690,
cb12e0f6-9943-4b52-841d-8a02614cf762_r,46.46511,30.73509,692,
cb12e0f6-9943-4b52-841d-8a02614cf762_r,46.46518,30.73519,694,
cb12e0f6-9943-4b52-841d-8a02614cf762_r,46.46524,30.73533,696,
cb12e0f6-9943-4b52-841d-8a02614cf762_r,46.4653,30.73545,698,
cb12e0f6-9943-4b52-841d-8a02614cf762_r,46.46536,30.73559,700,
cb12e0f6-9943-4b52-841d-8a02614cf762_r,46.46546,30.73576,702,
cb12e0f6-9943-4b52-841d-8a02614cf762_r,46.46679,30.73698,704,
cb12e0f6-9943-4b52-841d-8a02614cf762_r,46.46685,30.73713,706,
cb12e0f6-9943-4b52-841d-8a02614cf762_r,46.46685,30.73735,708,
cb12e0f6-9943-4b52-841d-8a02614cf762_r,46.46683,30.73756,710,
cb12e0f6-9943-4b52-841d-8a02614cf762_r,46.46682,30.73781,712,
cb12e0f6-9943-4b52-841d-8a02614cf762_r,46.4668,30.73816,714,
cb12e0f6-9943-4b52-841d-8a02614cf762_r,46.46671,30.73824,716,
cb12e0f6-9943-4b52-841d-8a02614cf762_r,46.466847191574054,30.738241648496377,718,
4f6a8995-0100-4ba5-b153-e6471338dac0_r,46.412004,30.708701,1,
4f6a8995-0100-4ba5-b153-e6471338dac0_r,46.412,30.7087,6,
4f6a8995-0100-4ba5-b153-e6471338dac0_r,46.41232,30.71342,8,
4f6a8995-0100-4ba5-b153-e6471338dac0_r,46.41234,30.71343,10,
4f6a8995-0100-4ba5-b153-e6471338dac0_r,46.41234,30.71344,12,
4f6a8995-0100-4ba5-b153-e6471338dac0_r,46.41233533167739,30.713444352149967,14,
4f6a8995-0100-4ba5-b153-e6471338dac0_r,46.41234,30.71344,19,
4f6a8995-0100-4ba5-b153-e6471338dac0_r,46.41234,30.71343,21,
4f6a8995-0100-4ba5-b153-e6471338dac0_r,46.41232,30.71342,23,
4f6a8995-0100-4ba5-b153-e6471338dac0_r,46.41275,30.719,25,
4f6a8995-0100-4ba5-b153-e6471338dac0_r,46.41279,30.71899,27,
4f6a8995-0100-4ba5-b153-e6471338dac0_r,46.412791,30.718992,29,
4f6a8995-0100-4ba5-b153-e6471338dac0_r,46.41279,30.71899,34,
4f6a8995-0100-4ba5-b153-e6471338dac0_r,46.41275,30.719,36,
4f6a8995-0100-4ba5-b153-e6471338dac0_r,46.41346,30.72668,38,
4f6a8995-0100-4ba5-b153-e6471338dac0_r,46.4135,30.72686,40,
4f6a8995-0100-4ba5-b153-e6471338dac0_r,46.41357,30.72701,42,
4f6a8995-0100-4ba5-b153-e6471338dac0_r,46.41364,30.72713,44,
4f6a8995-0100-4ba5-b153-e6471338dac0_r,46.4137,30.7272,46,
4f6a8995-0100-4ba5-b153-e6471338dac0_r,46.41387,30.72731,48,
4f6a8995-0100-4ba5-b153-e6471338dac0_r,46.414,30.72739,50,
4f6a8995-0100-4ba5-b153-e6471338dac0_r,46.4141,30.7274,52,
4f6a8995-0100-4ba5-b153-e6471338dac0_r,46.41422,30.7274,54,
4f6a8995-0100-4ba5-b153-e6471338dac0_r,46.4142252687468,30.72739183902741,56,
4f6a8995-0100-4ba5-b153-e6471338dac0_r,46.41423,30.72739,61,
4f6a8995-0100-4ba5-b153-e6471338dac0_r,46.41778,30.7262,63,
4f6a8995-0100-4ba5-b153-e6471338dac0_r,46.417775658353236,30.726206302642822,65,
4f6a8995-0100-4ba5-b153-e6471338dac0_r,46.41778,30.72621,70,
4f6a8995-0100-4ba5-b153-e6471338dac0_r,46.41878,30.72615,72,
4f6a8995-0100-4ba5-b153-e6471338dac0_r,46.42507,30.72396,74,
4f6a8995-0100-4ba5-b153-e6471338dac0_r,46.42528,30.72388,76,
4f6a8995-0100-4ba5-b153-e6471338dac0_r,46.42552,30.72385,78,
4f6a8995-0100-4ba5-b153-e6471338dac0_r,46.42569,30.72402,80,
4f6a8995-0100-4ba5-b153-e6471338dac0_r,46.42588,30.72432,82,
4f6a8995-0100-4ba5-b153-e6471338dac0_r,46.42587411950762,30.72431802749634,84,
4f6a8995-0100-4ba5-b153-e6471338dac0_r,46.42587,30.72432,89,
4f6a8995-0100-4ba5-b153-e6471338dac0_r,46.42905,30.72851,91,
4f6a8995-0100-4ba5-b153-e6471338dac0_r,46.42904661330962,30.728496909141544,93,
4f6a8995-0100-4ba5-b153-e6471338dac0_r,46.42905,30.72851,98,
4f6a8995-0100-4ba5-b153-e6471338dac0_r,46.42923,30.7287,100,
4f6a8995-0100-4ba5-b153-e6471338dac0_r,46.42933,30.72875,102,
4f6a8995-0100-4ba5-b153-e6471338dac0_r,46.42945,30.72875,104,
4f6a8995-0100-4ba5-b153-e6471338dac0_r,46.43059,30.72841,106,
4f6a8995-0100-4ba5-b153-e6471338dac0_r,46.43211,30.72795,108,
4f6a8995-0100-4ba5-b153-e6471338dac0_r,46.43211540014503,30.727949738502502,110,
4f6a8995-0100-4ba5-b153-e6471338dac0_r,46.43212,30.72795,115,
4f6a8995-0100-4ba5-b153-e6471338dac0_r,46.43405,30.72729,117,
4f6a8995-0100-4ba5-b153-e6471338dac0_r,46.434046,30.727291,119,
4f6a8995-0100-4ba5-b153-e6471338dac0_r,46.43405,30.72729,124,
4f6a8995-0100-4ba5-b153-e6471338dac0_r,46.43738,30.72631,126,
4f6a8995-0100-4ba5-b153-e6471338dac0_r,46.43737630371281,30.72631359100342,128,
4f6a8995-0100-4ba5-b153-e6471338dac0_r,46.43738,30.72631,133,
4f6a8995-0100-4ba5-b153-e6471338dac0_r,46.43794,30.72609,135,
4f6a8995-0100-4ba5-b153-e6471338dac0_r,46.43823,30.72599,137,
4f6a8995-0100-4ba5-b153-e6471338dac0_r,46.43843,30.72595,139,
4f6a8995-0100-4ba5-b153-e6471338dac0_r,46.44269,30.72672,141,
4f6a8995-0100-4ba5-b153-e6471338dac0_r,46.442673664551045,30.726694464683536,143,
4f6a8995-0100-4ba5-b153-e6471338dac0_r,46.44268,30.72672,148,
4f6a8995-0100-4ba5-b153-e6471338dac0_r,46.44299,30.7268,150,
4f6a8995-0100-4ba5-b153-e6471338dac0_r,46.44334,30.72684,152,
4f6a8995-0100-4ba5-b153-e6471338dac0_r,46.4438,30.72689,154,
4f6a8995-0100-4ba5-b153-e6471338dac0_r,46.44417,30.72697,156,
4f6a8995-0100-4ba5-b153-e6471338dac0_r,46.44461,30.72703,158,
4f6a8995-0100-4ba5-b153-e6471338dac0_r,46.44548,30.72721,160,
4f6a8995-0100-4ba5-b153-e6471338dac0_r,46.44602,30.72733,162,
4f6a8995-0100-4ba5-b153-e6471338dac0_r,46.44644,30.72737,164,
4f6a8995-0100-4ba5-b153-e6471338dac0_r,46.44652,30.72729,166,
4f6a8995-0100-4ba5-b153-e6471338dac0_r,46.44652168039975,30.727299405738613,168,
4f6a8995-0100-4ba5-b153-e6471338dac0_r,46.44652,30.7273,173,
4f6a8995-0100-4ba5-b153-e6471338dac0_r,46.44657,30.7274,175,
4f6a8995-0100-4ba5-b153-e6471338dac0_r,46.44694,30.72748,177,
4f6a8995-0100-4ba5-b153-e6471338dac0_r,46.44746,30.72758,179,
4f6a8995-0100-4ba5-b153-e6471338dac0_r,46.44783,30.72765,181,
4f6a8995-0100-4ba5-b153-e6471338dac0_r,46.44809,30.72771,183,
4f6a8995-0100-4ba5-b153-e6471338dac0_r,46.44855,30.72781,185,
4f6a8995-0100-4ba5-b153-e6471338dac0_r,46.44917,30.72791,187,
4f6a8995-0100-4ba5-b153-e6471338dac0_r,46.44977,30.72799,189,
4f6a8995-0100-4ba5-b153-e6471338dac0_r,46.45049,30.72812,191,
4f6a8995-0100-4ba5-b153-e6471338dac0_r,46.45063,30.72814,193,
4f6a8995-0100-4ba5-b153-e6471338dac0_r,46.450625,30.728149,195,
4f6a8995-0100-4ba5-b153-e6471338dac0_r,46.45063,30.72815,200,
4f6a8995-0100-4ba5-b153-e6471338dac0_r,46.45357,30.72868,202,
4f6a8995-0100-4ba5-b153-e6471338dac0_r,46.45356250388029,30.728679299354557,204,
4f6a8995-0100-4ba5-b153-e6471338dac0_r,46.45356,30.72868,209,
4f6a8995-0100-4ba5-b153-e6471338dac0_r,46.45371,30.7287,211,
4f6a8995-0100-4ba5-b153-e6471338dac0_r,46.45393,30.72871,213,
4f6a8995-0100-4ba5-b153-e6471338dac0_r,46.45447,30.7286,215,
4f6a8995-0100-4ba5-b153-e6471338dac0_r,46.45485,30.72861,217,
4f6a8995-0100-4ba5-b153-e6471338dac0_r,46.45523,30.72866,219,
4f6a8995-0100-4ba5-b153-e6471338dac0_r,46.45561,30.72868,221,
4f6a8995-0100-4ba5-b153-e6471338dac0_r,46.45586,30.72873,223,
4f6a8995-0100-4ba5-b153-e6471338dac0_r,46.45605,30.72882,225,
4f6a8995-0100-4ba5-b153-e6471338dac0_r,46.45626,30.72896,227,
4f6a8995-0100-4ba5-b153-e6471338dac0_r,46.45665,30.72904,229,
4f6a8995-0100-4ba5-b153-e6471338dac0_r,46.457,30.72906,231,
4f6a8995-0100-4ba5-b153-e6471338dac0_r,46.45768,30.72909,233,
4f6a8995-0100-4ba5-b153-e6471338dac0_r,46.45823,30.72917,235,
4f6a8995-0100-4ba5-b153-e6471338dac0_r,46.45863,30.72931,237,
4f6a8995-0100-4ba5-b153-e6471338dac0_r,46.45888,30.72946,239,
4f6a8995-0100-4ba5-b153-e6471338dac0_r,46.45965,30.73012,241,
4f6a8995-0100-4ba5-b153-e6471338dac0_r,46.45985,30.73032,243,
4f6a8995-0100-4ba5-b153-e6471338dac0_r,46.46008,30.73054,245,
4f6a8995-0100-4ba5-b153-e6471338dac0_r,46.46038,30.73071,247,
4f6a8995-0100-4ba5-b153-e6471338dac0_r,46.46068,30.73098,249,
4f6a8995-0100-4ba5-b153-e6471338dac0_r,46.46086,30.73121,251,
4f6a8995-0100-4ba5-b153-e6471338dac0_r,46.46083530194352,30.731157660484318,253,
4f6a8995-0100-4ba5-b153-e6471338dac0_r,46.46084,30.73121,258,
4f6a8995-0100-4ba5-b153-e6471338dac0_r,46.462,30.73219,260,
4f6a8995-0100-4ba5-b153-e6471338dac0_r,46.46237,30.73252,262,
4f6a8995-0100-4ba5-b153-e6471338dac0_r,46.4627,30.73288,264,
4f6a8995-0100-4ba5-b153-e6471338dac0_r,46.46469,30.7347,266,
4f6a8995-0100-4ba5-b153-e6471338dac0_r,46.46494,30.73491,268,
4f6a8995-0100-4ba5-b153-e6471338dac0_r,46.46513,30.73508,270,
4f6a8995-0100-4ba5-b153-e6471338dac0_r,46.46521,30.73524,272,
4f6a8995-0100-4ba5-b153-e6471338dac0_r,46.46527,30.7354,274,
4f6a8995-0100-4ba5-b153-e6471338dac0_r,46.46534,30.73557,276,
4f6a8995-0100-4ba5-b153-e6471338dac0_r,46.46542,30.73571,278,
4f6a8995-0100-4ba5-b153-e6471338dac0_r,46.46559,30.73588,280,
4f6a8995-0100-4ba5-b153-e6471338dac0_r,46.4657,30.73598,282,
4f6a8995-0100-4ba5-b153-e6471338dac0_r,46.46588,30.7361,284,
4f6a8995-0100-4ba5-b153-e6471338dac0_r,46.46622,30.7364,286,
4f6a8995-0100-4ba5-b153-e6471338dac0_r,46.46651,30.73665,288,
4f6a8995-0100-4ba5-b153-e6471338dac0_r,46.46678,30.73695,290,
4f6a8995-0100-4ba5-b153-e6471338dac0_r,46.46682,30.73715,292,
4f6a8995-0100-4ba5-b153-e6471338dac0_r,46.46682,30.73739,294,
4f6a8995-0100-4ba5-b153-e6471338dac0_r,46.4668,30.73776,296,
4f6a8995-0100-4ba5-b153-e6471338dac0_r,46.46677,30.738,298,
4f6a8995-0100-4ba5-b153-e6471338dac0_r,46.46675,30.73832,300,
4f6a8995-0100-4ba5-b153-e6471338dac0_r,46.466847191574054,30.738241648496377,302,
4f6a8995-0100-4ba5-b153-e6471338dac0_d,46.466847191574054,30.738241648496377,1,
4f6a8995-0100-4ba5-b153-e6471338dac0_d,46.46684,30.73812,6,
4f6a8995-0100-4ba5-b153-e6471338dac0_d,46.46687,30.73825,8,
4f6a8995-0100-4ba5-b153-e6471338dac0_d,46.46682,30.73839,10,
4f6a8995-0100-4ba5-b153-e6471338dac0_d,46.46682,30.73853,12,
4f6a8995-0100-4ba5-b153-e6471338dac0_d,46.46682,30.73886,14,
4f6a8995-0100-4ba5-b153-e6471338dac0_d,46.46686,30.73897,16,
4f6a8995-0100-4ba5-b153-e6471338dac0_d,46.4669,30.73906,18,
4f6a8995-0100-4ba5-b153-e6471338dac0_d,46.46703,30.73909,20,
4f6a8995-0100-4ba5-b153-e6471338dac0_d,46.46733,30.73915,22,
4f6a8995-0100-4ba5-b153-e6471338dac0_d,46.46753,30.73916,24,
4f6a8995-0100-4ba5-b153-e6471338dac0_d,46.46764,30.73908,26,
4f6a8995-0100-4ba5-b153-e6471338dac0_d,46.46767,30.73899,28,
4f6a8995-0100-4ba5-b153-e6471338dac0_d,46.46773,30.73848,30,
4f6a8995-0100-4ba5-b153-e6471338dac0_d,46.46775,30.73823,32,
4f6a8995-0100-4ba5-b153-e6471338dac0_d,46.46774,30.738,34,
4f6a8995-0100-4ba5-b153-e6471338dac0_d,46.46771,30.7378,36,
4f6a8995-0100-4ba5-b153-e6471338dac0_d,46.46763,30.73759,38,
4f6a8995-0100-4ba5-b153-e6471338dac0_d,46.46557,30.73578,40,
4f6a8995-0100-4ba5-b153-e6471338dac0_d,46.46545,30.73565,42,
4f6a8995-0100-4ba5-b153-e6471338dac0_d,46.46538,30.7355,44,
4f6a8995-0100-4ba5-b153-e6471338dac0_d,46.46529,30.73532,46,
4f6a8995-0100-4ba5-b153-e6471338dac0_d,46.46517,30.73506,48,
4f6a8995-0100-4ba5-b153-e6471338dac0_d,46.4648,30.7347,50,
4f6a8995-0100-4ba5-b153-e6471338dac0_d,46.46475,30.73456,52,
4f6a8995-0100-4ba5-b153-e6471338dac0_d,46.46474846355313,30.73460698127747,54,
4f6a8995-0100-4ba5-b153-e6471338dac0_d,46.46476,30.73458,59,
4f6a8995-0100-4ba5-b153-e6471338dac0_d,46.46461,30.73455,61,
4f6a8995-0100-4ba5-b153-e6471338dac0_d,46.46394,30.73398,63,
4f6a8995-0100-4ba5-b153-e6471338dac0_d,46.46274,30.7329,65,
4f6a8995-0100-4ba5-b153-e6471338dac0_d,46.46069,30.73087,67,
4f6a8995-0100-4ba5-b153-e6471338dac0_d,46.460686,30.730871,69,
4f6a8995-0100-4ba5-b153-e6471338dac0_d,46.46069,30.73087,74,
4f6a8995-0100-4ba5-b153-e6471338dac0_d,46.46036,30.73064,76,
4f6a8995-0100-4ba5-b153-e6471338dac0_d,46.46011,30.73051,78,
4f6a8995-0100-4ba5-b153-e6471338dac0_d,46.45993,30.73035,80,
4f6a8995-0100-4ba5-b153-e6471338dac0_d,46.45871,30.72932,82,
4f6a8995-0100-4ba5-b153-e6471338dac0_d,46.45849,30.72921,84,
4f6a8995-0100-4ba5-b153-e6471338dac0_d,46.45825,30.72914,86,
4f6a8995-0100-4ba5-b153-e6471338dac0_d,46.45635,30.729,88,
4f6a8995-0100-4ba5-b153-e6471338dac0_d,46.45624,30.72895,90,
4f6a8995-0100-4ba5-b153-e6471338dac0_d,46.45611,30.72885,92,
4f6a8995-0100-4ba5-b153-e6471338dac0_d,46.45595,30.72873,94,
4f6a8995-0100-4ba5-b153-e6471338dac0_d,46.45581,30.72866,96,
4f6a8995-0100-4ba5-b153-e6471338dac0_d,46.45506,30.72857,98,
4f6a8995-0100-4ba5-b153-e6471338dac0_d,46.45468,30.72855,100,
4f6a8995-0100-4ba5-b153-e6471338dac0_d,46.45434,30.72857,102,
4f6a8995-0100-4ba5-b153-e6471338dac0_d,46.45417,30.72862,104,
4f6a8995-0100-4ba5-b153-e6471338dac0_d,46.45396,30.72866,106,
4f6a8995-0100-4ba5-b153-e6471338dac0_d,46.45368,30.72862,108,
4f6a8995-0100-4ba5-b153-e6471338dac0_d,46.45355,30.72859,110,
4f6a8995-0100-4ba5-b153-e6471338dac0_d,46.45347,30.72855,112,
4f6a8995-0100-4ba5-b153-e6471338dac0_d,46.45345902210269,30.728545188903812,114,
4f6a8995-0100-4ba5-b153-e6471338dac0_d,46.45346,30.72855,119,
4f6a8995-0100-4ba5-b153-e6471338dac0_d,46.45226,30.72834,121,
4f6a8995-0100-4ba5-b153-e6471338dac0_d,46.45106,30.7281,123,
4f6a8995-0100-4ba5-b153-e6471338dac0_d,46.451059,30.728105,125,
4f6a8995-0100-4ba5-b153-e6471338dac0_d,46.45106,30.72811,130,
4f6a8995-0100-4ba5-b153-e6471338dac0_d,46.44871,30.72771,132,
4f6a8995-0100-4ba5-b153-e6471338dac0_d,46.44637,30.72734,134,
4f6a8995-0100-4ba5-b153-e6471338dac0_d,46.446373,30.727333,136,
4f6a8995-0100-4ba5-b153-e6471338dac0_d,46.44637,30.72733,141,
4f6a8995-0100-4ba5-b153-e6471338dac0_d,46.44473,30.72701,143,
4f6a8995-0100-4ba5-b153-e6471338dac0_d,46.44387,30.72685,145,
4f6a8995-0100-4ba5-b153-e6471338dac0_d,46.44314,30.72668,147,
4f6a8995-0100-4ba5-b153-e6471338dac0_d,46.44314681617764,30.726694464683536,149,
4f6a8995-0100-4ba5-b153-e6471338dac0_d,46.44315,30.72669,154,
4f6a8995-0100-4ba5-b153-e6471338dac0_d,46.44226,30.72657,156,
4f6a8995-0100-4ba5-b153-e6471338dac0_d,46.43925,30.72609,158,
4f6a8995-0100-4ba5-b153-e6471338dac0_d,46.4386,30.72588,160,
4f6a8995-0100-4ba5-b153-e6471338dac0_d,46.438592,30.725886,162,
4f6a8995-0100-4ba5-b153-e6471338dac0_d,46.43859,30.72589,167,
4f6a8995-0100-4ba5-b153-e6471338dac0_d,46.43814,30.72599,169,
4f6a8995-0100-4ba5-b153-e6471338dac0_d,46.4376,30.72616,171,
4f6a8995-0100-4ba5-b153-e6471338dac0_d,46.43658,30.72648,173,
4f6a8995-0100-4ba5-b153-e6471338dac0_d,46.43433,30.72718,175,
4f6a8995-0100-4ba5-b153-e6471338dac0_d,46.43432,30.727183,177,
4f6a8995-0100-4ba5-b153-e6471338dac0_d,46.43432,30.72718,182,
4f6a8995-0100-4ba5-b153-e6471338dac0_d,46.43087,30.7283,184,
4f6a8995-0100-4ba5-b153-e6471338dac0_d,46.4306,30.72837,186,
4f6a8995-0100-4ba5-b153-e6471338dac0_d,46.43047,30.72841,188,
4f6a8995-0100-4ba5-b153-e6471338dac0_d,46.43037,30.7284,190,
4f6a8995-0100-4ba5-b153-e6471338dac0_d,46.43037767460163,30.728448629379276,192,
4f6a8995-0100-4ba5-b153-e6471338dac0_d,46.43038,30.7284,197,
4f6a8995-0100-4ba5-b153-e6471338dac0_d,46.43028,30.72845,199,
4f6a8995-0100-4ba5-b153-e6471338dac0_d,46.43011,30.72852,201,
4f6a8995-0100-4ba5-b153-e6471338dac0_d,46.42954,30.7287,203,
4f6a8995-0100-4ba5-b153-e6471338dac0_d,46.42936,30.72871,205,
4f6a8995-0100-4ba5-b153-e6471338dac0_d,46.42921,30.72864,207,
4f6a8995-0100-4ba5-b153-e6471338dac0_d,46.42763,30.72657,209,
4f6a8995-0100-4ba5-b153-e6471338dac0_d,46.42662,30.72517,211,
4f6a8995-0100-4ba5-b153-e6471338dac0_d,46.42612,30.72448,213,
4f6a8995-0100-4ba5-b153-e6471338dac0_d,46.42562,30.72388,215,
4f6a8995-0100-4ba5-b153-e6471338dac0_d,46.42547,30.72381,217,
4f6a8995-0100-4ba5-b153-e6471338dac0_d,46.42531,30.72383,219,
4f6a8995-0100-4ba5-b153-e6471338dac0_d,46.4251,30.72386,221,
4f6a8995-0100-4ba5-b153-e6471338dac0_d,46.42509390917858,30.72386741638184,223,
4f6a8995-0100-4ba5-b153-e6471338dac0_d,46.42509,30.72387,228,
4f6a8995-0100-4ba5-b153-e6471338dac0_d,46.42481,30.724,230,
4f6a8995-0100-4ba5-b153-e6471338dac0_d,46.4222,30.7249,232,
4f6a8995-0100-4ba5-b153-e6471338dac0_d,46.42186,30.725,234,
4f6a8995-0100-4ba5-b153-e6471338dac0_d,46.42156,30.72505,236,
4f6a8995-0100-4ba5-b153-e6471338dac0_d,46.421553,30.725046,238,
4f6a8995-0100-4ba5-b153-e6471338dac0_d,46.42155,30.72505,243,
4f6a8995-0100-4ba5-b153-e6471338dac0_d,46.42129,30.7252,245,
4f6a8995-0100-4ba5-b153-e6471338dac0_d,46.42093,30.72535,247,
4f6a8995-0100-4ba5-b153-e6471338dac0_d,46.41905,30.72599,249,
4f6a8995-0100-4ba5-b153-e6471338dac0_d,46.41864,30.72608,251,
4f6a8995-0100-4ba5-b153-e6471338dac0_d,46.41803,30.72613,253,
4f6a8995-0100-4ba5-b153-e6471338dac0_d,46.41788,30.72609,255,
4f6a8995-0100-4ba5-b153-e6471338dac0_d,46.41766,30.72605,257,
4f6a8995-0100-4ba5-b153-e6471338dac0_d,46.41765731575718,30.726056098937992,259,
4f6a8995-0100-4ba5-b153-e6471338dac0_d,46.41766,30.72606,264,
4f6a8995-0100-4ba5-b153-e6471338dac0_d,46.41613,30.72662,266,
4f6a8995-0100-4ba5-b153-e6471338dac0_d,46.4144,30.72718,268,
4f6a8995-0100-4ba5-b153-e6471338dac0_d,46.414391698423344,30.727193355560306,270,
4f6a8995-0100-4ba5-b153-e6471338dac0_d,46.41439,30.72719,275,
4f6a8995-0100-4ba5-b153-e6471338dac0_d,46.41439,30.72715,277,
4f6a8995-0100-4ba5-b153-e6471338dac0_d,46.41428,30.72723,279,
4f6a8995-0100-4ba5-b153-e6471338dac0_d,46.41416,30.72725,281,
4f6a8995-0100-4ba5-b153-e6471338dac0_d,46.41398,30.72729,283,
4f6a8995-0100-4ba5-b153-e6471338dac0_d,46.41385,30.72722,285,
4f6a8995-0100-4ba5-b153-e6471338dac0_d,46.41376,30.72713,287,
4f6a8995-0100-4ba5-b153-e6471338dac0_d,46.413760723005645,30.727133367287667,289,
4f6a8995-0100-4ba5-b153-e6471338dac0_d,46.41376,30.72713,294,
4f6a8995-0100-4ba5-b153-e6471338dac0_d,46.41367,30.72707,296,
4f6a8995-0100-4ba5-b153-e6471338dac0_d,46.41356,30.72691,298,
4f6a8995-0100-4ba5-b153-e6471338dac0_d,46.41349,30.72671,300,
4f6a8995-0100-4ba5-b153-e6471338dac0_d,46.41343,30.72646,302,
4f6a8995-0100-4ba5-b153-e6471338dac0_d,46.41282,30.71872,304,
4f6a8995-0100-4ba5-b153-e6471338dac0_d,46.412816,30.718719,306,
4f6a8995-0100-4ba5-b153-e6471338dac0_d,46.41282,30.71872,311,
4f6a8995-0100-4ba5-b153-e6471338dac0_d,46.41247,30.71376,313,
4f6a8995-0100-4ba5-b153-e6471338dac0_d,46.41246108294879,30.713755488395694,315,
4f6a8995-0100-4ba5-b153-e6471338dac0_d,46.41246,30.71376,320,
4f6a8995-0100-4ba5-b153-e6471338dac0_d,46.4123,30.7127,322,
4f6a8995-0100-4ba5-b153-e6471338dac0_d,46.41212,30.71071,324,
4f6a8995-0100-4ba5-b153-e6471338dac0_d,46.41205,30.70971,326,
4f6a8995-0100-4ba5-b153-e6471338dac0_d,46.41201,30.70925,328,
4f6a8995-0100-4ba5-b153-e6471338dac0_d,46.41201,30.70902,330,
4f6a8995-0100-4ba5-b153-e6471338dac0_d,46.41206,30.70885,332,
4f6a8995-0100-4ba5-b153-e6471338dac0_d,46.41211,30.70872,334,
4f6a8995-0100-4ba5-b153-e6471338dac0_d,46.4122,30.70873,336,
4f6a8995-0100-4ba5-b153-e6471338dac0_d,46.41231,30.70869,338,
4f6a8995-0100-4ba5-b153-e6471338dac0_d,46.41238,30.70862,340,
4f6a8995-0100-4ba5-b153-e6471338dac0_d,46.41241,30.70849,342,
4f6a8995-0100-4ba5-b153-e6471338dac0_d,46.41238,30.70837,344,
4f6a8995-0100-4ba5-b153-e6471338dac0_d,46.41231,30.70828,346,
4f6a8995-0100-4ba5-b153-e6471338dac0_d,46.41217,30.70825,348,
4f6a8995-0100-4ba5-b153-e6471338dac0_d,46.41204,30.70839,350,
4f6a8995-0100-4ba5-b153-e6471338dac0_d,46.412,30.7087,352,
4f6a8995-0100-4ba5-b153-e6471338dac0_d,46.412004,30.708701,354,
19ea9859-216b-460c-8873-d5ebad74d77e_r,46.382342773448215,30.7149088382721,1,
19ea9859-216b-460c-8873-d5ebad74d77e_r,46.38234,30.71491,6,
19ea9859-216b-460c-8873-d5ebad74d77e_r,46.38254,30.71481,8,
19ea9859-216b-460c-8873-d5ebad74d77e_r,46.38268,30.71485,10,
19ea9859-216b-460c-8873-d5ebad74d77e_r,46.38278,30.71499,12,
19ea9859-216b-460c-8873-d5ebad74d77e_r,46.38298,30.71554,14,
19ea9859-216b-460c-8873-d5ebad74d77e_r,46.38328,30.71681,16,
19ea9859-216b-460c-8873-d5ebad74d77e_r,46.383282718907736,30.716770291328434,18,
19ea9859-216b-460c-8873-d5ebad74d77e_r,46.38328,30.71681,23,
19ea9859-216b-460c-8873-d5ebad74d77e_r,46.38438,30.72135,25,
19ea9859-216b-460c-8873-d5ebad74d77e_r,46.38437806800176,30.72135150432587,27,
19ea9859-216b-460c-8873-d5ebad74d77e_r,46.38438,30.72135,32,
19ea9859-216b-460c-8873-d5ebad74d77e_r,46.38551,30.72717,34,
19ea9859-216b-460c-8873-d5ebad74d77e_r,46.38552150019781,30.727155804634098,36,
19ea9859-216b-460c-8873-d5ebad74d77e_r,46.38551,30.72717,41,
19ea9859-216b-460c-8873-d5ebad74d77e_r,46.38597,30.72987,43,
19ea9859-216b-460c-8873-d5ebad74d77e_r,46.3861,30.73042,45,
19ea9859-216b-460c-8873-d5ebad74d77e_r,46.38628,30.73088,47,
19ea9859-216b-460c-8873-d5ebad74d77e_r,46.38662,30.73144,49,
19ea9859-216b-460c-8873-d5ebad74d77e_r,46.38661310405771,30.731436610221866,51,
19ea9859-216b-460c-8873-d5ebad74d77e_r,46.38661,30.73144,56,
19ea9859-216b-460c-8873-d5ebad74d77e_r,46.38663,30.73174,58,
19ea9859-216b-460c-8873-d5ebad74d77e_r,46.38677,30.7319,60,
19ea9859-216b-460c-8873-d5ebad74d77e_r,46.38724,30.7321,62,
19ea9859-216b-460c-8873-d5ebad74d77e_r,46.38771,30.73231,64,
19ea9859-216b-460c-8873-d5ebad74d77e_r,46.38825,30.73255,66,
19ea9859-216b-460c-8873-d5ebad74d77e_r,46.38857,30.7327,68,
19ea9859-216b-460c-8873-d5ebad74d77e_r,46.38977,30.73318,70,
19ea9859-216b-460c-8873-d5ebad74d77e_r,46.39148,30.73404,72,
19ea9859-216b-460c-8873-d5ebad74d77e_r,46.391478801501975,30.734038352966312,74,
19ea9859-216b-460c-8873-d5ebad74d77e_r,46.39148,30.73404,79,
19ea9859-216b-460c-8873-d5ebad74d77e_r,46.39323,30.73487,81,
19ea9859-216b-460c-8873-d5ebad74d77e_r,46.39361,30.73493,83,
19ea9859-216b-460c-8873-d5ebad74d77e_r,46.39361,30.7349,85,
19ea9859-216b-460c-8873-d5ebad74d77e_r,46.393606251541776,30.734902024269108,87,
19ea9859-216b-460c-8873-d5ebad74d77e_r,46.39361,30.7349,92,
19ea9859-216b-460c-8873-d5ebad74d77e_r,46.39361,30.73493,94,
19ea9859-216b-460c-8873-d5ebad74d77e_r,46.39592,30.7347,96,
19ea9859-216b-460c-8873-d5ebad74d77e_r,46.39592,30.73466,98,
19ea9859-216b-460c-8873-d5ebad74d77e_r,46.39592970222775,30.73462843894959,100,
19ea9859-216b-460c-8873-d5ebad74d77e_r,46.39592,30.73466,105,
19ea9859-216b-460c-8873-d5ebad74d77e_r,46.39592,30.7347,107,
19ea9859-216b-460c-8873-d5ebad74d77e_r,46.39626,30.73459,109,
19ea9859-216b-460c-8873-d5ebad74d77e_r,46.3985,30.7335,111,
19ea9859-216b-460c-8873-d5ebad74d77e_r,46.39914,30.73325,113,
19ea9859-216b-460c-8873-d5ebad74d77e_r,46.39913,30.7332,115,
19ea9859-216b-460c-8873-d5ebad74d77e_r,46.399129834598774,30.733174681663517,117,
19ea9859-216b-460c-8873-d5ebad74d77e_r,46.39913,30.7332,122,
19ea9859-216b-460c-8873-d5ebad74d77e_r,46.39914,30.73325,124,
19ea9859-216b-460c-8873-d5ebad74d77e_r,46.39953,30.73285,126,
19ea9859-216b-460c-8873-d5ebad74d77e_r,46.39983,30.73265,128,
19ea9859-216b-460c-8873-d5ebad74d77e_r,46.40006,30.73251,130,
19ea9859-216b-460c-8873-d5ebad74d77e_r,46.40032,30.73236,132,
19ea9859-216b-460c-8873-d5ebad74d77e_r,46.40048,30.73229,134,
19ea9859-216b-460c-8873-d5ebad74d77e_r,46.40258,30.73159,136,
19ea9859-216b-460c-8873-d5ebad74d77e_r,46.402573929218576,30.73156535625458,138,
19ea9859-216b-460c-8873-d5ebad74d77e_r,46.40257,30.73157,143,
19ea9859-216b-460c-8873-d5ebad74d77e_r,46.40541,30.73055,145,
19ea9859-216b-460c-8873-d5ebad74d77e_r,46.405414,30.73055,147,
19ea9859-216b-460c-8873-d5ebad74d77e_r,46.40541,30.73055,152,
19ea9859-216b-460c-8873-d5ebad74d77e_r,46.40596,30.73036,154,
19ea9859-216b-460c-8873-d5ebad74d77e_r,46.40627,30.73027,156,
19ea9859-216b-460c-8873-d5ebad74d77e_r,46.40692,30.73001,158,
19ea9859-216b-460c-8873-d5ebad74d77e_r,46.40723,30.7299,160,
19ea9859-216b-460c-8873-d5ebad74d77e_r,46.40846,30.72946,162,
19ea9859-216b-460c-8873-d5ebad74d77e_r,46.40879,30.72936,164,
19ea9859-216b-460c-8873-d5ebad74d77e_r,46.40927,30.72919,166,
19ea9859-216b-460c-8873-d5ebad74d77e_r,46.40966,30.72906,168,
19ea9859-216b-460c-8873-d5ebad74d77e_r,46.41016,30.72887,170,
19ea9859-216b-460c-8873-d5ebad74d77e_r,46.41029,30.72881,172,
19ea9859-216b-460c-8873-d5ebad74d77e_r,46.41028628481406,30.728781223297123,174,
19ea9859-216b-460c-8873-d5ebad74d77e_r,46.41028,30.72882,179,
19ea9859-216b-460c-8873-d5ebad74d77e_r,46.41422,30.72739,181,
19ea9859-216b-460c-8873-d5ebad74d77e_r,46.4142252687468,30.72739183902741,183,
19ea9859-216b-460c-8873-d5ebad74d77e_r,46.41423,30.72739,188,
19ea9859-216b-460c-8873-d5ebad74d77e_r,46.41778,30.7262,190,
19ea9859-216b-460c-8873-d5ebad74d77e_r,46.417775658353236,30.726206302642822,192,
19ea9859-216b-460c-8873-d5ebad74d77e_r,46.41778,30.72621,197,
19ea9859-216b-460c-8873-d5ebad74d77e_r,46.41885,30.72615,199,
19ea9859-216b-460c-8873-d5ebad74d77e_r,46.42507,30.72396,201,
19ea9859-216b-460c-8873-d5ebad74d77e_r,46.42528,30.72388,203,
19ea9859-216b-460c-8873-d5ebad74d77e_r,46.42552,30.72385,205,
19ea9859-216b-460c-8873-d5ebad74d77e_r,46.42572,30.724,207,
19ea9859-216b-460c-8873-d5ebad74d77e_r,46.42588,30.72432,209,
19ea9859-216b-460c-8873-d5ebad74d77e_r,46.42587411950762,30.72431802749634,211,
19ea9859-216b-460c-8873-d5ebad74d77e_r,46.42587,30.72432,216,
19ea9859-216b-460c-8873-d5ebad74d77e_r,46.42905,30.72851,218,
19ea9859-216b-460c-8873-d5ebad74d77e_r,46.42904661330962,30.728496909141544,220,
19ea9859-216b-460c-8873-d5ebad74d77e_r,46.42905,30.72851,225,
19ea9859-216b-460c-8873-d5ebad74d77e_r,46.42923,30.7287,227,
19ea9859-216b-460c-8873-d5ebad74d77e_r,46.42933,30.72875,229,
19ea9859-216b-460c-8873-d5ebad74d77e_r,46.42945,30.72875,231,
19ea9859-216b-460c-8873-d5ebad74d77e_r,46.43059,30.72841,233,
19ea9859-216b-460c-8873-d5ebad74d77e_r,46.43211,30.72795,235,
19ea9859-216b-460c-8873-d5ebad74d77e_r,46.43211540014503,30.727949738502502,237,
19ea9859-216b-460c-8873-d5ebad74d77e_r,46.43212,30.72795,242,
19ea9859-216b-460c-8873-d5ebad74d77e_r,46.43405,30.72729,244,
19ea9859-216b-460c-8873-d5ebad74d77e_r,46.434046,30.727291,246,
19ea9859-216b-460c-8873-d5ebad74d77e_r,46.43405,30.72729,251,
19ea9859-216b-460c-8873-d5ebad74d77e_r,46.43738,30.72631,253,
19ea9859-216b-460c-8873-d5ebad74d77e_r,46.43737630371281,30.72631359100342,255,
19ea9859-216b-460c-8873-d5ebad74d77e_r,46.43738,30.72631,260,
19ea9859-216b-460c-8873-d5ebad74d77e_r,46.43843,30.72595,262,
19ea9859-216b-460c-8873-d5ebad74d77e_r,46.44269,30.72672,264,
19ea9859-216b-460c-8873-d5ebad74d77e_r,46.442673664551045,30.726694464683536,266,
19ea9859-216b-460c-8873-d5ebad74d77e_r,46.44268,30.72672,271,
19ea9859-216b-460c-8873-d5ebad74d77e_r,46.44638,30.72733,273,
19ea9859-216b-460c-8873-d5ebad74d77e_r,46.446373,30.727333,275,
19ea9859-216b-460c-8873-d5ebad74d77e_r,46.44637,30.72733,280,
19ea9859-216b-460c-8873-d5ebad74d77e_r,46.45062,30.72815,282,
19ea9859-216b-460c-8873-d5ebad74d77e_r,46.450625,30.728149,284,
19ea9859-216b-460c-8873-d5ebad74d77e_r,46.45063,30.72815,289,
19ea9859-216b-460c-8873-d5ebad74d77e_r,46.45357,30.72868,291,
19ea9859-216b-460c-8873-d5ebad74d77e_r,46.45356250388029,30.728679299354557,293,
19ea9859-216b-460c-8873-d5ebad74d77e_r,46.45356,30.72868,298,
19ea9859-216b-460c-8873-d5ebad74d77e_r,46.45394,30.72871,300,
19ea9859-216b-460c-8873-d5ebad74d77e_r,46.45449,30.72858,302,
19ea9859-216b-460c-8873-d5ebad74d77e_r,46.45581,30.72867,304,
19ea9859-216b-460c-8873-d5ebad74d77e_r,46.45603,30.72877,306,
19ea9859-216b-460c-8873-d5ebad74d77e_r,46.45639,30.72897,308,
19ea9859-216b-460c-8873-d5ebad74d77e_r,46.45769,30.72907,310,
19ea9859-216b-460c-8873-d5ebad74d77e_r,46.45823,30.72912,312,
19ea9859-216b-460c-8873-d5ebad74d77e_r,46.45867,30.72929,314,
19ea9859-216b-460c-8873-d5ebad74d77e_r,46.45887,30.72946,316,
19ea9859-216b-460c-8873-d5ebad74d77e_r,46.45966,30.73013,318,
19ea9859-216b-460c-8873-d5ebad74d77e_r,46.46084,30.73121,320,
19ea9859-216b-460c-8873-d5ebad74d77e_r,46.46083530194352,30.731157660484318,322,
19ea9859-216b-460c-8873-d5ebad74d77e_r,46.46084,30.73121,327,
19ea9859-216b-460c-8873-d5ebad74d77e_r,46.46476,30.73465,329,
19ea9859-216b-460c-8873-d5ebad74d77e_r,46.46514,30.7351,331,
19ea9859-216b-460c-8873-d5ebad74d77e_r,46.4653,30.73543,333,
19ea9859-216b-460c-8873-d5ebad74d77e_r,46.46544,30.73573,335,
19ea9859-216b-460c-8873-d5ebad74d77e_r,46.46679,30.73697,337,
19ea9859-216b-460c-8873-d5ebad74d77e_r,46.46683,30.73747,339,
19ea9859-216b-460c-8873-d5ebad74d77e_r,46.4668,30.73794,341,
19ea9859-216b-460c-8873-d5ebad74d77e_r,46.4667,30.73824,343,
19ea9859-216b-460c-8873-d5ebad74d77e_r,46.466847191574054,30.738241648496377,345,
19ea9859-216b-460c-8873-d5ebad74d77e_r,46.46671,30.73823,350,
19ea9859-216b-460c-8873-d5ebad74d77e_r,46.46676,30.73849,352,
19ea9859-216b-460c-8873-d5ebad74d77e_r,46.46673,30.73874,354,
19ea9859-216b-460c-8873-d5ebad74d77e_r,46.46674,30.73897,356,
19ea9859-216b-460c-8873-d5ebad74d77e_r,46.4668,30.7391,358,
19ea9859-216b-460c-8873-d5ebad74d77e_r,46.46752,30.73923,360,
19ea9859-216b-460c-8873-d5ebad74d77e_r,46.46769,30.73909,362,
19ea9859-216b-460c-8873-d5ebad74d77e_r,46.46773,30.73866,364,
19ea9859-216b-460c-8873-d5ebad74d77e_r,46.4678,30.73772,366,
19ea9859-216b-460c-8873-d5ebad74d77e_r,46.46793,30.73593,368,
19ea9859-216b-460c-8873-d5ebad74d77e_r,46.46795,30.73594,370,
19ea9859-216b-460c-8873-d5ebad74d77e_r,46.468003674514485,30.734784007072452,372,
19ea9859-216b-460c-8873-d5ebad74d77e_r,46.46796,30.73592,377,
19ea9859-216b-460c-8873-d5ebad74d77e_r,46.46794,30.73591,379,
19ea9859-216b-460c-8873-d5ebad74d77e_r,46.46806,30.73413,381,
19ea9859-216b-460c-8873-d5ebad74d77e_r,46.46816,30.73378,383,
19ea9859-216b-460c-8873-d5ebad74d77e_r,46.4684,30.73348,385,
19ea9859-216b-460c-8873-d5ebad74d77e_r,46.46849,30.73328,387,
19ea9859-216b-460c-8873-d5ebad74d77e_r,46.46853,30.73288,389,
19ea9859-216b-460c-8873-d5ebad74d77e_r,46.46882,30.72914,391,
19ea9859-216b-460c-8873-d5ebad74d77e_r,46.46882021789344,30.729151368141178,393,
19ea9859-216b-460c-8873-d5ebad74d77e_r,46.46882,30.72915,398,
19ea9859-216b-460c-8873-d5ebad74d77e_r,46.46882,30.72897,400,
19ea9859-216b-460c-8873-d5ebad74d77e_r,46.46882,30.72878,402,
19ea9859-216b-460c-8873-d5ebad74d77e_r,46.46885,30.72836,404,
19ea9859-216b-460c-8873-d5ebad74d77e_r,46.46897,30.7282,406,
19ea9859-216b-460c-8873-d5ebad74d77e_r,46.4703,30.72822,408,
19ea9859-216b-460c-8873-d5ebad74d77e_r,46.47048,30.72823,410,
19ea9859-216b-460c-8873-d5ebad74d77e_r,46.47133,30.72824,412,
19ea9859-216b-460c-8873-d5ebad74d77e_r,46.47143,30.72822,414,
19ea9859-216b-460c-8873-d5ebad74d77e_r,46.47156,30.72813,416,
19ea9859-216b-460c-8873-d5ebad74d77e_r,46.47183,30.72782,418,
19ea9859-216b-460c-8873-d5ebad74d77e_r,46.47203,30.72744,420,
19ea9859-216b-460c-8873-d5ebad74d77e_r,46.47271,30.72669,422,
19ea9859-216b-460c-8873-d5ebad74d77e_r,46.47287,30.72642,424,
19ea9859-216b-460c-8873-d5ebad74d77e_r,46.47292491781627,30.726431608200077,426,
19ea9859-216b-460c-8873-d5ebad74d77e_r,46.47286,30.72644,431,
19ea9859-216b-460c-8873-d5ebad74d77e_r,46.47294,30.72641,433,
19ea9859-216b-460c-8873-d5ebad74d77e_r,46.47318,30.72618,435,
19ea9859-216b-460c-8873-d5ebad74d77e_r,46.47366,30.72564,437,
19ea9859-216b-460c-8873-d5ebad74d77e_r,46.47541,30.72374,439,
19ea9859-216b-460c-8873-d5ebad74d77e_r,46.47545,30.7237,441,
19ea9859-216b-460c-8873-d5ebad74d77e_r,46.47547,30.72363,443,
19ea9859-216b-460c-8873-d5ebad74d77e_r,46.47556,30.72357,445,
19ea9859-216b-460c-8873-d5ebad74d77e_r,46.47562,30.7235,447,
19ea9859-216b-460c-8873-d5ebad74d77e_r,46.47577,30.72345,449,
19ea9859-216b-460c-8873-d5ebad74d77e_r,46.47589,30.7234,451,
19ea9859-216b-460c-8873-d5ebad74d77e_r,46.47589148839826,30.72339534759522,453,
19ea9859-216b-460c-8873-d5ebad74d77e_r,46.47589,30.7234,458,
19ea9859-216b-460c-8873-d5ebad74d77e_r,46.47847,30.72249,460,
19ea9859-216b-460c-8873-d5ebad74d77e_r,46.47825206849665,30.722478032112125,462,
19ea9859-216b-460c-8873-d5ebad74d77e_r,46.47847,30.72249,467,
19ea9859-216b-460c-8873-d5ebad74d77e_r,46.48091,30.72166,469,
19ea9859-216b-460c-8873-d5ebad74d77e_r,46.48091544827838,30.72162508964539,471,
19ea9859-216b-460c-8873-d5ebad74d77e_r,46.4809,30.72166,476,
19ea9859-216b-460c-8873-d5ebad74d77e_r,46.48417,30.7206,478,
19ea9859-216b-460c-8873-d5ebad74d77e_r,46.48409951208285,30.720562934875492,480,
19ea9859-216b-460c-8873-d5ebad74d77e_r,46.48417,30.7206,485,
19ea9859-216b-460c-8873-d5ebad74d77e_r,46.48874,30.719,487,
19ea9859-216b-460c-8873-d5ebad74d77e_r,46.48874,30.71904,489,
19ea9859-216b-460c-8873-d5ebad74d77e_r,46.488742296647736,30.719044804573063,491,
19ea9859-216b-460c-8873-d5ebad74d77e_r,46.48874,30.71904,496,
19ea9859-216b-460c-8873-d5ebad74d77e_r,46.48874,30.719,498,
19ea9859-216b-460c-8873-d5ebad74d77e_r,46.48919,30.71886,500,
19ea9859-216b-460c-8873-d5ebad74d77e_r,46.48973,30.71881,502,
19ea9859-216b-460c-8873-d5ebad74d77e_r,46.49061,30.71879,504,
19ea9859-216b-460c-8873-d5ebad74d77e_r,46.49207,30.71921,506,
19ea9859-216b-460c-8873-d5ebad74d77e_r,46.49339,30.71968,508,
19ea9859-216b-460c-8873-d5ebad74d77e_r,46.49349,30.71972,510,
19ea9859-216b-460c-8873-d5ebad74d77e_r,46.49355,30.71982,512,
19ea9859-216b-460c-8873-d5ebad74d77e_r,46.49356,30.71993,514,
19ea9859-216b-460c-8873-d5ebad74d77e_r,46.49354,30.72005,516,
19ea9859-216b-460c-8873-d5ebad74d77e_r,46.49326,30.72048,518,
19ea9859-216b-460c-8873-d5ebad74d77e_r,46.49319,30.72062,520,
19ea9859-216b-460c-8873-d5ebad74d77e_r,46.49321,30.72075,522,
19ea9859-216b-460c-8873-d5ebad74d77e_r,46.4933,30.72089,524,
19ea9859-216b-460c-8873-d5ebad74d77e_r,46.49411,30.72119,526,
19ea9859-216b-460c-8873-d5ebad74d77e_r,46.4941,30.72122,528,
19ea9859-216b-460c-8873-d5ebad74d77e_r,46.49406051274018,30.721163749694828,530,
ba8d2f28-3344-4e35-a89e-b6fb2a768b92_r,46.49284918703226,30.704061985015873,1,
ba8d2f28-3344-4e35-a89e-b6fb2a768b92_r,46.49299,30.70404,6,
ba8d2f28-3344-4e35-a89e-b6fb2a768b92_r,46.49292,30.70408,8,
ba8d2f28-3344-4e35-a89e-b6fb2a768b92_r,46.49247,30.70435,10,
ba8d2f28-3344-4e35-a89e-b6fb2a768b92_r,46.49217,30.70446,12,
ba8d2f28-3344-4e35-a89e-b6fb2a768b92_r,46.49203,30.7044,14,
ba8d2f28-3344-4e35-a89e-b6fb2a768b92_r,46.49123,30.70378,16,
ba8d2f28-3344-4e35-a89e-b6fb2a768b92_r,46.49119,30.70372,18,
ba8d2f28-3344-4e35-a89e-b6fb2a768b92_r,46.491,30.70312,20,
ba8d2f28-3344-4e35-a89e-b6fb2a768b92_r,46.4908,30.7025,22,
ba8d2f28-3344-4e35-a89e-b6fb2a768b92_r,46.49088,30.70245,24,
ba8d2f28-3344-4e35-a89e-b6fb2a768b92_r,46.4909,30.70249,26,
ba8d2f28-3344-4e35-a89e-b6fb2a768b92_r,46.49089549817439,30.702522397041324,28,
ba8d2f28-3344-4e35-a89e-b6fb2a768b92_r,46.49091,30.70249,33,
ba8d2f28-3344-4e35-a89e-b6fb2a768b92_r,46.49089,30.70245,35,
ba8d2f28-3344-4e35-a89e-b6fb2a768b92_r,46.49081,30.7025,37,
ba8d2f28-3344-4e35-a89e-b6fb2a768b92_r,46.49075,30.7023,39,
ba8d2f28-3344-4e35-a89e-b6fb2a768b92_r,46.49062,30.70183,41,
ba8d2f28-3344-4e35-a89e-b6fb2a768b92_r,46.49041,30.70121,43,
ba8d2f28-3344-4e35-a89e-b6fb2a768b92_r,46.49024,30.70062,45,
ba8d2f28-3344-4e35-a89e-b6fb2a768b92_r,46.49004,30.69996,47,
ba8d2f28-3344-4e35-a89e-b6fb2a768b92_r,46.48985,30.6993,49,
ba8d2f28-3344-4e35-a89e-b6fb2a768b92_r,46.48975,30.69901,51,
ba8d2f28-3344-4e35-a89e-b6fb2a768b92_r,46.48981,30.69898,53,
ba8d2f28-3344-4e35-a89e-b6fb2a768b92_r,46.489806,30.698977,55,
ba8d2f28-3344-4e35-a89e-b6fb2a768b92_r,46.48981,30.69898,60,
ba8d2f28-3344-4e35-a89e-b6fb2a768b92_r,46.48975,30.69901,62,
ba8d2f28-3344-4e35-a89e-b6fb2a768b92_r,46.48967,30.69858,64,
ba8d2f28-3344-4e35-a89e-b6fb2a768b92_r,46.48956,30.69818,66,
ba8d2f28-3344-4e35-a89e-b6fb2a768b92_r,46.48942,30.69801,68,
ba8d2f28-3344-4e35-a89e-b6fb2a768b92_r,46.48901,30.69826,70,
ba8d2f28-3344-4e35-a89e-b6fb2a768b92_r,46.48863,30.69853,72,
ba8d2f28-3344-4e35-a89e-b6fb2a768b92_r,46.48825,30.69877,74,
ba8d2f28-3344-4e35-a89e-b6fb2a768b92_r,46.48809,30.69882,76,
ba8d2f28-3344-4e35-a89e-b6fb2a768b92_r,46.48801838813811,30.69887459278107,78,
ba8d2f28-3344-4e35-a89e-b6fb2a768b92_r,46.48802,30.69887,83,
ba8d2f28-3344-4e35-a89e-b6fb2a768b92_r,46.48804,30.69895,85,
ba8d2f28-3344-4e35-a89e-b6fb2a768b92_r,46.48777,30.69915,87,
ba8d2f28-3344-4e35-a89e-b6fb2a768b92_r,46.48777,30.69919,89,
ba8d2f28-3344-4e35-a89e-b6fb2a768b92_r,46.48775,30.69938,91,
ba8d2f28-3344-4e35-a89e-b6fb2a768b92_r,46.4877,30.69951,93,
ba8d2f28-3344-4e35-a89e-b6fb2a768b92_r,46.48764,30.69966,95,
ba8d2f28-3344-4e35-a89e-b6fb2a768b92_r,46.48702,30.70127,97,
ba8d2f28-3344-4e35-a89e-b6fb2a768b92_r,46.48667,30.70211,99,
ba8d2f28-3344-4e35-a89e-b6fb2a768b92_r,46.48659,30.70232,101,
ba8d2f28-3344-4e35-a89e-b6fb2a768b92_r,46.48639,30.70286,103,
ba8d2f28-3344-4e35-a89e-b6fb2a768b92_r,46.4862,30.70344,105,
ba8d2f28-3344-4e35-a89e-b6fb2a768b92_r,46.48614,30.70361,107,
ba8d2f28-3344-4e35-a89e-b6fb2a768b92_r,46.48609,30.7037,109,
ba8d2f28-3344-4e35-a89e-b6fb2a768b92_r,46.48603,30.70387,111,
ba8d2f28-3344-4e35-a89e-b6fb2a768b92_r,46.48601,30.70393,113,
ba8d2f28-3344-4e35-a89e-b6fb2a768b92_r,46.4859,30.70417,115,
ba8d2f28-3344-4e35-a89e-b6fb2a768b92_r,46.48584,30.70434,117,
ba8d2f28-3344-4e35-a89e-b6fb2a768b92_r,46.48573,30.70458,119,
ba8d2f28-3344-4e35-a89e-b6fb2a768b92_r,46.48573,30.70462,121,
ba8d2f28-3344-4e35-a89e-b6fb2a768b92_r,46.48541,30.70541,123,
ba8d2f28-3344-4e35-a89e-b6fb2a768b92_r,46.48494,30.70659,125,
ba8d2f28-3344-4e35-a89e-b6fb2a768b92_r,46.48472,30.70719,127,
ba8d2f28-3344-4e35-a89e-b6fb2a768b92_r,46.48451,30.70765,129,
ba8d2f28-3344-4e35-a89e-b6fb2a768b92_r,46.48448,30.70771,131,
ba8d2f28-3344-4e35-a89e-b6fb2a768b92_r,46.48446,30.70777,133,
ba8d2f28-3344-4e35-a89e-b6fb2a768b92_r,46.48444,30.70782,135,
ba8d2f28-3344-4e35-a89e-b6fb2a768b92_r,46.48438,30.7079,137,
ba8d2f28-3344-4e35-a89e-b6fb2a768b92_r,46.48427,30.70799,139,
ba8d2f28-3344-4e35-a89e-b6fb2a768b92_r,46.48391,30.70825,141,
ba8d2f28-3344-4e35-a89e-b6fb2a768b92_r,46.48386,30.70829,143,
ba8d2f28-3344-4e35-a89e-b6fb2a768b92_r,46.4832,30.70818,145,
ba8d2f28-3344-4e35-a89e-b6fb2a768b92_r,46.48315,30.70818,147,
ba8d2f28-3344-4e35-a89e-b6fb2a768b92_r,46.48092,30.70782,149,
ba8d2f28-3344-4e35-a89e-b6fb2a768b92_r,46.47966,30.70756,151,
ba8d2f28-3344-4e35-a89e-b6fb2a768b92_r,46.47966,30.70786,153,
ba8d2f28-3344-4e35-a89e-b6fb2a768b92_r,46.47966,30.71134,155,
ba8d2f28-3344-4e35-a89e-b6fb2a768b92_r,46.47966,30.71146,157,
ba8d2f28-3344-4e35-a89e-b6fb2a768b92_r,46.4797,30.71314,159,
ba8d2f28-3344-4e35-a89e-b6fb2a768b92_r,46.4797,30.71318,161,
ba8d2f28-3344-4e35-a89e-b6fb2a768b92_r,46.4797,30.71372,163,
ba8d2f28-3344-4e35-a89e-b6fb2a768b92_r,46.47972,30.71546,165,
ba8d2f28-3344-4e35-a89e-b6fb2a768b92_r,46.48,30.71537,167,
ba8d2f28-3344-4e35-a89e-b6fb2a768b92_r,46.48105,30.71509,169,
ba8d2f28-3344-4e35-a89e-b6fb2a768b92_r,46.48107,30.71507,171,
ba8d2f28-3344-4e35-a89e-b6fb2a768b92_r,46.48114,30.71505,173,
ba8d2f28-3344-4e35-a89e-b6fb2a768b92_r,46.48112,30.71265,175,
ba8d2f28-3344-4e35-a89e-b6fb2a768b92_r,46.48112,30.7126,177,
ba8d2f28-3344-4e35-a89e-b6fb2a768b92_r,46.48112,30.71237,179,
ba8d2f28-3344-4e35-a89e-b6fb2a768b92_r,46.48112,30.71215,181,
ba8d2f28-3344-4e35-a89e-b6fb2a768b92_r,46.48112,30.71211,183,
ba8d2f28-3344-4e35-a89e-b6fb2a768b92_r,46.48109,30.71174,185,
ba8d2f28-3344-4e35-a89e-b6fb2a768b92_r,46.48109,30.71164,187,
ba8d2f28-3344-4e35-a89e-b6fb2a768b92_r,46.48109,30.7115,189,
ba8d2f28-3344-4e35-a89e-b6fb2a768b92_r,46.48104,30.7115,191,
ba8d2f28-3344-4e35-a89e-b6fb2a768b92_r,46.481042,30.711496,193,
ba8d2f28-3344-4e35-a89e-b6fb2a768b92_r,46.48104,30.7115,198,
ba8d2f28-3344-4e35-a89e-b6fb2a768b92_r,46.48106,30.7138,200,
ba8d2f28-3344-4e35-a89e-b6fb2a768b92_r,46.48103,30.71501,202,
ba8d2f28-3344-4e35-a89e-b6fb2a768b92_r,46.48104,30.7163,204,
ba8d2f28-3344-4e35-a89e-b6fb2a768b92_r,46.481041,30.716303,206,
ba8d2f28-3344-4e35-a89e-b6fb2a768b92_r,46.48104,30.7163,211,
ba8d2f28-3344-4e35-a89e-b6fb2a768b92_r,46.48107,30.718,213,
ba8d2f28-3344-4e35-a89e-b6fb2a768b92_r,46.48109,30.71964,215,
ba8d2f28-3344-4e35-a89e-b6fb2a768b92_r,46.48111,30.72048,217,
ba8d2f28-3344-4e35-a89e-b6fb2a768b92_r,46.48115,30.72132,219,
ba8d2f28-3344-4e35-a89e-b6fb2a768b92_r,46.48113,30.72131,221,
ba8d2f28-3344-4e35-a89e-b6fb2a768b92_r,46.481144,30.721314,223,
ba8d2f28-3344-4e35-a89e-b6fb2a768b92_r,46.48114,30.72131,228,
ba8d2f28-3344-4e35-a89e-b6fb2a768b92_r,46.48116,30.72132,230,
ba8d2f28-3344-4e35-a89e-b6fb2a768b92_r,46.48113,30.72147,232,
ba8d2f28-3344-4e35-a89e-b6fb2a768b92_r,46.48114,30.72166,234,
ba8d2f28-3344-4e35-a89e-b6fb2a768b92_r,46.48118,30.72201,236,
ba8d2f28-3344-4e35-a89e-b6fb2a768b92_r,46.48126,30.72239,238,
ba8d2f28-3344-4e35-a89e-b6fb2a768b92_r,46.48139,30.72269,240,
ba8d2f28-3344-4e35-a89e-b6fb2a768b92_r,46.48142,30.72273,242,
ba8d2f28-3344-4e35-a89e-b6fb2a768b92_r,46.48163,30.72312,244,
ba8d2f28-3344-4e35-a89e-b6fb2a768b92_r,46.48185,30.72352,246,
ba8d2f28-3344-4e35-a89e-b6fb2a768b92_r,46.48258,30.72466,248,
ba8d2f28-3344-4e35-a89e-b6fb2a768b92_r,46.48266,30.72474,250,
ba8d2f28-3344-4e35-a89e-b6fb2a768b92_r,46.48276,30.72474,252,
ba8d2f28-3344-4e35-a89e-b6fb2a768b92_r,46.48289,30.72475,254,
ba8d2f28-3344-4e35-a89e-b6fb2a768b92_r,46.48299,30.72473,256,
ba8d2f28-3344-4e35-a89e-b6fb2a768b92_r,46.48311,30.72469,258,
ba8d2f28-3344-4e35-a89e-b6fb2a768b92_r,46.48319,30.72466,260,
ba8d2f28-3344-4e35-a89e-b6fb2a768b92_r,46.48327,30.72468,262,
ba8d2f28-3344-4e35-a89e-b6fb2a768b92_r,46.48336,30.72475,264,
ba8d2f28-3344-4e35-a89e-b6fb2a768b92_r,46.48343,30.72483,266,
ba8d2f28-3344-4e35-a89e-b6fb2a768b92_r,46.48354,30.72503,268,
ba8d2f28-3344-4e35-a89e-b6fb2a768b92_r,46.4836,30.72515,270,
ba8d2f28-3344-4e35-a89e-b6fb2a768b92_r,46.48368,30.72529,272,
ba8d2f28-3344-4e35-a89e-b6fb2a768b92_r,46.48374,30.72548,274,
ba8d2f28-3344-4e35-a89e-b6fb2a768b92_r,46.48374,30.72548,276,
ba8d2f28-3344-4e35-a89e-b6fb2a768b92_r,46.48369,30.72554,278,
ba8d2f28-3344-4e35-a89e-b6fb2a768b92_r,46.483681,30.725554,280,
ba8d2f28-3344-4e35-a89e-b6fb2a768b92_r,46.48368,30.72555,285,
ba8d2f28-3344-4e35-a89e-b6fb2a768b92_r,46.48373,30.72549,287,
ba8d2f28-3344-4e35-a89e-b6fb2a768b92_r,46.4839,30.72572,289,
ba8d2f28-3344-4e35-a89e-b6fb2a768b92_r,46.48402,30.72591,291,
ba8d2f28-3344-4e35-a89e-b6fb2a768b92_r,46.48403,30.72611,293,
ba8d2f28-3344-4e35-a89e-b6fb2a768b92_r,46.48396,30.72627,295,
ba8d2f28-3344-4e35-a89e-b6fb2a768b92_r,46.48389,30.72638,297,
ba8d2f28-3344-4e35-a89e-b6fb2a768b92_r,46.48305,30.72747,299,
ba8d2f28-3344-4e35-a89e-b6fb2a768b92_r,46.48298,30.72756,301,
ba8d2f28-3344-4e35-a89e-b6fb2a768b92_r,46.48281,30.72777,303,
ba8d2f28-3344-4e35-a89e-b6fb2a768b92_r,46.48257,30.72807,305,
ba8d2f28-3344-4e35-a89e-b6fb2a768b92_r,46.48256,30.7281,307,
ba8d2f28-3344-4e35-a89e-b6fb2a768b92_r,46.48246,30.72797,309,
ba8d2f28-3344-4e35-a89e-b6fb2a768b92_r,46.482507503474146,30.72807312011719,311,
ba8d2f28-3344-4e35-a89e-b6fb2a768b92_r,46.48246,30.72797,316,
ba8d2f28-3344-4e35-a89e-b6fb2a768b92_r,46.48256,30.7281,318,
ba8d2f28-3344-4e35-a89e-b6fb2a768b92_r,46.48253,30.72814,320,
ba8d2f28-3344-4e35-a89e-b6fb2a768b92_r,46.48238,30.72831,322,
ba8d2f28-3344-4e35-a89e-b6fb2a768b92_r,46.48232,30.7284,324,
ba8d2f28-3344-4e35-a89e-b6fb2a768b92_r,46.48227,30.72844,326,
ba8d2f28-3344-4e35-a89e-b6fb2a768b92_r,46.4821,30.72867,328,
ba8d2f28-3344-4e35-a89e-b6fb2a768b92_r,46.48187,30.72895,330,
ba8d2f28-3344-4e35-a89e-b6fb2a768b92_r,46.48165,30.72923,332,
ba8d2f28-3344-4e35-a89e-b6fb2a768b92_r,46.48142,30.72951,334,
ba8d2f28-3344-4e35-a89e-b6fb2a768b92_r,46.4812,30.72977,336,
ba8d2f28-3344-4e35-a89e-b6fb2a768b92_r,46.48097,30.73007,338,
ba8d2f28-3344-4e35-a89e-b6fb2a768b92_r,46.48079,30.7303,340,
ba8d2f28-3344-4e35-a89e-b6fb2a768b92_r,46.48073,30.73037,342,
ba8d2f28-3344-4e35-a89e-b6fb2a768b92_r,46.48017,30.73104,344,
ba8d2f28-3344-4e35-a89e-b6fb2a768b92_r,46.48009,30.73097,346,
ba8d2f28-3344-4e35-a89e-b6fb2a768b92_r,46.4801692718048,30.730953812599186,348,
ba8d2f28-3344-4e35-a89e-b6fb2a768b92_r,46.4801,30.73097,353,
ba8d2f28-3344-4e35-a89e-b6fb2a768b92_r,46.48017,30.73104,355,
ba8d2f28-3344-4e35-a89e-b6fb2a768b92_r,46.47988,30.7314,357,
ba8d2f28-3344-4e35-a89e-b6fb2a768b92_r,46.47967,30.73165,359,
ba8d2f28-3344-4e35-a89e-b6fb2a768b92_r,46.47954,30.73181,361,
ba8d2f28-3344-4e35-a89e-b6fb2a768b92_r,46.47941,30.7319,363,
ba8d2f28-3344-4e35-a89e-b6fb2a768b92_r,46.47904,30.73185,365,
ba8d2f28-3344-4e35-a89e-b6fb2a768b92_r,46.47874,30.73181,367,
ba8d2f28-3344-4e35-a89e-b6fb2a768b92_r,46.47867,30.73168,369,
ba8d2f28-3344-4e35-a89e-b6fb2a768b92_r,46.47868427629636,30.73181748390198,371,
ba8d2f28-3344-4e35-a89e-b6fb2a768b92_r,46.47868,30.73182,376,
ba8d2f28-3344-4e35-a89e-b6fb2a768b92_r,46.47868,30.73185,378,
ba8d2f28-3344-4e35-a89e-b6fb2a768b92_r,46.47871,30.73185,380,
ba8d2f28-3344-4e35-a89e-b6fb2a768b92_r,46.4788,30.73187,382,
ba8d2f28-3344-4e35-a89e-b6fb2a768b92_r,46.47882,30.73187,384,
ba8d2f28-3344-4e35-a89e-b6fb2a768b92_r,46.47912,30.73191,386,
ba8d2f28-3344-4e35-a89e-b6fb2a768b92_r,46.47916,30.73191,388,
ba8d2f28-3344-4e35-a89e-b6fb2a768b92_r,46.47929,30.73194,390,
ba8d2f28-3344-4e35-a89e-b6fb2a768b92_r,46.47936,30.73194,392,
ba8d2f28-3344-4e35-a89e-b6fb2a768b92_r,46.47944,30.73196,394,
ba8d2f28-3344-4e35-a89e-b6fb2a768b92_r,46.47949,30.73196,396,
ba8d2f28-3344-4e35-a89e-b6fb2a768b92_r,46.47961,30.73198,398,
ba8d2f28-3344-4e35-a89e-b6fb2a768b92_r,46.47974,30.73198,400,
ba8d2f28-3344-4e35-a89e-b6fb2a768b92_r,46.47987,30.732,402,
ba8d2f28-3344-4e35-a89e-b6fb2a768b92_r,46.47991,30.73202,404,
ba8d2f28-3344-4e35-a89e-b6fb2a768b92_r,46.47994,30.732,406,
ba8d2f28-3344-4e35-a89e-b6fb2a768b92_r,46.47998,30.732,408,
ba8d2f28-3344-4e35-a89e-b6fb2a768b92_r,46.48002,30.73196,410,
ba8d2f28-3344-4e35-a89e-b6fb2a768b92_r,46.48004,30.73191,412,
ba8d2f28-3344-4e35-a89e-b6fb2a768b92_r,46.48009,30.73187,414,
ba8d2f28-3344-4e35-a89e-b6fb2a768b92_r,46.48009,30.73181,416,
ba8d2f28-3344-4e35-a89e-b6fb2a768b92_r,46.48009,30.73172,418,
ba8d2f28-3344-4e35-a89e-b6fb2a768b92_r,46.48009,30.73168,420,
ba8d2f28-3344-4e35-a89e-b6fb2a768b92_r,46.48006,30.73161,422,
ba8d2f28-3344-4e35-a89e-b6fb2a768b92_r,46.48004,30.73157,424,
ba8d2f28-3344-4e35-a89e-b6fb2a768b92_r,46.47996,30.73148,426,
ba8d2f28-3344-4e35-a89e-b6fb2a768b92_r,46.47991,30.7314,428,
ba8d2f28-3344-4e35-a89e-b6fb2a768b92_r,46.47989,30.7314,430,
ba8d2f28-3344-4e35-a89e-b6fb2a768b92_r,46.47985,30.73129,432,
ba8d2f28-3344-4e35-a89e-b6fb2a768b92_r,46.47983,30.73127,434,
ba8d2f28-3344-4e35-a89e-b6fb2a768b92_r,46.47983,30.73125,436,
ba8d2f28-3344-4e35-a89e-b6fb2a768b92_r,46.47981,30.73125,438,
ba8d2f28-3344-4e35-a89e-b6fb2a768b92_r,46.47976,30.73116,440,
ba8d2f28-3344-4e35-a89e-b6fb2a768b92_r,46.4797,30.73103,442,
ba8d2f28-3344-4e35-a89e-b6fb2a768b92_r,46.47968,30.73099,444,
ba8d2f28-3344-4e35-a89e-b6fb2a768b92_r,46.47949,30.73067,446,
ba8d2f28-3344-4e35-a89e-b6fb2a768b92_r,46.47933,30.73039,448,
ba8d2f28-3344-4e35-a89e-b6fb2a768b92_r,46.47925,30.73024,450,
ba8d2f28-3344-4e35-a89e-b6fb2a768b92_r,46.47906,30.7299,452,
ba8d2f28-3344-4e35-a89e-b6fb2a768b92_r,46.47897,30.72973,454,
ba8d2f28-3344-4e35-a89e-b6fb2a768b92_r,46.47888,30.72962,456,
ba8d2f28-3344-4e35-a89e-b6fb2a768b92_r,46.47886,30.72958,458,
ba8d2f28-3344-4e35-a89e-b6fb2a768b92_r,46.47852,30.72893,460,
ba8d2f28-3344-4e35-a89e-b6fb2a768b92_r,46.47813,30.72829,462,
ba8d2f28-3344-4e35-a89e-b6fb2a768b92_r,46.47809,30.7282,464,
ba8d2f28-3344-4e35-a89e-b6fb2a768b92_r,46.47803,30.72809,466,
ba8d2f28-3344-4e35-a89e-b6fb2a768b92_r,46.47764,30.72741,468,
ba8d2f28-3344-4e35-a89e-b6fb2a768b92_r,46.47743,30.72702,470,
ba8d2f28-3344-4e35-a89e-b6fb2a768b92_r,46.47732,30.72685,472,
ba8d2f28-3344-4e35-a89e-b6fb2a768b92_r,46.4773,30.72681,474,
ba8d2f28-3344-4e35-a89e-b6fb2a768b92_r,46.47721,30.72666,476,
ba8d2f28-3344-4e35-a89e-b6fb2a768b92_r,46.47723,30.72661,478,
ba8d2f28-3344-4e35-a89e-b6fb2a768b92_r,46.47747,30.72634,480,
ba8d2f28-3344-4e35-a89e-b6fb2a768b92_r,46.47764,30.7261,482,
ba8d2f28-3344-4e35-a89e-b6fb2a768b92_r,46.47768,30.72603,484,
ba8d2f28-3344-4e35-a89e-b6fb2a768b92_r,46.47777,30.72593,486,
ba8d2f28-3344-4e35-a89e-b6fb2a768b92_r,46.47796,30.72569,488,
ba8d2f28-3344-4e35-a89e-b6fb2a768b92_r,46.47822,30.72537,490,
ba8d2f28-3344-4e35-a89e-b6fb2a768b92_r,46.47824,30.72535,492,
ba8d2f28-3344-4e35-a89e-b6fb2a768b92_r,46.47848,30.72505,494,
ba8d2f28-3344-4e35-a89e-b6fb2a768b92_r,46.47921,30.7241,496,
ba8d2f28-3344-4e35-a89e-b6fb2a768b92_r,46.47923,30.72408,498,
ba8d2f28-3344-4e35-a89e-b6fb2a768b92_r,46.47925,30.72406,500,
ba8d2f28-3344-4e35-a89e-b6fb2a768b92_r,46.47929,30.724,502,
ba8d2f28-3344-4e35-a89e-b6fb2a768b92_r,46.47942,30.72382,504,
ba8d2f28-3344-4e35-a89e-b6fb2a768b92_r,46.47951,30.7238,506,
ba8d2f28-3344-4e35-a89e-b6fb2a768b92_r,46.47957,30.72374,508,
ba8d2f28-3344-4e35-a89e-b6fb2a768b92_r,46.47961,30.7237,510,
ba8d2f28-3344-4e35-a89e-b6fb2a768b92_r,46.47964,30.72361,512,
ba8d2f28-3344-4e35-a89e-b6fb2a768b92_r,46.47966,30.7235,514,
ba8d2f28-3344-4e35-a89e-b6fb2a768b92_r,46.47972,30.7234,516,
ba8d2f28-3344-4e35-a89e-b6fb2a768b92_r,46.47979,30.72331,518,
ba8d2f28-3344-4e35-a89e-b6fb2a768b92_r,46.47987,30.72327,520,
ba8d2f28-3344-4e35-a89e-b6fb2a768b92_r,46.47991,30.72322,522,
ba8d2f28-3344-4e35-a89e-b6fb2a768b92_r,46.48013,30.72309,524,
ba8d2f28-3344-4e35-a89e-b6fb2a768b92_r,46.48049,30.72288,526,
ba8d2f28-3344-4e35-a89e-b6fb2a768b92_r,46.48064,30.72277,528,
ba8d2f28-3344-4e35-a89e-b6fb2a768b92_r,46.48071,30.72273,530,
ba8d2f28-3344-4e35-a89e-b6fb2a768b92_r,46.48124,30.72241,532,
ba8d2f28-3344-4e35-a89e-b6fb2a768b92_r,46.48127,30.72241,534,
ba8d2f28-3344-4e35-a89e-b6fb2a768b92_r,46.48129,30.72239,536,
ba8d2f28-3344-4e35-a89e-b6fb2a768b92_r,46.48124,30.7223,538,
ba8d2f28-3344-4e35-a89e-b6fb2a768b92_r,46.48122,30.72219,540,
ba8d2f28-3344-4e35-a89e-b6fb2a768b92_r,46.48122,30.72202,542,
ba8d2f28-3344-4e35-a89e-b6fb2a768b92_r,46.48118,30.72179,544,
ba8d2f28-3344-4e35-a89e-b6fb2a768b92_r,46.48116,30.72155,546,
ba8d2f28-3344-4e35-a89e-b6fb2a768b92_r,46.48116,30.72151,548,
ba8d2f28-3344-4e35-a89e-b6fb2a768b92_r,46.48116,30.72149,550,
ba8d2f28-3344-4e35-a89e-b6fb2a768b92_r,46.48118,30.72078,552,
ba8d2f28-3344-4e35-a89e-b6fb2a768b92_r,46.48118,30.71992,554,
ba8d2f28-3344-4e35-a89e-b6fb2a768b92_r,46.48118,30.71921,556,
ba8d2f28-3344-4e35-a89e-b6fb2a768b92_r,46.48118,30.71904,558,
ba8d2f28-3344-4e35-a89e-b6fb2a768b92_r,46.48118,30.7181,560,
ba8d2f28-3344-4e35-a89e-b6fb2a768b92_r,46.48116,30.71758,562,
ba8d2f28-3344-4e35-a89e-b6fb2a768b92_r,46.48116,30.71649,564,
ba8d2f28-3344-4e35-a89e-b6fb2a768b92_r,46.48114,30.71621,566,
ba8d2f28-3344-4e35-a89e-b6fb2a768b92_r,46.48114,30.71505,568,
ba8d2f28-3344-4e35-a89e-b6fb2a768b92_r,46.48112,30.71265,570,
ba8d2f28-3344-4e35-a89e-b6fb2a768b92_r,46.48112,30.7126,572,
ba8d2f28-3344-4e35-a89e-b6fb2a768b92_r,46.48112,30.71237,574,
ba8d2f28-3344-4e35-a89e-b6fb2a768b92_r,46.48112,30.71215,576,
ba8d2f28-3344-4e35-a89e-b6fb2a768b92_r,46.48112,30.71211,578,
ba8d2f28-3344-4e35-a89e-b6fb2a768b92_r,46.48109,30.71174,580,
ba8d2f28-3344-4e35-a89e-b6fb2a768b92_r,46.48109,30.71164,582,
ba8d2f28-3344-4e35-a89e-b6fb2a768b92_r,46.48109,30.71131,584,
ba8d2f28-3344-4e35-a89e-b6fb2a768b92_r,46.48109,30.71086,586,
ba8d2f28-3344-4e35-a89e-b6fb2a768b92_r,46.48109,30.71074,588,
ba8d2f28-3344-4e35-a89e-b6fb2a768b92_r,46.48109,30.71046,590,
ba8d2f28-3344-4e35-a89e-b6fb2a768b92_r,46.48109,30.71039,592,
ba8d2f28-3344-4e35-a89e-b6fb2a768b92_r,46.48109,30.71035,594,
ba8d2f28-3344-4e35-a89e-b6fb2a768b92_r,46.48112,30.71031,596,
ba8d2f28-3344-4e35-a89e-b6fb2a768b92_r,46.48114,30.71024,598,
ba8d2f28-3344-4e35-a89e-b6fb2a768b92_r,46.4812,30.71018,600,
ba8d2f28-3344-4e35-a89e-b6fb2a768b92_r,46.48131,30.71009,602,
ba8d2f28-3344-4e35-a89e-b6fb2a768b92_r,46.48217,30.70951,604,
ba8d2f28-3344-4e35-a89e-b6fb2a768b92_r,46.48305,30.70887,606,
ba8d2f28-3344-4e35-a89e-b6fb2a768b92_r,46.48318,30.70876,608,
ba8d2f28-3344-4e35-a89e-b6fb2a768b92_r,46.48345,30.70855,610,
ba8d2f28-3344-4e35-a89e-b6fb2a768b92_r,46.48386,30.70829,612,
ba8d2f28-3344-4e35-a89e-b6fb2a768b92_r,46.48391,30.70825,614,
ba8d2f28-3344-4e35-a89e-b6fb2a768b92_r,46.48427,30.70799,616,
ba8d2f28-3344-4e35-a89e-b6fb2a768b92_r,46.48438,30.7079,618,
ba8d2f28-3344-4e35-a89e-b6fb2a768b92_r,46.48444,30.70782,620,
ba8d2f28-3344-4e35-a89e-b6fb2a768b92_r,46.48446,30.70777,622,
ba8d2f28-3344-4e35-a89e-b6fb2a768b92_r,46.48448,30.70771,624,
ba8d2f28-3344-4e35-a89e-b6fb2a768b92_r,46.48451,30.70765,626,
ba8d2f28-3344-4e35-a89e-b6fb2a768b92_r,46.48472,30.70719,628,
ba8d2f28-3344-4e35-a89e-b6fb2a768b92_r,46.48494,30.70659,630,
ba8d2f28-3344-4e35-a89e-b6fb2a768b92_r,46.48506,30.70629,632,
ba8d2f28-3344-4e35-a89e-b6fb2a768b92_r,46.48492,30.70617,634,
ba8d2f28-3344-4e35-a89e-b6fb2a768b92_r,46.484915,30.706171,636,
ba8d2f28-3344-4e35-a89e-b6fb2a768b92_r,46.48492,30.70617,641,
ba8d2f28-3344-4e35-a89e-b6fb2a768b92_r,46.48506,30.70629,643,
ba8d2f28-3344-4e35-a89e-b6fb2a768b92_r,46.48494,30.70659,645,
ba8d2f28-3344-4e35-a89e-b6fb2a768b92_r,46.48472,30.70719,647,
ba8d2f28-3344-4e35-a89e-b6fb2a768b92_r,46.48451,30.70765,649,
ba8d2f28-3344-4e35-a89e-b6fb2a768b92_r,46.48448,30.70771,651,
ba8d2f28-3344-4e35-a89e-b6fb2a768b92_r,46.48446,30.70777,653,
ba8d2f28-3344-4e35-a89e-b6fb2a768b92_r,46.48444,30.70782,655,
ba8d2f28-3344-4e35-a89e-b6fb2a768b92_r,46.48438,30.7079,657,
ba8d2f28-3344-4e35-a89e-b6fb2a768b92_r,46.48427,30.70799,659,
ba8d2f28-3344-4e35-a89e-b6fb2a768b92_r,46.48391,30.70825,661,
ba8d2f28-3344-4e35-a89e-b6fb2a768b92_r,46.48386,30.70829,663,
ba8d2f28-3344-4e35-a89e-b6fb2a768b92_r,46.4832,30.70818,665,
ba8d2f28-3344-4e35-a89e-b6fb2a768b92_r,46.48315,30.70818,667,
ba8d2f28-3344-4e35-a89e-b6fb2a768b92_r,46.48092,30.70782,669,
ba8d2f28-3344-4e35-a89e-b6fb2a768b92_r,46.47966,30.70756,671,
ba8d2f28-3344-4e35-a89e-b6fb2a768b92_r,46.47966,30.70786,673,
ba8d2f28-3344-4e35-a89e-b6fb2a768b92_r,46.47966,30.71134,675,
ba8d2f28-3344-4e35-a89e-b6fb2a768b92_r,46.47966,30.71146,677,
ba8d2f28-3344-4e35-a89e-b6fb2a768b92_r,46.4797,30.71314,679,
ba8d2f28-3344-4e35-a89e-b6fb2a768b92_r,46.4797,30.71318,681,
ba8d2f28-3344-4e35-a89e-b6fb2a768b92_r,46.4797,30.71372,683,
ba8d2f28-3344-4e35-a89e-b6fb2a768b92_r,46.47972,30.71546,685,
ba8d2f28-3344-4e35-a89e-b6fb2a768b92_r,46.47974,30.71685,687,
ba8d2f28-3344-4e35-a89e-b6fb2a768b92_r,46.47976,30.7184,689,
ba8d2f28-3344-4e35-a89e-b6fb2a768b92_r,46.47979,30.71968,691,
ba8d2f28-3344-4e35-a89e-b6fb2a768b92_r,46.47981,30.72037,693,
ba8d2f28-3344-4e35-a89e-b6fb2a768b92_r,46.47981,30.7208,695,
ba8d2f28-3344-4e35-a89e-b6fb2a768b92_r,46.47981,30.72114,697,
ba8d2f28-3344-4e35-a89e-b6fb2a768b92_r,46.47981,30.72123,699,
ba8d2f28-3344-4e35-a89e-b6fb2a768b92_r,46.47981,30.72129,701,
ba8d2f28-3344-4e35-a89e-b6fb2a768b92_r,46.47983,30.72189,703,
ba8d2f28-3344-4e35-a89e-b6fb2a768b92_r,46.47983,30.72191,705,
ba8d2f28-3344-4e35-a89e-b6fb2a768b92_r,46.47983,30.72194,707,
ba8d2f28-3344-4e35-a89e-b6fb2a768b92_r,46.47953,30.72204,709,
ba8d2f28-3344-4e35-a89e-b6fb2a768b92_r,46.47953,30.72206,711,
ba8d2f28-3344-4e35-a89e-b6fb2a768b92_r,46.47968,30.72275,713,
ba8d2f28-3344-4e35-a89e-b6fb2a768b92_r,46.47974,30.72314,715,
ba8d2f28-3344-4e35-a89e-b6fb2a768b92_r,46.47979,30.72331,717,
ba8d2f28-3344-4e35-a89e-b6fb2a768b92_r,46.47966,30.72335,719,
ba8d2f28-3344-4e35-a89e-b6fb2a768b92_r,46.47953,30.72337,721,
ba8d2f28-3344-4e35-a89e-b6fb2a768b92_r,46.47938,30.72342,723,
ba8d2f28-3344-4e35-a89e-b6fb2a768b92_r,46.47923,30.72346,725,
ba8d2f28-3344-4e35-a89e-b6fb2a768b92_r,46.47918,30.72346,727,
ba8d2f28-3344-4e35-a89e-b6fb2a768b92_r,46.47916,30.72348,729,
ba8d2f28-3344-4e35-a89e-b6fb2a768b92_r,46.47914,30.72352,731,
ba8d2f28-3344-4e35-a89e-b6fb2a768b92_r,46.47912,30.72357,733,
ba8d2f28-3344-4e35-a89e-b6fb2a768b92_r,46.47912,30.72363,735,
ba8d2f28-3344-4e35-a89e-b6fb2a768b92_r,46.47912,30.7237,737,
ba8d2f28-3344-4e35-a89e-b6fb2a768b92_r,46.47914,30.72374,739,
ba8d2f28-3344-4e35-a89e-b6fb2a768b92_r,46.47916,30.72376,741,
ba8d2f28-3344-4e35-a89e-b6fb2a768b92_r,46.47921,30.7238,743,
ba8d2f28-3344-4e35-a89e-b6fb2a768b92_r,46.47923,30.72385,745,
ba8d2f28-3344-4e35-a89e-b6fb2a768b92_r,46.47925,30.72391,747,
ba8d2f28-3344-4e35-a89e-b6fb2a768b92_r,46.47925,30.72397,749,
ba8d2f28-3344-4e35-a89e-b6fb2a768b92_r,46.47925,30.72406,751,
ba8d2f28-3344-4e35-a89e-b6fb2a768b92_r,46.47923,30.72408,753,
ba8d2f28-3344-4e35-a89e-b6fb2a768b92_r,46.47921,30.7241,755,
ba8d2f28-3344-4e35-a89e-b6fb2a768b92_r,46.47848,30.72505,757,
ba8d2f28-3344-4e35-a89e-b6fb2a768b92_r,46.47824,30.72535,759,
ba8d2f28-3344-4e35-a89e-b6fb2a768b92_r,46.47822,30.72537,761,
ba8d2f28-3344-4e35-a89e-b6fb2a768b92_r,46.47796,30.72569,763,
ba8d2f28-3344-4e35-a89e-b6fb2a768b92_r,46.47777,30.72593,765,
ba8d2f28-3344-4e35-a89e-b6fb2a768b92_r,46.47768,30.72603,767,
ba8d2f28-3344-4e35-a89e-b6fb2a768b92_r,46.47764,30.7261,769,
ba8d2f28-3344-4e35-a89e-b6fb2a768b92_r,46.47747,30.72634,771,
ba8d2f28-3344-4e35-a89e-b6fb2a768b92_r,46.47723,30.72661,773,
ba8d2f28-3344-4e35-a89e-b6fb2a768b92_r,46.47721,30.72666,775,
ba8d2f28-3344-4e35-a89e-b6fb2a768b92_r,46.47719,30.72666,777,
ba8d2f28-3344-4e35-a89e-b6fb2a768b92_r,46.4771,30.72679,779,
ba8d2f28-3344-4e35-a89e-b6fb2a768b92_r,46.47697,30.72696,781,
ba8d2f28-3344-4e35-a89e-b6fb2a768b92_r,46.47693,30.727,783,
ba8d2f28-3344-4e35-a89e-b6fb2a768b92_r,46.47672,30.72728,785,
ba8d2f28-3344-4e35-a89e-b6fb2a768b92_r,46.4767,30.72732,787,
ba8d2f28-3344-4e35-a89e-b6fb2a768b92_r,46.47663,30.72739,789,
ba8d2f28-3344-4e35-a89e-b6fb2a768b92_r,46.47661,30.72743,791,
ba8d2f28-3344-4e35-a89e-b6fb2a768b92_r,46.47648,30.72762,793,
ba8d2f28-3344-4e35-a89e-b6fb2a768b92_r,46.47644,30.72773,795,
ba8d2f28-3344-4e35-a89e-b6fb2a768b92_r,46.47644,30.72777,797,
ba8d2f28-3344-4e35-a89e-b6fb2a768b92_r,46.4764,30.72831,799,
ba8d2f28-3344-4e35-a89e-b6fb2a768b92_r,46.47635,30.72885,801,
ba8d2f28-3344-4e35-a89e-b6fb2a768b92_r,46.47633,30.72936,803,
ba8d2f28-3344-4e35-a89e-b6fb2a768b92_r,46.47631,30.72947,805,
ba8d2f28-3344-4e35-a89e-b6fb2a768b92_r,46.47631,30.7296,807,
ba8d2f28-3344-4e35-a89e-b6fb2a768b92_r,46.47629,30.72983,809,
ba8d2f28-3344-4e35-a89e-b6fb2a768b92_r,46.47629,30.72988,811,
ba8d2f28-3344-4e35-a89e-b6fb2a768b92_r,46.47624,30.73024,813,
ba8d2f28-3344-4e35-a89e-b6fb2a768b92_r,46.47622,30.73054,815,
ba8d2f28-3344-4e35-a89e-b6fb2a768b92_r,46.47622,30.73063,817,
ba8d2f28-3344-4e35-a89e-b6fb2a768b92_r,46.47622,30.73069,819,
ba8d2f28-3344-4e35-a89e-b6fb2a768b92_r,46.47618,30.73101,821,
ba8d2f28-3344-4e35-a89e-b6fb2a768b92_r,46.47618,30.73123,823,
ba8d2f28-3344-4e35-a89e-b6fb2a768b92_r,46.47616,30.73146,825,
ba8d2f28-3344-4e35-a89e-b6fb2a768b92_r,46.47616,30.73151,827,
ba8d2f28-3344-4e35-a89e-b6fb2a768b92_r,46.47629,30.73153,829,
ba8d2f28-3344-4e35-a89e-b6fb2a768b92_r,46.4764,30.73153,831,
ba8d2f28-3344-4e35-a89e-b6fb2a768b92_r,46.47642,30.73153,833,
ba8d2f28-3344-4e35-a89e-b6fb2a768b92_r,46.47642,30.73151,835,
ba8d2f28-3344-4e35-a89e-b6fb2a768b92_r,46.476419764826126,30.731506347656254,837,
ba8d2f28-3344-4e35-a89e-b6fb2a768b92_r,46.4764,30.73138,842,
ba8d2f28-3344-4e35-a89e-b6fb2a768b92_r,46.47624,30.73144,844,
ba8d2f28-3344-4e35-a89e-b6fb2a768b92_r,46.47595,30.73139,846,
ba8d2f28-3344-4e35-a89e-b6fb2a768b92_r,46.47513,30.73128,848,
ba8d2f28-3344-4e35-a89e-b6fb2a768b92_r,46.47435,30.73115,850,
ba8d2f28-3344-4e35-a89e-b6fb2a768b92_r,46.47392,30.73109,852,
ba8d2f28-3344-4e35-a89e-b6fb2a768b92_r,46.4737,30.73106,854,
ba8d2f28-3344-4e35-a89e-b6fb2a768b92_r,46.47357,30.73097,856,
ba8d2f28-3344-4e35-a89e-b6fb2a768b92_r,46.47355297240483,30.73105573654175,858,
ba8d2f28-3344-4e35-a89e-b6fb2a768b92_r,46.47357,30.73097,863,
ba8d2f28-3344-4e35-a89e-b6fb2a768b92_r,46.47313,30.731,865,
ba8d2f28-3344-4e35-a89e-b6fb2a768b92_r,46.4722,30.73086,867,
ba8d2f28-3344-4e35-a89e-b6fb2a768b92_r,46.47091,30.7307,869,
ba8d2f28-3344-4e35-a89e-b6fb2a768b92_r,46.47056,30.73062,871,
ba8d2f28-3344-4e35-a89e-b6fb2a768b92_r,46.47047,30.73054,873,
ba8d2f28-3344-4e35-a89e-b6fb2a768b92_r,46.47048282491877,30.73059976100922,875,
ba8d2f28-3344-4e35-a89e-b6fb2a768b92_r,46.47047,30.73054,880,
ba8d2f28-3344-4e35-a89e-b6fb2a768b92_r,46.47033,30.73062,882,
ba8d2f28-3344-4e35-a89e-b6fb2a768b92_r,46.46965,30.73052,884,
ba8d2f28-3344-4e35-a89e-b6fb2a768b92_r,46.46908,30.73046,886,
ba8d2f28-3344-4e35-a89e-b6fb2a768b92_r,46.46891,30.73041,888,
ba8d2f28-3344-4e35-a89e-b6fb2a768b92_r,46.46877,30.73022,890,
ba8d2f28-3344-4e35-a89e-b6fb2a768b92_r,46.46873,30.73002,892,
ba8d2f28-3344-4e35-a89e-b6fb2a768b92_r,46.46874,30.72971,894,
ba8d2f28-3344-4e35-a89e-b6fb2a768b92_r,46.46877,30.72933,896,
ba8d2f28-3344-4e35-a89e-b6fb2a768b92_r,46.46881,30.72916,898,
ba8d2f28-3344-4e35-a89e-b6fb2a768b92_r,46.46882021789344,30.729151368141178,900,
ba8d2f28-3344-4e35-a89e-b6fb2a768b92_r,46.46882,30.72915,905,
ba8d2f28-3344-4e35-a89e-b6fb2a768b92_r,46.46882,30.7289,907,
ba8d2f28-3344-4e35-a89e-b6fb2a768b92_r,46.4688,30.72875,909,
ba8d2f28-3344-4e35-a89e-b6fb2a768b92_r,46.46877,30.72859,911,
ba8d2f28-3344-4e35-a89e-b6fb2a768b92_r,46.46869,30.72843,913,
ba8d2f28-3344-4e35-a89e-b6fb2a768b92_r,46.46857,30.72826,915,
ba8d2f28-3344-4e35-a89e-b6fb2a768b92_r,46.46846,30.7281,917,
ba8d2f28-3344-4e35-a89e-b6fb2a768b92_r,46.46824,30.7277,919,
ba8d2f28-3344-4e35-a89e-b6fb2a768b92_r,46.46814,30.72757,921,
ba8d2f28-3344-4e35-a89e-b6fb2a768b92_r,46.46798,30.72749,923,
ba8d2f28-3344-4e35-a89e-b6fb2a768b92_r,46.46631,30.72741,925,
ba8d2f28-3344-4e35-a89e-b6fb2a768b92_r,46.46616,30.72737,927,
ba8d2f28-3344-4e35-a89e-b6fb2a768b92_r,46.46604,30.72726,929,
ba8d2f28-3344-4e35-a89e-b6fb2a768b92_r,46.46593,30.72709,931,
ba8d2f28-3344-4e35-a89e-b6fb2a768b92_r,46.46587,30.72694,933,
ba8d2f28-3344-4e35-a89e-b6fb2a768b92_r,46.465871736550504,30.726951956748966,935,
ba8d2f28-3344-4e35-a89e-b6fb2a768b92_r,46.46587,30.72695,940,
ba8d2f28-3344-4e35-a89e-b6fb2a768b92_r,46.46399,30.72401,942,
ba8d2f28-3344-4e35-a89e-b6fb2a768b92_r,46.46399098019053,30.724012255668644,944,
ba8d2f28-3344-4e35-a89e-b6fb2a768b92_r,46.46399,30.72401,949,
ba8d2f28-3344-4e35-a89e-b6fb2a768b92_r,46.46164,30.7203,951,
ba8d2f28-3344-4e35-a89e-b6fb2a768b92_r,46.461637171946734,30.720305442810062,953,
ba8d2f28-3344-4e35-a89e-b6fb2a768b92_r,46.46164,30.72031,958,
ba8d2f28-3344-4e35-a89e-b6fb2a768b92_r,46.46076,30.71898,960,
ba8d2f28-3344-4e35-a89e-b6fb2a768b92_r,46.45989,30.71763,962,
ba8d2f28-3344-4e35-a89e-b6fb2a768b92_r,46.45989,30.71764,964,
ba8d2f28-3344-4e35-a89e-b6fb2a768b92_r,46.459877,30.717644,966,
ba8d2f28-3344-4e35-a89e-b6fb2a768b92_r,46.45988,30.71764,971,
ba8d2f28-3344-4e35-a89e-b6fb2a768b92_r,46.45988,30.71763,973,
ba8d2f28-3344-4e35-a89e-b6fb2a768b92_r,46.45969,30.71732,975,
ba8d2f28-3344-4e35-a89e-b6fb2a768b92_r,46.45962,30.71711,977,
ba8d2f28-3344-4e35-a89e-b6fb2a768b92_r,46.45956,30.71676,979,
ba8d2f28-3344-4e35-a89e-b6fb2a768b92_r,46.45955,30.71653,981,
ba8d2f28-3344-4e35-a89e-b6fb2a768b92_r,46.45952,30.71625,983,
ba8d2f28-3344-4e35-a89e-b6fb2a768b92_r,46.45953,30.71565,985,
ba8d2f28-3344-4e35-a89e-b6fb2a768b92_r,46.45954,30.71515,987,
ba8d2f28-3344-4e35-a89e-b6fb2a768b92_r,46.45956,30.71481,989,
ba8d2f28-3344-4e35-a89e-b6fb2a768b92_r,46.4596,30.71471,991,
ba8d2f28-3344-4e35-a89e-b6fb2a768b92_r,46.45966,30.71464,993,
ba8d2f28-3344-4e35-a89e-b6fb2a768b92_r,46.45984,30.71455,995,
ba8d2f28-3344-4e35-a89e-b6fb2a768b92_r,46.46007,30.71444,997,
ba8d2f28-3344-4e35-a89e-b6fb2a768b92_r,46.46014,30.71436,999,
ba8d2f28-3344-4e35-a89e-b6fb2a768b92_r,46.46017,30.71424,1001,
ba8d2f28-3344-4e35-a89e-b6fb2a768b92_r,46.46018,30.71412,1003,
ba8d2f28-3344-4e35-a89e-b6fb2a768b92_r,46.46017,30.71395,1005,
ba8d2f28-3344-4e35-a89e-b6fb2a768b92_r,46.46013,30.71378,1007,
ba8d2f28-3344-4e35-a89e-b6fb2a768b92_r,46.460103,30.713778,1009,
ba8d2f28-3344-4e35-a89e-b6fb2a768b92_d,46.460103,30.713778,1,
ba8d2f28-3344-4e35-a89e-b6fb2a768b92_d,46.4601,30.71378,6,
ba8d2f28-3344-4e35-a89e-b6fb2a768b92_d,46.46005,30.71366,8,
ba8d2f28-3344-4e35-a89e-b6fb2a768b92_d,46.45994,30.71362,10,
ba8d2f28-3344-4e35-a89e-b6fb2a768b92_d,46.45984,30.71362,12,
ba8d2f28-3344-4e35-a89e-b6fb2a768b92_d,46.45968,30.71361,14,
ba8d2f28-3344-4e35-a89e-b6fb2a768b92_d,46.45961,30.71366,16,
ba8d2f28-3344-4e35-a89e-b6fb2a768b92_d,46.45956,30.71376,18,
ba8d2f28-3344-4e35-a89e-b6fb2a768b92_d,46.45951,30.71389,20,
ba8d2f28-3344-4e35-a89e-b6fb2a768b92_d,46.45948,30.71409,22,
ba8d2f28-3344-4e35-a89e-b6fb2a768b92_d,46.45946,30.71474,24,
ba8d2f28-3344-4e35-a89e-b6fb2a768b92_d,46.45944,30.71616,26,
ba8d2f28-3344-4e35-a89e-b6fb2a768b92_d,46.45961,30.71731,28,
ba8d2f28-3344-4e35-a89e-b6fb2a768b92_d,46.45981,30.71778,30,
ba8d2f28-3344-4e35-a89e-b6fb2a768b92_d,46.459811,30.717792,32,
ba8d2f28-3344-4e35-a89e-b6fb2a768b92_d,46.45981,30.71779,37,
ba8d2f28-3344-4e35-a89e-b6fb2a768b92_d,46.46153,30.72045,39,
ba8d2f28-3344-4e35-a89e-b6fb2a768b92_d,46.4615,30.72041,41,
ba8d2f28-3344-4e35-a89e-b6fb2a768b92_d,46.461502,30.720407,43,
ba8d2f28-3344-4e35-a89e-b6fb2a768b92_d,46.4615,30.72041,48,
ba8d2f28-3344-4e35-a89e-b6fb2a768b92_d,46.46153,30.72045,50,
ba8d2f28-3344-4e35-a89e-b6fb2a768b92_d,46.46363,30.72385,52,
ba8d2f28-3344-4e35-a89e-b6fb2a768b92_d,46.46363255756014,30.72384595870972,54,
ba8d2f28-3344-4e35-a89e-b6fb2a768b92_d,46.46363,30.72385,59,
ba8d2f28-3344-4e35-a89e-b6fb2a768b92_d,46.46576,30.7272,61,
ba8d2f28-3344-4e35-a89e-b6fb2a768b92_d,46.46576088827235,30.727198719978336,63,
ba8d2f28-3344-4e35-a89e-b6fb2a768b92_d,46.46576,30.7272,68,
ba8d2f28-3344-4e35-a89e-b6fb2a768b92_d,46.46604,30.72736,70,
ba8d2f28-3344-4e35-a89e-b6fb2a768b92_d,46.46639,30.72742,72,
ba8d2f28-3344-4e35-a89e-b6fb2a768b92_d,46.4669,30.72744,74,
ba8d2f28-3344-4e35-a89e-b6fb2a768b92_d,46.468,30.72744,76,
ba8d2f28-3344-4e35-a89e-b6fb2a768b92_d,46.46846,30.72817,78,
ba8d2f28-3344-4e35-a89e-b6fb2a768b92_d,46.46875,30.72871,80,
ba8d2f28-3344-4e35-a89e-b6fb2a768b92_d,46.46872,30.72965,82,
ba8d2f28-3344-4e35-a89e-b6fb2a768b92_d,46.468714,30.729633,84,
ba8d2f28-3344-4e35-a89e-b6fb2a768b92_d,46.46871,30.72963,89,
ba8d2f28-3344-4e35-a89e-b6fb2a768b92_d,46.46872,30.72978,91,
ba8d2f28-3344-4e35-a89e-b6fb2a768b92_d,46.46873,30.73009,93,
ba8d2f28-3344-4e35-a89e-b6fb2a768b92_d,46.46871,30.73022,95,
ba8d2f28-3344-4e35-a89e-b6fb2a768b92_d,46.46871,30.73037,97,
ba8d2f28-3344-4e35-a89e-b6fb2a768b92_d,46.46888,30.73041,99,
ba8d2f28-3344-4e35-a89e-b6fb2a768b92_d,46.46961,30.73054,101,
ba8d2f28-3344-4e35-a89e-b6fb2a768b92_d,46.47004,30.73059,103,
ba8d2f28-3344-4e35-a89e-b6fb2a768b92_d,46.47004,30.73066,105,
ba8d2f28-3344-4e35-a89e-b6fb2a768b92_d,46.47004,30.73066,107,
ba8d2f28-3344-4e35-a89e-b6fb2a768b92_d,46.47004,30.73066,112,
ba8d2f28-3344-4e35-a89e-b6fb2a768b92_d,46.47292,30.73116,114,
ba8d2f28-3344-4e35-a89e-b6fb2a768b92_d,46.47295816794677,30.73107182979584,116,
ba8d2f28-3344-4e35-a89e-b6fb2a768b92_d,46.47292,30.73116,121,
ba8d2f28-3344-4e35-a89e-b6fb2a768b92_d,46.47599,30.73157,123,
ba8d2f28-3344-4e35-a89e-b6fb2a768b92_d,46.47596537352183,30.731511712074283,125,
ba8d2f28-3344-4e35-a89e-b6fb2a768b92_d,46.47598,30.73157,130,
ba8d2f28-3344-4e35-a89e-b6fb2a768b92_d,46.47916,30.73192,132,
ba8d2f28-3344-4e35-a89e-b6fb2a768b92_d,46.47923,30.732,134,
ba8d2f28-3344-4e35-a89e-b6fb2a768b92_d,46.47923468980639,30.731994509696964,136,
ba8d2f28-3344-4e35-a89e-b6fb2a768b92_d,46.47923,30.73199,141,
ba8d2f28-3344-4e35-a89e-b6fb2a768b92_d,46.47932,30.73194,143,
ba8d2f28-3344-4e35-a89e-b6fb2a768b92_d,46.47955,30.73197,145,
ba8d2f28-3344-4e35-a89e-b6fb2a768b92_d,46.4798,30.73201,147,
ba8d2f28-3344-4e35-a89e-b6fb2a768b92_d,46.47994,30.73201,149,
ba8d2f28-3344-4e35-a89e-b6fb2a768b92_d,46.48005,30.7318,151,
ba8d2f28-3344-4e35-a89e-b6fb2a768b92_d,46.48006,30.73169,153,
ba8d2f28-3344-4e35-a89e-b6fb2a768b92_d,46.48002,30.73157,155,
ba8d2f28-3344-4e35-a89e-b6fb2a768b92_d,46.47999,30.73144,157,
ba8d2f28-3344-4e35-a89e-b6fb2a768b92_d,46.48004,30.73127,159,
ba8d2f28-3344-4e35-a89e-b6fb2a768b92_d,46.48017,30.7312,161,
ba8d2f28-3344-4e35-a89e-b6fb2a768b92_d,46.48017,30.7312,163,
ba8d2f28-3344-4e35-a89e-b6fb2a768b92_d,46.48017,30.73119,165,
ba8d2f28-3344-4e35-a89e-b6fb2a768b92_d,46.4802,30.73116,167,
ba8d2f28-3344-4e35-a89e-b6fb2a768b92_d,46.480246845083116,30.73105573654175,169,
ba8d2f28-3344-4e35-a89e-b6fb2a768b92_d,46.4802,30.73116,174,
ba8d2f28-3344-4e35-a89e-b6fb2a768b92_d,46.48017,30.73119,176,
ba8d2f28-3344-4e35-a89e-b6fb2a768b92_d,46.4802,30.73106,178,
ba8d2f28-3344-4e35-a89e-b6fb2a768b92_d,46.48041,30.73078,180,
ba8d2f28-3344-4e35-a89e-b6fb2a768b92_d,46.48073,30.73037,182,
ba8d2f28-3344-4e35-a89e-b6fb2a768b92_d,46.48079,30.7303,184,
ba8d2f28-3344-4e35-a89e-b6fb2a768b92_d,46.48097,30.73007,186,
ba8d2f28-3344-4e35-a89e-b6fb2a768b92_d,46.4812,30.72977,188,
ba8d2f28-3344-4e35-a89e-b6fb2a768b92_d,46.48142,30.72951,190,
ba8d2f28-3344-4e35-a89e-b6fb2a768b92_d,46.48165,30.72923,192,
ba8d2f28-3344-4e35-a89e-b6fb2a768b92_d,46.48187,30.72895,194,
ba8d2f28-3344-4e35-a89e-b6fb2a768b92_d,46.4821,30.72867,196,
ba8d2f28-3344-4e35-a89e-b6fb2a768b92_d,46.48214,30.72862,198,
ba8d2f28-3344-4e35-a89e-b6fb2a768b92_d,46.48215,30.72864,200,
ba8d2f28-3344-4e35-a89e-b6fb2a768b92_d,46.482151,30.728638,202,
ba8d2f28-3344-4e35-a89e-b6fb2a768b92_d,46.48215,30.72864,207,
ba8d2f28-3344-4e35-a89e-b6fb2a768b92_d,46.48214,30.72862,209,
ba8d2f28-3344-4e35-a89e-b6fb2a768b92_d,46.48227,30.72844,211,
ba8d2f28-3344-4e35-a89e-b6fb2a768b92_d,46.48232,30.7284,213,
ba8d2f28-3344-4e35-a89e-b6fb2a768b92_d,46.48238,30.72831,215,
ba8d2f28-3344-4e35-a89e-b6fb2a768b92_d,46.48253,30.72814,217,
ba8d2f28-3344-4e35-a89e-b6fb2a768b92_d,46.48257,30.72807,219,
ba8d2f28-3344-4e35-a89e-b6fb2a768b92_d,46.48281,30.72777,221,
ba8d2f28-3344-4e35-a89e-b6fb2a768b92_d,46.48298,30.72756,223,
ba8d2f28-3344-4e35-a89e-b6fb2a768b92_d,46.48305,30.72747,225,
ba8d2f28-3344-4e35-a89e-b6fb2a768b92_d,46.48405,30.72618,227,
ba8d2f28-3344-4e35-a89e-b6fb2a768b92_d,46.48408,30.72609,229,
ba8d2f28-3344-4e35-a89e-b6fb2a768b92_d,46.48405,30.726,231,
ba8d2f28-3344-4e35-a89e-b6fb2a768b92_d,46.48385,30.7257,233,
ba8d2f28-3344-4e35-a89e-b6fb2a768b92_d,46.48393,30.7256,235,
ba8d2f28-3344-4e35-a89e-b6fb2a768b92_d,46.483942,30.725614,237,
ba8d2f28-3344-4e35-a89e-b6fb2a768b92_d,46.48394,30.72561,242,
ba8d2f28-3344-4e35-a89e-b6fb2a768b92_d,46.48386,30.72571,244,
ba8d2f28-3344-4e35-a89e-b6fb2a768b92_d,46.48371,30.72546,246,
ba8d2f28-3344-4e35-a89e-b6fb2a768b92_d,46.48369,30.72541,248,
ba8d2f28-3344-4e35-a89e-b6fb2a768b92_d,46.48363,30.72531,250,
ba8d2f28-3344-4e35-a89e-b6fb2a768b92_d,46.48357,30.72515,252,
ba8d2f28-3344-4e35-a89e-b6fb2a768b92_d,46.48334,30.72475,254,
ba8d2f28-3344-4e35-a89e-b6fb2a768b92_d,46.48319,30.72457,256,
ba8d2f28-3344-4e35-a89e-b6fb2a768b92_d,46.48304,30.72453,258,
ba8d2f28-3344-4e35-a89e-b6fb2a768b92_d,46.4829,30.72462,260,
ba8d2f28-3344-4e35-a89e-b6fb2a768b92_d,46.48279,30.72471,262,
ba8d2f28-3344-4e35-a89e-b6fb2a768b92_d,46.48266,30.7247,264,
ba8d2f28-3344-4e35-a89e-b6fb2a768b92_d,46.48254,30.72457,266,
ba8d2f28-3344-4e35-a89e-b6fb2a768b92_d,46.48186,30.72351,268,
ba8d2f28-3344-4e35-a89e-b6fb2a768b92_d,46.48164,30.72311,270,
ba8d2f28-3344-4e35-a89e-b6fb2a768b92_d,46.48143,30.72272,272,
ba8d2f28-3344-4e35-a89e-b6fb2a768b92_d,46.4814,30.72268,274,
ba8d2f28-3344-4e35-a89e-b6fb2a768b92_d,46.4813,30.72238,276,
ba8d2f28-3344-4e35-a89e-b6fb2a768b92_d,46.48125,30.72216,278,
ba8d2f28-3344-4e35-a89e-b6fb2a768b92_d,46.48125,30.72201,280,
ba8d2f28-3344-4e35-a89e-b6fb2a768b92_d,46.48131,30.72199,282,
ba8d2f28-3344-4e35-a89e-b6fb2a768b92_d,46.48125898153143,30.722220540046695,284,
ba8d2f28-3344-4e35-a89e-b6fb2a768b92_d,46.4813,30.722,289,
ba8d2f28-3344-4e35-a89e-b6fb2a768b92_d,46.48124,30.72202,291,
ba8d2f28-3344-4e35-a89e-b6fb2a768b92_d,46.48118,30.72185,293,
ba8d2f28-3344-4e35-a89e-b6fb2a768b92_d,46.48116,30.72151,295,
ba8d2f28-3344-4e35-a89e-b6fb2a768b92_d,46.48118,30.72078,297,
ba8d2f28-3344-4e35-a89e-b6fb2a768b92_d,46.48118,30.71992,299,
ba8d2f28-3344-4e35-a89e-b6fb2a768b92_d,46.48118,30.71921,301,
ba8d2f28-3344-4e35-a89e-b6fb2a768b92_d,46.48118,30.71904,303,
ba8d2f28-3344-4e35-a89e-b6fb2a768b92_d,46.48118,30.7181,305,
ba8d2f28-3344-4e35-a89e-b6fb2a768b92_d,46.48116,30.71758,307,
ba8d2f28-3344-4e35-a89e-b6fb2a768b92_d,46.48116,30.7167,309,
ba8d2f28-3344-4e35-a89e-b6fb2a768b92_d,46.48118,30.7167,311,
ba8d2f28-3344-4e35-a89e-b6fb2a768b92_d,46.481181,30.7167,313,
ba8d2f28-3344-4e35-a89e-b6fb2a768b92_d,46.48118,30.7167,318,
ba8d2f28-3344-4e35-a89e-b6fb2a768b92_d,46.48116,30.7167,320,
ba8d2f28-3344-4e35-a89e-b6fb2a768b92_d,46.48116,30.71649,322,
ba8d2f28-3344-4e35-a89e-b6fb2a768b92_d,46.48114,30.71621,324,
ba8d2f28-3344-4e35-a89e-b6fb2a768b92_d,46.48114,30.71505,326,
ba8d2f28-3344-4e35-a89e-b6fb2a768b92_d,46.48112,30.71265,328,
ba8d2f28-3344-4e35-a89e-b6fb2a768b92_d,46.48112,30.7126,330,
ba8d2f28-3344-4e35-a89e-b6fb2a768b92_d,46.48112,30.71237,332,
ba8d2f28-3344-4e35-a89e-b6fb2a768b92_d,46.48112,30.71211,334,
ba8d2f28-3344-4e35-a89e-b6fb2a768b92_d,46.4811,30.71181,336,
ba8d2f28-3344-4e35-a89e-b6fb2a768b92_d,46.48114,30.7118,338,
ba8d2f28-3344-4e35-a89e-b6fb2a768b92_d,46.481135,30.711803,340,
ba8d2f28-3344-4e35-a89e-b6fb2a768b92_d,46.48114,30.7118,345,
ba8d2f28-3344-4e35-a89e-b6fb2a768b92_d,46.4811,30.71181,347,
ba8d2f28-3344-4e35-a89e-b6fb2a768b92_d,46.48109,30.71174,349,
ba8d2f28-3344-4e35-a89e-b6fb2a768b92_d,46.48109,30.71164,351,
ba8d2f28-3344-4e35-a89e-b6fb2a768b92_d,46.48109,30.71131,353,
ba8d2f28-3344-4e35-a89e-b6fb2a768b92_d,46.48109,30.71086,355,
ba8d2f28-3344-4e35-a89e-b6fb2a768b92_d,46.48109,30.71074,357,
ba8d2f28-3344-4e35-a89e-b6fb2a768b92_d,46.48109,30.71046,359,
ba8d2f28-3344-4e35-a89e-b6fb2a768b92_d,46.48109,30.71039,361,
ba8d2f28-3344-4e35-a89e-b6fb2a768b92_d,46.48109,30.71035,363,
ba8d2f28-3344-4e35-a89e-b6fb2a768b92_d,46.48112,30.71028,365,
ba8d2f28-3344-4e35-a89e-b6fb2a768b92_d,46.48114,30.71024,367,
ba8d2f28-3344-4e35-a89e-b6fb2a768b92_d,46.4812,30.71018,369,
ba8d2f28-3344-4e35-a89e-b6fb2a768b92_d,46.48131,30.71009,371,
ba8d2f28-3344-4e35-a89e-b6fb2a768b92_d,46.48217,30.70951,373,
ba8d2f28-3344-4e35-a89e-b6fb2a768b92_d,46.48305,30.70887,375,
ba8d2f28-3344-4e35-a89e-b6fb2a768b92_d,46.48315,30.70878,377,
ba8d2f28-3344-4e35-a89e-b6fb2a768b92_d,46.48338,30.7086,379,
ba8d2f28-3344-4e35-a89e-b6fb2a768b92_d,46.48346,30.70881,381,
ba8d2f28-3344-4e35-a89e-b6fb2a768b92_d,46.48346,30.708813,383,
ba8d2f28-3344-4e35-a89e-b6fb2a768b92_d,46.48346,30.70881,388,
ba8d2f28-3344-4e35-a89e-b6fb2a768b92_d,46.48338,30.7086,390,
ba8d2f28-3344-4e35-a89e-b6fb2a768b92_d,46.48345,30.70855,392,
ba8d2f28-3344-4e35-a89e-b6fb2a768b92_d,46.48363,30.70846,394,
ba8d2f28-3344-4e35-a89e-b6fb2a768b92_d,46.48386,30.70829,396,
ba8d2f28-3344-4e35-a89e-b6fb2a768b92_d,46.48391,30.70825,398,
ba8d2f28-3344-4e35-a89e-b6fb2a768b92_d,46.48427,30.70799,400,
ba8d2f28-3344-4e35-a89e-b6fb2a768b92_d,46.48438,30.7079,402,
ba8d2f28-3344-4e35-a89e-b6fb2a768b92_d,46.48444,30.70782,404,
ba8d2f28-3344-4e35-a89e-b6fb2a768b92_d,46.48446,30.70777,406,
ba8d2f28-3344-4e35-a89e-b6fb2a768b92_d,46.48448,30.70771,408,
ba8d2f28-3344-4e35-a89e-b6fb2a768b92_d,46.48451,30.70765,410,
ba8d2f28-3344-4e35-a89e-b6fb2a768b92_d,46.48451,30.70745,412,
ba8d2f28-3344-4e35-a89e-b6fb2a768b92_d,46.48459,30.70719,414,
ba8d2f28-3344-4e35-a89e-b6fb2a768b92_d,46.48487,30.70648,416,
ba8d2f28-3344-4e35-a89e-b6fb2a768b92_d,46.4853,30.70535,418,
ba8d2f28-3344-4e35-a89e-b6fb2a768b92_d,46.48567,30.7047,420,
ba8d2f28-3344-4e35-a89e-b6fb2a768b92_d,46.48562,30.70466,422,
ba8d2f28-3344-4e35-a89e-b6fb2a768b92_d,46.485631,30.704657,424,
ba8d2f28-3344-4e35-a89e-b6fb2a768b92_d,46.48563,30.70466,429,
ba8d2f28-3344-4e35-a89e-b6fb2a768b92_d,46.48568,30.7047,431,
ba8d2f28-3344-4e35-a89e-b6fb2a768b92_d,46.48567,30.70451,433,
ba8d2f28-3344-4e35-a89e-b6fb2a768b92_d,46.48578,30.70424,435,
ba8d2f28-3344-4e35-a89e-b6fb2a768b92_d,46.48585,30.70407,437,
ba8d2f28-3344-4e35-a89e-b6fb2a768b92_d,46.48595,30.70385,439,
ba8d2f28-3344-4e35-a89e-b6fb2a768b92_d,46.486,30.70369,441,
ba8d2f28-3344-4e35-a89e-b6fb2a768b92_d,46.48607,30.70349,443,
ba8d2f28-3344-4e35-a89e-b6fb2a768b92_d,46.48615,30.70328,445,
ba8d2f28-3344-4e35-a89e-b6fb2a768b92_d,46.48635,30.70274,447,
ba8d2f28-3344-4e35-a89e-b6fb2a768b92_d,46.48652,30.7023,449,
ba8d2f28-3344-4e35-a89e-b6fb2a768b92_d,46.48663,30.70198,451,
ba8d2f28-3344-4e35-a89e-b6fb2a768b92_d,46.48696,30.70118,453,
ba8d2f28-3344-4e35-a89e-b6fb2a768b92_d,46.48743,30.69999,455,
ba8d2f28-3344-4e35-a89e-b6fb2a768b92_d,46.48749,30.69985,457,
ba8d2f28-3344-4e35-a89e-b6fb2a768b92_d,46.48757,30.69978,459,
ba8d2f28-3344-4e35-a89e-b6fb2a768b92_d,46.48754,30.69974,461,
ba8d2f28-3344-4e35-a89e-b6fb2a768b92_d,46.487557,30.699744,463,
ba8d2f28-3344-4e35-a89e-b6fb2a768b92_d,46.48756,30.69974,468,
ba8d2f28-3344-4e35-a89e-b6fb2a768b92_d,46.48759,30.69978,470,
ba8d2f28-3344-4e35-a89e-b6fb2a768b92_d,46.48761,30.69964,472,
ba8d2f28-3344-4e35-a89e-b6fb2a768b92_d,46.48765,30.69952,474,
ba8d2f28-3344-4e35-a89e-b6fb2a768b92_d,46.48769,30.6994,476,
ba8d2f28-3344-4e35-a89e-b6fb2a768b92_d,46.48772,30.69926,478,
ba8d2f28-3344-4e35-a89e-b6fb2a768b92_d,46.48773,30.69914,480,
ba8d2f28-3344-4e35-a89e-b6fb2a768b92_d,46.48771,30.69901,482,
ba8d2f28-3344-4e35-a89e-b6fb2a768b92_d,46.48753,30.6985,484,
ba8d2f28-3344-4e35-a89e-b6fb2a768b92_d,46.4873,30.69787,486,
ba8d2f28-3344-4e35-a89e-b6fb2a768b92_d,46.48708,30.69725,488,
ba8d2f28-3344-4e35-a89e-b6fb2a768b92_d,46.48704,30.6971,490,
ba8d2f28-3344-4e35-a89e-b6fb2a768b92_d,46.48697,30.69695,492,
ba8d2f28-3344-4e35-a89e-b6fb2a768b92_d,46.48693,30.69684,494,
ba8d2f28-3344-4e35-a89e-b6fb2a768b92_d,46.48691,30.69667,496,
ba8d2f28-3344-4e35-a89e-b6fb2a768b92_d,46.48693,30.69658,498,
ba8d2f28-3344-4e35-a89e-b6fb2a768b92_d,46.48695,30.6965,500,
ba8d2f28-3344-4e35-a89e-b6fb2a768b92_d,46.48702,30.69639,502,
ba8d2f28-3344-4e35-a89e-b6fb2a768b92_d,46.48712,30.69649,504,
ba8d2f28-3344-4e35-a89e-b6fb2a768b92_d,46.487124,30.696477,506,
ba8d2f28-3344-4e35-a89e-b6fb2a768b92_d,46.48712,30.69648,511,
ba8d2f28-3344-4e35-a89e-b6fb2a768b92_d,46.48702,30.69638,513,
ba8d2f28-3344-4e35-a89e-b6fb2a768b92_d,46.48706,30.69625,515,
ba8d2f28-3344-4e35-a89e-b6fb2a768b92_d,46.48708,30.69612,517,
ba8d2f28-3344-4e35-a89e-b6fb2a768b92_d,46.48715,30.69541,519,
ba8d2f28-3344-4e35-a89e-b6fb2a768b92_d,46.48719,30.69499,521,
ba8d2f28-3344-4e35-a89e-b6fb2a768b92_d,46.48723,30.6946,523,
ba8d2f28-3344-4e35-a89e-b6fb2a768b92_d,46.48727,30.6945,525,
ba8d2f28-3344-4e35-a89e-b6fb2a768b92_d,46.48765,30.69455,527,
ba8d2f28-3344-4e35-a89e-b6fb2a768b92_d,46.48782,30.69458,529,
ba8d2f28-3344-4e35-a89e-b6fb2a768b92_d,46.48791,30.69451,531,
ba8d2f28-3344-4e35-a89e-b6fb2a768b92_d,46.48789,30.69469,533,
ba8d2f28-3344-4e35-a89e-b6fb2a768b92_d,46.487891,30.694688,535,
ba8d2f28-3344-4e35-a89e-b6fb2a768b92_d,46.48789,30.69469,540,
ba8d2f28-3344-4e35-a89e-b6fb2a768b92_d,46.48791,30.69451,542,
ba8d2f28-3344-4e35-a89e-b6fb2a768b92_d,46.48799,30.69462,544,
ba8d2f28-3344-4e35-a89e-b6fb2a768b92_d,46.4881,30.69464,546,
ba8d2f28-3344-4e35-a89e-b6fb2a768b92_d,46.48819,30.69466,548,
ba8d2f28-3344-4e35-a89e-b6fb2a768b92_d,46.48831,30.69467,550,
ba8d2f28-3344-4e35-a89e-b6fb2a768b92_d,46.48843,30.69471,552,
ba8d2f28-3344-4e35-a89e-b6fb2a768b92_d,46.48928,30.69491,554,
ba8d2f28-3344-4e35-a89e-b6fb2a768b92_d,46.49002,30.69501,556,
ba8d2f28-3344-4e35-a89e-b6fb2a768b92_d,46.49041,30.69507,558,
ba8d2f28-3344-4e35-a89e-b6fb2a768b92_d,46.49064,30.6951,560,
ba8d2f28-3344-4e35-a89e-b6fb2a768b92_d,46.49094,30.69519,562,
ba8d2f28-3344-4e35-a89e-b6fb2a768b92_d,46.49114,30.69533,564,
ba8d2f28-3344-4e35-a89e-b6fb2a768b92_d,46.49114,30.69533,566,
ba8d2f28-3344-4e35-a89e-b6fb2a768b92_d,46.491135,30.695315,568,
ba8d2f28-3344-4e35-a89e-b6fb2a768b92_d,46.49114,30.69532,573,
ba8d2f28-3344-4e35-a89e-b6fb2a768b92_d,46.49132,30.69525,575,
ba8d2f28-3344-4e35-a89e-b6fb2a768b92_d,46.49152,30.69528,577,
ba8d2f28-3344-4e35-a89e-b6fb2a768b92_d,46.49196,30.69648,579,
ba8d2f28-3344-4e35-a89e-b6fb2a768b92_d,46.49225,30.69737,581,
ba8d2f28-3344-4e35-a89e-b6fb2a768b92_d,46.49241,30.69791,583,
ba8d2f28-3344-4e35-a89e-b6fb2a768b92_d,46.49272,30.69885,585,
ba8d2f28-3344-4e35-a89e-b6fb2a768b92_d,46.49286,30.69928,587,
ba8d2f28-3344-4e35-a89e-b6fb2a768b92_d,46.49327,30.70061,589,
ba8d2f28-3344-4e35-a89e-b6fb2a768b92_d,46.49325,30.70055,591,
ba8d2f28-3344-4e35-a89e-b6fb2a768b92_d,46.49323,30.70057,593,
ba8d2f28-3344-4e35-a89e-b6fb2a768b92_d,46.493217,30.700569,595,
ba8d2f28-3344-4e35-a89e-b6fb2a768b92_d,46.49322,30.70057,600,
ba8d2f28-3344-4e35-a89e-b6fb2a768b92_d,46.49324,30.70055,602,
ba8d2f28-3344-4e35-a89e-b6fb2a768b92_d,46.49363,30.70178,604,
ba8d2f28-3344-4e35-a89e-b6fb2a768b92_d,46.4939,30.70265,606,
ba8d2f28-3344-4e35-a89e-b6fb2a768b92_d,46.49386,30.70276,608,
ba8d2f28-3344-4e35-a89e-b6fb2a768b92_d,46.49326,30.70321,610,
ba8d2f28-3344-4e35-a89e-b6fb2a768b92_d,46.49321,30.70332,612,
ba8d2f28-3344-4e35-a89e-b6fb2a768b92_d,46.49328,30.70353,614,
ba8d2f28-3344-4e35-a89e-b6fb2a768b92_d,46.4933,30.70372,616,
ba8d2f28-3344-4e35-a89e-b6fb2a768b92_d,46.49322,30.70389,618,
ba8d2f28-3344-4e35-a89e-b6fb2a768b92_d,46.49293,30.70407,620,
ba8d2f28-3344-4e35-a89e-b6fb2a768b92_d,46.4929,30.70395,622,
ba8d2f28-3344-4e35-a89e-b6fb2a768b92_d,46.49284918703226,30.704061985015873,624,
eb8f161b-a574-4d98-a3c2-535e5a9f69e0_r,46.49691145334999,30.72384059429169,1,
eb8f161b-a574-4d98-a3c2-535e5a9f69e0_r,46.49673,30.72418,6,
eb8f161b-a574-4d98-a3c2-535e5a9f69e0_r,46.49676,30.72418,8,
eb8f161b-a574-4d98-a3c2-535e5a9f69e0_r,46.49676,30.7242,10,
eb8f161b-a574-4d98-a3c2-535e5a9f69e0_r,46.49678,30.72429,12,
eb8f161b-a574-4d98-a3c2-535e5a9f69e0_r,46.49686,30.72454,14,
eb8f161b-a574-4d98-a3c2-535e5a9f69e0_r,46.49682,30.7248,16,
eb8f161b-a574-4d98-a3c2-535e5a9f69e0_r,46.4967,30.72513,18,
eb8f161b-a574-4d98-a3c2-535e5a9f69e0_r,46.4966,30.72534,20,
eb8f161b-a574-4d98-a3c2-535e5a9f69e0_r,46.49619,30.72644,22,
eb8f161b-a574-4d98-a3c2-535e5a9f69e0_r,46.49613,30.72664,24,
eb8f161b-a574-4d98-a3c2-535e5a9f69e0_r,46.49598,30.727,26,
eb8f161b-a574-4d98-a3c2-535e5a9f69e0_r,46.49595,30.72709,28,
eb8f161b-a574-4d98-a3c2-535e5a9f69e0_r,46.49575,30.7276,30,
eb8f161b-a574-4d98-a3c2-535e5a9f69e0_r,46.4957,30.72755,32,
eb8f161b-a574-4d98-a3c2-535e5a9f69e0_r,46.495705,30.727555,34,
eb8f161b-a574-4d98-a3c2-535e5a9f69e0_r,46.49571,30.72756,39,
eb8f161b-a574-4d98-a3c2-535e5a9f69e0_r,46.49576,30.72761,41,
eb8f161b-a574-4d98-a3c2-535e5a9f69e0_r,46.49575,30.72763,43,
eb8f161b-a574-4d98-a3c2-535e5a9f69e0_r,46.49564,30.72789,45,
eb8f161b-a574-4d98-a3c2-535e5a9f69e0_r,46.49556,30.72806,47,
eb8f161b-a574-4d98-a3c2-535e5a9f69e0_r,46.49528,30.72847,49,
eb8f161b-a574-4d98-a3c2-535e5a9f69e0_r,46.49508,30.72875,51,
eb8f161b-a574-4d98-a3c2-535e5a9f69e0_r,46.49476,30.72924,53,
eb8f161b-a574-4d98-a3c2-535e5a9f69e0_r,46.49466,30.72939,55,
eb8f161b-a574-4d98-a3c2-535e5a9f69e0_r,46.49446,30.72976,57,
eb8f161b-a574-4d98-a3c2-535e5a9f69e0_r,46.4944,30.72986,59,
eb8f161b-a574-4d98-a3c2-535e5a9f69e0_r,46.49386,30.73109,61,
eb8f161b-a574-4d98-a3c2-535e5a9f69e0_r,46.49369,30.73147,63,
eb8f161b-a574-4d98-a3c2-535e5a9f69e0_r,46.4935,30.73197,65,
eb8f161b-a574-4d98-a3c2-535e5a9f69e0_r,46.49348,30.73201,67,
eb8f161b-a574-4d98-a3c2-535e5a9f69e0_r,46.49345,30.73207,69,
eb8f161b-a574-4d98-a3c2-535e5a9f69e0_r,46.49328,30.73244,71,
eb8f161b-a574-4d98-a3c2-535e5a9f69e0_r,46.49311,30.73276,73,
eb8f161b-a574-4d98-a3c2-535e5a9f69e0_r,46.49293,30.73309,75,
eb8f161b-a574-4d98-a3c2-535e5a9f69e0_r,46.49286,30.73301,77,
eb8f161b-a574-4d98-a3c2-535e5a9f69e0_r,46.492860266353055,30.73308885097504,79,
eb8f161b-a574-4d98-a3c2-535e5a9f69e0_r,46.49286,30.733,84,
eb8f161b-a574-4d98-a3c2-535e5a9f69e0_r,46.49293,30.73308,86,
eb8f161b-a574-4d98-a3c2-535e5a9f69e0_r,46.49292,30.73309,88,
eb8f161b-a574-4d98-a3c2-535e5a9f69e0_r,46.4929,30.73314,90,
eb8f161b-a574-4d98-a3c2-535e5a9f69e0_r,46.49277,30.73333,92,
eb8f161b-a574-4d98-a3c2-535e5a9f69e0_r,46.4926,30.73363,94,
eb8f161b-a574-4d98-a3c2-535e5a9f69e0_r,46.4924,30.73393,96,
eb8f161b-a574-4d98-a3c2-535e5a9f69e0_r,46.49215,30.73438,98,
eb8f161b-a574-4d98-a3c2-535e5a9f69e0_r,46.49202,30.73457,100,
eb8f161b-a574-4d98-a3c2-535e5a9f69e0_r,46.49197,30.73468,102,
eb8f161b-a574-4d98-a3c2-535e5a9f69e0_r,46.49184,30.73494,104,
eb8f161b-a574-4d98-a3c2-535e5a9f69e0_r,46.49182,30.73498,106,
eb8f161b-a574-4d98-a3c2-535e5a9f69e0_r,46.49169,30.73535,108,
eb8f161b-a574-4d98-a3c2-535e5a9f69e0_r,46.49167,30.73545,110,
eb8f161b-a574-4d98-a3c2-535e5a9f69e0_r,46.49163,30.73556,112,
eb8f161b-a574-4d98-a3c2-535e5a9f69e0_r,46.49159,30.73565,114,
eb8f161b-a574-4d98-a3c2-535e5a9f69e0_r,46.49132,30.73637,116,
eb8f161b-a574-4d98-a3c2-535e5a9f69e0_r,46.49125,30.73654,118,
eb8f161b-a574-4d98-a3c2-535e5a9f69e0_r,46.49111,30.73696,120,
eb8f161b-a574-4d98-a3c2-535e5a9f69e0_r,46.49112,30.73716,122,
eb8f161b-a574-4d98-a3c2-535e5a9f69e0_r,46.49113,30.73726,124,
eb8f161b-a574-4d98-a3c2-535e5a9f69e0_r,46.49115,30.73736,126,
eb8f161b-a574-4d98-a3c2-535e5a9f69e0_r,46.49119,30.73747,128,
eb8f161b-a574-4d98-a3c2-535e5a9f69e0_r,46.49123,30.73771,130,
eb8f161b-a574-4d98-a3c2-535e5a9f69e0_r,46.49128,30.73786,132,
eb8f161b-a574-4d98-a3c2-535e5a9f69e0_r,46.49132,30.73805,134,
eb8f161b-a574-4d98-a3c2-535e5a9f69e0_r,46.49125,30.73809,136,
eb8f161b-a574-4d98-a3c2-535e5a9f69e0_r,46.49118726335,30.737755894660953,138,
eb8f161b-a574-4d98-a3c2-535e5a9f69e0_r,46.49126,30.73809,143,
eb8f161b-a574-4d98-a3c2-535e5a9f69e0_r,46.49133,30.73805,145,
eb8f161b-a574-4d98-a3c2-535e5a9f69e0_r,46.49139,30.73831,147,
eb8f161b-a574-4d98-a3c2-535e5a9f69e0_r,46.49142,30.73844,149,
eb8f161b-a574-4d98-a3c2-535e5a9f69e0_r,46.49139,30.73874,151,
eb8f161b-a574-4d98-a3c2-535e5a9f69e0_r,46.49135,30.73897,153,
eb8f161b-a574-4d98-a3c2-535e5a9f69e0_r,46.49129,30.73915,155,
eb8f161b-a574-4d98-a3c2-535e5a9f69e0_r,46.49041,30.74097,157,
eb8f161b-a574-4d98-a3c2-535e5a9f69e0_r,46.49015,30.74146,159,
eb8f161b-a574-4d98-a3c2-535e5a9f69e0_r,46.49011,30.74157,161,
eb8f161b-a574-4d98-a3c2-535e5a9f69e0_r,46.49006,30.74163,163,
eb8f161b-a574-4d98-a3c2-535e5a9f69e0_r,46.49002,30.7417,165,
eb8f161b-a574-4d98-a3c2-535e5a9f69e0_r,46.48996,30.74176,167,
eb8f161b-a574-4d98-a3c2-535e5a9f69e0_r,46.48989,30.74185,169,
eb8f161b-a574-4d98-a3c2-535e5a9f69e0_r,46.48946,30.7423,171,
eb8f161b-a574-4d98-a3c2-535e5a9f69e0_r,46.48897,30.74281,173,
eb8f161b-a574-4d98-a3c2-535e5a9f69e0_r,46.48864,30.74318,175,
eb8f161b-a574-4d98-a3c2-535e5a9f69e0_r,46.48858,30.74307,177,
eb8f161b-a574-4d98-a3c2-535e5a9f69e0_r,46.488584,30.743071,179,
eb8f161b-a574-4d98-a3c2-535e5a9f69e0_r,46.48858,30.74307,184,
eb8f161b-a574-4d98-a3c2-535e5a9f69e0_r,46.48864,30.74318,186,
eb8f161b-a574-4d98-a3c2-535e5a9f69e0_r,46.4886,30.74322,188,
eb8f161b-a574-4d98-a3c2-535e5a9f69e0_r,46.48787,30.74397,190,
eb8f161b-a574-4d98-a3c2-535e5a9f69e0_r,46.48781,30.74406,192,
eb8f161b-a574-4d98-a3c2-535e5a9f69e0_r,46.48719,30.74472,194,
eb8f161b-a574-4d98-a3c2-535e5a9f69e0_r,46.48557,30.74647,196,
eb8f161b-a574-4d98-a3c2-535e5a9f69e0_r,46.48551,30.74636,198,
eb8f161b-a574-4d98-a3c2-535e5a9f69e0_r,46.485513,30.746362,200,
eb8f161b-a574-4d98-a3c2-535e5a9f69e0_r,46.48551,30.74636,205,
eb8f161b-a574-4d98-a3c2-535e5a9f69e0_r,46.48557,30.74647,207,
eb8f161b-a574-4d98-a3c2-535e5a9f69e0_r,46.48545,30.74659,209,
eb8f161b-a574-4d98-a3c2-535e5a9f69e0_r,46.48539,30.74663,211,
eb8f161b-a574-4d98-a3c2-535e5a9f69e0_r,46.48524,30.74683,213,
eb8f161b-a574-4d98-a3c2-535e5a9f69e0_r,46.48515,30.74683,215,
eb8f161b-a574-4d98-a3c2-535e5a9f69e0_r,46.48506,30.74681,217,
eb8f161b-a574-4d98-a3c2-535e5a9f69e0_r,46.48461,30.74648,219,
eb8f161b-a574-4d98-a3c2-535e5a9f69e0_r,46.4838,30.74595,221,
eb8f161b-a574-4d98-a3c2-535e5a9f69e0_r,46.48376,30.74593,223,
eb8f161b-a574-4d98-a3c2-535e5a9f69e0_r,46.48367,30.74588,225,
eb8f161b-a574-4d98-a3c2-535e5a9f69e0_r,46.48343,30.74573,227,
eb8f161b-a574-4d98-a3c2-535e5a9f69e0_r,46.48324,30.74563,229,
eb8f161b-a574-4d98-a3c2-535e5a9f69e0_r,46.48313,30.74556,231,
eb8f161b-a574-4d98-a3c2-535e5a9f69e0_r,46.48303,30.74552,233,
eb8f161b-a574-4d98-a3c2-535e5a9f69e0_r,46.48285,30.74545,235,
eb8f161b-a574-4d98-a3c2-535e5a9f69e0_r,46.48277,30.74541,237,
eb8f161b-a574-4d98-a3c2-535e5a9f69e0_r,46.4823,30.74524,239,
eb8f161b-a574-4d98-a3c2-535e5a9f69e0_r,46.4821,30.74517,241,
eb8f161b-a574-4d98-a3c2-535e5a9f69e0_r,46.48206,30.74515,243,
eb8f161b-a574-4d98-a3c2-535e5a9f69e0_r,46.48167,30.745,245,
eb8f161b-a574-4d98-a3c2-535e5a9f69e0_r,46.48139,30.74492,247,
eb8f161b-a574-4d98-a3c2-535e5a9f69e0_r,46.4809,30.74475,249,
eb8f161b-a574-4d98-a3c2-535e5a9f69e0_r,46.48077,30.74472,251,
eb8f161b-a574-4d98-a3c2-535e5a9f69e0_r,46.48047,30.74468,253,
eb8f161b-a574-4d98-a3c2-535e5a9f69e0_r,46.48016,30.74463,255,
eb8f161b-a574-4d98-a3c2-535e5a9f69e0_r,46.48017,30.74449,257,
eb8f161b-a574-4d98-a3c2-535e5a9f69e0_r,46.480173,30.744486,259,
eb8f161b-a574-4d98-a3c2-535e5a9f69e0_r,46.48017,30.74449,264,
eb8f161b-a574-4d98-a3c2-535e5a9f69e0_r,46.48016,30.74463,266,
eb8f161b-a574-4d98-a3c2-535e5a9f69e0_r,46.47929,30.74449,268,
eb8f161b-a574-4d98-a3c2-535e5a9f69e0_r,46.47938,30.74331,270,
eb8f161b-a574-4d98-a3c2-535e5a9f69e0_r,46.4794,30.74292,272,
eb8f161b-a574-4d98-a3c2-535e5a9f69e0_r,46.4794,30.74281,274,
eb8f161b-a574-4d98-a3c2-535e5a9f69e0_r,46.47944,30.74241,276,
eb8f161b-a574-4d98-a3c2-535e5a9f69e0_r,46.47946,30.74198,278,
eb8f161b-a574-4d98-a3c2-535e5a9f69e0_r,46.47946,30.74176,280,
eb8f161b-a574-4d98-a3c2-535e5a9f69e0_r,46.47953,30.74071,282,
eb8f161b-a574-4d98-a3c2-535e5a9f69e0_r,46.47955,30.7403,284,
eb8f161b-a574-4d98-a3c2-535e5a9f69e0_r,46.4794,30.74028,286,
eb8f161b-a574-4d98-a3c2-535e5a9f69e0_r,46.47884,30.7402,288,
eb8f161b-a574-4d98-a3c2-535e5a9f69e0_r,46.47859,30.74015,290,
eb8f161b-a574-4d98-a3c2-535e5a9f69e0_r,46.4786,30.74001,292,
eb8f161b-a574-4d98-a3c2-535e5a9f69e0_r,46.478601,30.740014,294,
eb8f161b-a574-4d98-a3c2-535e5a9f69e0_r,46.4786,30.74001,299,
eb8f161b-a574-4d98-a3c2-535e5a9f69e0_r,46.47859,30.74015,301,
eb8f161b-a574-4d98-a3c2-535e5a9f69e0_r,46.47846,30.74013,303,
eb8f161b-a574-4d98-a3c2-535e5a9f69e0_r,46.47813,30.74009,305,
eb8f161b-a574-4d98-a3c2-535e5a9f69e0_r,46.47672,30.73987,307,
eb8f161b-a574-4d98-a3c2-535e5a9f69e0_r,46.47624,30.73981,309,
eb8f161b-a574-4d98-a3c2-535e5a9f69e0_r,46.47554,30.73968,311,
eb8f161b-a574-4d98-a3c2-535e5a9f69e0_r,46.47541,30.73968,313,
eb8f161b-a574-4d98-a3c2-535e5a9f69e0_r,46.47472,30.73957,315,
eb8f161b-a574-4d98-a3c2-535e5a9f69e0_r,46.47464,30.73955,317,
eb8f161b-a574-4d98-a3c2-535e5a9f69e0_r,46.47465,30.73942,319,
eb8f161b-a574-4d98-a3c2-535e5a9f69e0_r,46.47457,30.73941,321,
eb8f161b-a574-4d98-a3c2-535e5a9f69e0_r,46.474567,30.739408,323,
eb8f161b-a574-4d98-a3c2-535e5a9f69e0_r,46.47457,30.73941,328,
eb8f161b-a574-4d98-a3c2-535e5a9f69e0_r,46.47465,30.73942,330,
eb8f161b-a574-4d98-a3c2-535e5a9f69e0_r,46.47464,30.73955,332,
eb8f161b-a574-4d98-a3c2-535e5a9f69e0_r,46.47423,30.73949,334,
eb8f161b-a574-4d98-a3c2-535e5a9f69e0_r,46.47412,30.73947,336,
eb8f161b-a574-4d98-a3c2-535e5a9f69e0_r,46.47397,30.73945,338,
eb8f161b-a574-4d98-a3c2-535e5a9f69e0_r,46.47337,30.73936,340,
eb8f161b-a574-4d98-a3c2-535e5a9f69e0_r,46.47316,30.73932,342,
eb8f161b-a574-4d98-a3c2-535e5a9f69e0_r,46.47279,30.73927,344,
eb8f161b-a574-4d98-a3c2-535e5a9f69e0_r,46.47266,30.73925,346,
eb8f161b-a574-4d98-a3c2-535e5a9f69e0_r,46.47255,30.73923,348,
eb8f161b-a574-4d98-a3c2-535e5a9f69e0_r,46.47204,30.73912,350,
eb8f161b-a574-4d98-a3c2-535e5a9f69e0_r,46.47178,30.7391,352,
eb8f161b-a574-4d98-a3c2-535e5a9f69e0_r,46.47152,30.73906,354,
eb8f161b-a574-4d98-a3c2-535e5a9f69e0_r,46.47137,30.73904,356,
eb8f161b-a574-4d98-a3c2-535e5a9f69e0_r,46.47122,30.73902,358,
eb8f161b-a574-4d98-a3c2-535e5a9f69e0_r,46.47079,30.73895,360,
eb8f161b-a574-4d98-a3c2-535e5a9f69e0_r,46.47022,30.73887,362,
eb8f161b-a574-4d98-a3c2-535e5a9f69e0_r,46.47023,30.73874,364,
eb8f161b-a574-4d98-a3c2-535e5a9f69e0_r,46.470226,30.738741,366,
eb8f161b-a574-4d98-a3c2-535e5a9f69e0_r,46.47023,30.73874,371,
eb8f161b-a574-4d98-a3c2-535e5a9f69e0_r,46.47022,30.73887,373,
eb8f161b-a574-4d98-a3c2-535e5a9f69e0_r,46.47019,30.73887,375,
eb8f161b-a574-4d98-a3c2-535e5a9f69e0_r,46.46974,30.73882,377,
eb8f161b-a574-4d98-a3c2-535e5a9f69e0_r,46.46972,30.73882,379,
eb8f161b-a574-4d98-a3c2-535e5a9f69e0_r,46.46957,30.7388,381,
eb8f161b-a574-4d98-a3c2-535e5a9f69e0_r,46.46959,30.73835,383,
eb8f161b-a574-4d98-a3c2-535e5a9f69e0_r,46.46928,30.73832,385,
eb8f161b-a574-4d98-a3c2-535e5a9f69e0_r,46.46853,30.73822,387,
eb8f161b-a574-4d98-a3c2-535e5a9f69e0_r,46.46846,30.73902,389,
eb8f161b-a574-4d98-a3c2-535e5a9f69e0_r,46.46839,30.73969,391,
eb8f161b-a574-4d98-a3c2-535e5a9f69e0_r,46.46835,30.74024,393,
eb8f161b-a574-4d98-a3c2-535e5a9f69e0_r,46.46836,30.74038,395,
eb8f161b-a574-4d98-a3c2-535e5a9f69e0_r,46.46844,30.74057,397,
eb8f161b-a574-4d98-a3c2-535e5a9f69e0_r,46.4684,30.74072,399,
eb8f161b-a574-4d98-a3c2-535e5a9f69e0_r,46.4684,30.74088,401,
eb8f161b-a574-4d98-a3c2-535e5a9f69e0_r,46.46829,30.74105,403,
eb8f161b-a574-4d98-a3c2-535e5a9f69e0_r,46.46823,30.74124,405,
eb8f161b-a574-4d98-a3c2-535e5a9f69e0_r,46.46816,30.74146,407,
eb8f161b-a574-4d98-a3c2-535e5a9f69e0_r,46.46812,30.74155,409,
eb8f161b-a574-4d98-a3c2-535e5a9f69e0_r,46.46807,30.74162,411,
eb8f161b-a574-4d98-a3c2-535e5a9f69e0_r,46.46804,30.74168,413,
eb8f161b-a574-4d98-a3c2-535e5a9f69e0_r,46.468,30.74168,415,
eb8f161b-a574-4d98-a3c2-535e5a9f69e0_r,46.46795,30.74168,417,
eb8f161b-a574-4d98-a3c2-535e5a9f69e0_r,46.46793,30.74168,419,
eb8f161b-a574-4d98-a3c2-535e5a9f69e0_r,46.46789,30.74168,421,
eb8f161b-a574-4d98-a3c2-535e5a9f69e0_r,46.46763,30.74165,423,
eb8f161b-a574-4d98-a3c2-535e5a9f69e0_r,46.46722,30.74157,425,
eb8f161b-a574-4d98-a3c2-535e5a9f69e0_r,46.46718,30.74156,427,
eb8f161b-a574-4d98-a3c2-535e5a9f69e0_r,46.46718,30.74144,429,
eb8f161b-a574-4d98-a3c2-535e5a9f69e0_r,46.467193,30.741443,431,
eb8f161b-a574-4d98-a3c2-535e5a9f69e0_r,46.46719,30.74144,436,
eb8f161b-a574-4d98-a3c2-535e5a9f69e0_r,46.46719,30.74156,438,
eb8f161b-a574-4d98-a3c2-535e5a9f69e0_r,46.46616,30.74142,440,
eb8f161b-a574-4d98-a3c2-535e5a9f69e0_r,46.46504,30.74127,442,
eb8f161b-a574-4d98-a3c2-535e5a9f69e0_r,46.46481,30.74129,444,
eb8f161b-a574-4d98-a3c2-535e5a9f69e0_r,46.46472,30.74258,446,
eb8f161b-a574-4d98-a3c2-535e5a9f69e0_r,46.4647,30.74275,448,
eb8f161b-a574-4d98-a3c2-535e5a9f69e0_r,46.46464,30.7435,450,
eb8f161b-a574-4d98-a3c2-535e5a9f69e0_r,46.46457,30.7446,452,
eb8f161b-a574-4d98-a3c2-535e5a9f69e0_r,46.46455,30.74475,454,
eb8f161b-a574-4d98-a3c2-535e5a9f69e0_r,46.46446,30.74573,456,
eb8f161b-a574-4d98-a3c2-535e5a9f69e0_r,46.46446,30.74582,458,
eb8f161b-a574-4d98-a3c2-535e5a9f69e0_r,46.4644,30.74582,460,
eb8f161b-a574-4d98-a3c2-535e5a9f69e0_r,46.46436,30.74582,462,
eb8f161b-a574-4d98-a3c2-535e5a9f69e0_r,46.46393,30.74575,464,
eb8f161b-a574-4d98-a3c2-535e5a9f69e0_r,46.46378,30.74573,466,
eb8f161b-a574-4d98-a3c2-535e5a9f69e0_r,46.46361,30.74571,468,
eb8f161b-a574-4d98-a3c2-535e5a9f69e0_r,46.46335,30.74565,470,
eb8f161b-a574-4d98-a3c2-535e5a9f69e0_r,46.46316,30.74563,472,
eb8f161b-a574-4d98-a3c2-535e5a9f69e0_r,46.46253,30.74552,474,
eb8f161b-a574-4d98-a3c2-535e5a9f69e0_r,46.46247,30.74552,476,
eb8f161b-a574-4d98-a3c2-535e5a9f69e0_r,46.4624,30.7455,478,
eb8f161b-a574-4d98-a3c2-535e5a9f69e0_r,46.46125,30.7453,480,
eb8f161b-a574-4d98-a3c2-535e5a9f69e0_r,46.46088,30.74526,482,
eb8f161b-a574-4d98-a3c2-535e5a9f69e0_r,46.46089,30.74516,484,
eb8f161b-a574-4d98-a3c2-535e5a9f69e0_r,46.46086,30.74515,486,
eb8f161b-a574-4d98-a3c2-535e5a9f69e0_r,46.460861,30.745152,488,
eb8f161b-a574-4d98-a3c2-535e5a9f69e0_r,46.46086,30.74515,493,
eb8f161b-a574-4d98-a3c2-535e5a9f69e0_r,46.46089,30.74516,495,
eb8f161b-a574-4d98-a3c2-535e5a9f69e0_r,46.46088,30.74526,497,
eb8f161b-a574-4d98-a3c2-535e5a9f69e0_r,46.46084,30.74524,499,
eb8f161b-a574-4d98-a3c2-535e5a9f69e0_r,46.46069,30.74522,501,
eb8f161b-a574-4d98-a3c2-535e5a9f69e0_r,46.46052,30.7452,503,
eb8f161b-a574-4d98-a3c2-535e5a9f69e0_r,46.46011,30.74513,505,
eb8f161b-a574-4d98-a3c2-535e5a9f69e0_r,46.46004,30.74511,507,
eb8f161b-a574-4d98-a3c2-535e5a9f69e0_r,46.45953,30.74502,509,
eb8f161b-a574-4d98-a3c2-535e5a9f69e0_r,46.45773,30.74472,511,
eb8f161b-a574-4d98-a3c2-535e5a9f69e0_r,46.45547,30.74436,513,
eb8f161b-a574-4d98-a3c2-535e5a9f69e0_r,46.4553,30.74427,515,
eb8f161b-a574-4d98-a3c2-535e5a9f69e0_r,46.45511,30.74423,517,
eb8f161b-a574-4d98-a3c2-535e5a9f69e0_r,46.45498,30.74419,519,
eb8f161b-a574-4d98-a3c2-535e5a9f69e0_r,46.45485,30.74417,521,
eb8f161b-a574-4d98-a3c2-535e5a9f69e0_r,46.45464,30.74414,523,
eb8f161b-a574-4d98-a3c2-535e5a9f69e0_r,46.45451,30.74412,525,
eb8f161b-a574-4d98-a3c2-535e5a9f69e0_r,46.4544,30.74414,527,
eb8f161b-a574-4d98-a3c2-535e5a9f69e0_r,46.45436,30.74414,529,
eb8f161b-a574-4d98-a3c2-535e5a9f69e0_r,46.45406,30.74408,531,
eb8f161b-a574-4d98-a3c2-535e5a9f69e0_r,46.45361,30.74399,533,
eb8f161b-a574-4d98-a3c2-535e5a9f69e0_r,46.45352,30.74398,535,
eb8f161b-a574-4d98-a3c2-535e5a9f69e0_r,46.45352,30.74383,537,
eb8f161b-a574-4d98-a3c2-535e5a9f69e0_r,46.453577286975325,30.743882060050968,539,
eb8f161b-a574-4d98-a3c2-535e5a9f69e0_r,46.45352,30.74383,544,
eb8f161b-a574-4d98-a3c2-535e5a9f69e0_r,46.45352,30.74398,546,
eb8f161b-a574-4d98-a3c2-535e5a9f69e0_r,46.45341,30.74397,548,
eb8f161b-a574-4d98-a3c2-535e5a9f69e0_r,46.45322,30.74393,550,
eb8f161b-a574-4d98-a3c2-535e5a9f69e0_r,46.45226,30.7438,552,
eb8f161b-a574-4d98-a3c2-535e5a9f69e0_r,46.45211,30.74378,554,
eb8f161b-a574-4d98-a3c2-535e5a9f69e0_r,46.45123,30.74365,556,
eb8f161b-a574-4d98-a3c2-535e5a9f69e0_r,46.45047,30.74352,558,
eb8f161b-a574-4d98-a3c2-535e5a9f69e0_r,46.4497,30.74339,560,
eb8f161b-a574-4d98-a3c2-535e5a9f69e0_r,46.44925,30.74331,562,
eb8f161b-a574-4d98-a3c2-535e5a9f69e0_r,46.4488,30.74322,564,
eb8f161b-a574-4d98-a3c2-535e5a9f69e0_r,46.44805,30.74311,566,
eb8f161b-a574-4d98-a3c2-535e5a9f69e0_r,46.44768,30.74305,568,
eb8f161b-a574-4d98-a3c2-535e5a9f69e0_r,46.44764,30.74304,570,
eb8f161b-a574-4d98-a3c2-535e5a9f69e0_r,46.44765,30.74291,572,
eb8f161b-a574-4d98-a3c2-535e5a9f69e0_r,46.44764894403397,30.742970108985904,574,
eb8f161b-a574-4d98-a3c2-535e5a9f69e0_r,46.44765,30.74291,579,
eb8f161b-a574-4d98-a3c2-535e5a9f69e0_r,46.44764,30.74304,581,
eb8f161b-a574-4d98-a3c2-535e5a9f69e0_r,46.44713,30.74294,583,
eb8f161b-a574-4d98-a3c2-535e5a9f69e0_r,46.44708,30.74294,585,
eb8f161b-a574-4d98-a3c2-535e5a9f69e0_r,46.4462,30.74281,587,
eb8f161b-a574-4d98-a3c2-535e5a9f69e0_r,46.44539,30.74266,589,
eb8f161b-a574-4d98-a3c2-535e5a9f69e0_r,46.44526,30.74256,591,
eb8f161b-a574-4d98-a3c2-535e5a9f69e0_r,46.44517,30.74247,593,
eb8f161b-a574-4d98-a3c2-535e5a9f69e0_r,46.44511,30.7423,595,
eb8f161b-a574-4d98-a3c2-535e5a9f69e0_r,46.44509,30.74215,597,
eb8f161b-a574-4d98-a3c2-535e5a9f69e0_r,46.44506,30.74199,599,
eb8f161b-a574-4d98-a3c2-535e5a9f69e0_r,46.44502,30.7419,601,
eb8f161b-a574-4d98-a3c2-535e5a9f69e0_r,46.44494,30.74188,603,
eb8f161b-a574-4d98-a3c2-535e5a9f69e0_r,46.44487,30.74191,605,
eb8f161b-a574-4d98-a3c2-535e5a9f69e0_r,46.4448,30.74195,607,
eb8f161b-a574-4d98-a3c2-535e5a9f69e0_r,46.4446,30.74206,609,
eb8f161b-a574-4d98-a3c2-535e5a9f69e0_r,46.44443,30.74215,611,
eb8f161b-a574-4d98-a3c2-535e5a9f69e0_r,46.44415,30.74234,613,
eb8f161b-a574-4d98-a3c2-535e5a9f69e0_r,46.44411,30.74219,615,
eb8f161b-a574-4d98-a3c2-535e5a9f69e0_r,46.44412637484434,30.74229955673218,617,
eb8f161b-a574-4d98-a3c2-535e5a9f69e0_r,46.44411,30.7422,622,
eb8f161b-a574-4d98-a3c2-535e5a9f69e0_r,46.44415,30.74235,624,
eb8f161b-a574-4d98-a3c2-535e5a9f69e0_r,46.44378,30.74254,626,
eb8f161b-a574-4d98-a3c2-535e5a9f69e0_r,46.44356,30.74264,628,
eb8f161b-a574-4d98-a3c2-535e5a9f69e0_r,46.44348,30.74269,630,
eb8f161b-a574-4d98-a3c2-535e5a9f69e0_r,46.44339,30.74273,632,
eb8f161b-a574-4d98-a3c2-535e5a9f69e0_r,46.44333,30.74275,634,
eb8f161b-a574-4d98-a3c2-535e5a9f69e0_r,46.43964,30.7447,636,
eb8f161b-a574-4d98-a3c2-535e5a9f69e0_r,46.4391,30.74498,638,
eb8f161b-a574-4d98-a3c2-535e5a9f69e0_r,46.43848,30.74528,640,
eb8f161b-a574-4d98-a3c2-535e5a9f69e0_r,46.43818,30.74543,642,
eb8f161b-a574-4d98-a3c2-535e5a9f69e0_r,46.43786,30.74558,644,
eb8f161b-a574-4d98-a3c2-535e5a9f69e0_r,46.43758,30.74484,646,
eb8f161b-a574-4d98-a3c2-535e5a9f69e0_r,46.43766,30.74477,648,
eb8f161b-a574-4d98-a3c2-535e5a9f69e0_r,46.437649871594374,30.74484765529633,650,
eb8f161b-a574-4d98-a3c2-535e5a9f69e0_r,46.43766,30.74477,655,
eb8f161b-a574-4d98-a3c2-535e5a9f69e0_r,46.43758,30.74484,657,
eb8f161b-a574-4d98-a3c2-535e5a9f69e0_r,46.43751,30.74457,659,
eb8f161b-a574-4d98-a3c2-535e5a9f69e0_r,46.43729,30.74396,661,
eb8f161b-a574-4d98-a3c2-535e5a9f69e0_r,46.43699,30.74312,663,
eb8f161b-a574-4d98-a3c2-535e5a9f69e0_r,46.43645,30.7417,665,
eb8f161b-a574-4d98-a3c2-535e5a9f69e0_r,46.4364,30.7415,667,
eb8f161b-a574-4d98-a3c2-535e5a9f69e0_r,46.43641,30.74105,669,
eb8f161b-a574-4d98-a3c2-535e5a9f69e0_r,46.43642,30.74101,671,
eb8f161b-a574-4d98-a3c2-535e5a9f69e0_r,46.43648,30.74102,673,
eb8f161b-a574-4d98-a3c2-535e5a9f69e0_r,46.43642250224896,30.741006731987003,675,
eb8f161b-a574-4d98-a3c2-535e5a9f69e0_r,46.43647,30.74103,680,
eb8f161b-a574-4d98-a3c2-535e5a9f69e0_r,46.43641,30.74102,682,
eb8f161b-a574-4d98-a3c2-535e5a9f69e0_r,46.43647,30.74051,684,
eb8f161b-a574-4d98-a3c2-535e5a9f69e0_r,46.43664,30.73888,686,
eb8f161b-a574-4d98-a3c2-535e5a9f69e0_r,46.43676,30.73728,688,
eb8f161b-a574-4d98-a3c2-535e5a9f69e0_r,46.43684,30.73626,690,
eb8f161b-a574-4d98-a3c2-535e5a9f69e0_r,46.43689,30.73589,692,
eb8f161b-a574-4d98-a3c2-535e5a9f69e0_r,46.43697,30.73589,694,
eb8f161b-a574-4d98-a3c2-535e5a9f69e0_r,46.43694746481026,30.73586225509644,696,
eb8f161b-a574-4d98-a3c2-535e5a9f69e0_r,46.43697,30.73589,701,
eb8f161b-a574-4d98-a3c2-535e5a9f69e0_r,46.43689,30.73589,703,
eb8f161b-a574-4d98-a3c2-535e5a9f69e0_r,46.43689,30.7358,705,
eb8f161b-a574-4d98-a3c2-535e5a9f69e0_r,46.43702,30.73455,707,
eb8f161b-a574-4d98-a3c2-535e5a9f69e0_r,46.43717,30.73288,709,
eb8f161b-a574-4d98-a3c2-535e5a9f69e0_r,46.4372,30.73261,711,
eb8f161b-a574-4d98-a3c2-535e5a9f69e0_r,46.43728,30.73263,713,
eb8f161b-a574-4d98-a3c2-535e5a9f69e0_r,46.437284,30.732631,715,
eb8f161b-a574-4d98-a3c2-535e5a9f69e0_r,46.43728,30.73263,720,
eb8f161b-a574-4d98-a3c2-535e5a9f69e0_r,46.4372,30.73261,722,
eb8f161b-a574-4d98-a3c2-535e5a9f69e0_r,46.43723,30.73232,724,
eb8f161b-a574-4d98-a3c2-535e5a9f69e0_r,46.43736,30.73093,726,
eb8f161b-a574-4d98-a3c2-535e5a9f69e0_r,46.43739,30.73078,728,
eb8f161b-a574-4d98-a3c2-535e5a9f69e0_r,46.43756,30.72882,730,
eb8f161b-a574-4d98-a3c2-535e5a9f69e0_r,46.43776,30.72702,732,
eb8f161b-a574-4d98-a3c2-535e5a9f69e0_r,46.43779,30.72666,734,
eb8f161b-a574-4d98-a3c2-535e5a9f69e0_r,46.43781,30.72648,736,
eb8f161b-a574-4d98-a3c2-535e5a9f69e0_r,46.43783,30.72629,738,
eb8f161b-a574-4d98-a3c2-535e5a9f69e0_r,46.43782,30.72611,740,
eb8f161b-a574-4d98-a3c2-535e5a9f69e0_r,46.43779,30.72571,742,
eb8f161b-a574-4d98-a3c2-535e5a9f69e0_r,46.43775,30.72536,744,
eb8f161b-a574-4d98-a3c2-535e5a9f69e0_r,46.43772,30.72512,746,
eb8f161b-a574-4d98-a3c2-535e5a9f69e0_r,46.43757,30.72489,748,
eb8f161b-a574-4d98-a3c2-535e5a9f69e0_r,46.43735,30.72456,750,
eb8f161b-a574-4d98-a3c2-535e5a9f69e0_r,46.43701,30.72407,752,
eb8f161b-a574-4d98-a3c2-535e5a9f69e0_r,46.43684,30.72383,754,
eb8f161b-a574-4d98-a3c2-535e5a9f69e0_r,46.4366,30.72347,756,
eb8f161b-a574-4d98-a3c2-535e5a9f69e0_r,46.4366,30.72346,758,
eb8f161b-a574-4d98-a3c2-535e5a9f69e0_r,46.43665,30.7234,760,
eb8f161b-a574-4d98-a3c2-535e5a9f69e0_r,46.436657,30.723385,762,
eb8f161b-a574-4d98-a3c2-535e5a9f69e0_r,46.43666,30.72339,767,
eb8f161b-a574-4d98-a3c2-535e5a9f69e0_r,46.43661,30.72345,769,
eb8f161b-a574-4d98-a3c2-535e5a9f69e0_r,46.43644,30.7232,771,
eb8f161b-a574-4d98-a3c2-535e5a9f69e0_r,46.4364,30.72316,773,
eb8f161b-a574-4d98-a3c2-535e5a9f69e0_r,46.43625,30.72292,775,
eb8f161b-a574-4d98-a3c2-535e5a9f69e0_r,46.43567,30.72209,777,
eb8f161b-a574-4d98-a3c2-535e5a9f69e0_r,46.43558,30.72194,779,
eb8f161b-a574-4d98-a3c2-535e5a9f69e0_r,46.4353,30.72155,781,
eb8f161b-a574-4d98-a3c2-535e5a9f69e0_r,46.43509,30.72123,783,
eb8f161b-a574-4d98-a3c2-535e5a9f69e0_r,46.43496,30.72103,785,
eb8f161b-a574-4d98-a3c2-535e5a9f69e0_r,46.43485,30.72088,787,
eb8f161b-a574-4d98-a3c2-535e5a9f69e0_r,46.4346,30.7205,789,
eb8f161b-a574-4d98-a3c2-535e5a9f69e0_r,46.43458,30.72047,791,
eb8f161b-a574-4d98-a3c2-535e5a9f69e0_r,46.43463,30.72039,793,
eb8f161b-a574-4d98-a3c2-535e5a9f69e0_r,46.434651640531456,30.720471739768985,795,
eb8f161b-a574-4d98-a3c2-535e5a9f69e0_r,46.43463,30.72039,800,
eb8f161b-a574-4d98-a3c2-535e5a9f69e0_r,46.43458,30.72047,802,
eb8f161b-a574-4d98-a3c2-535e5a9f69e0_r,46.43399,30.71962,804,
eb8f161b-a574-4d98-a3c2-535e5a9f69e0_r,46.43342,30.71878,806,
eb8f161b-a574-4d98-a3c2-535e5a9f69e0_r,46.43327,30.71855,808,
eb8f161b-a574-4d98-a3c2-535e5a9f69e0_r,46.43334,30.71841,810,
eb8f161b-a574-4d98-a3c2-535e5a9f69e0_r,46.43327262067667,30.718481540679935,812,
eb8f161b-a574-4d98-a3c2-535e5a9f69e0_r,46.43334,30.71841,817,
eb8f161b-a574-4d98-a3c2-535e5a9f69e0_r,46.43327,30.71855,819,
eb8f161b-a574-4d98-a3c2-535e5a9f69e0_r,46.43318,30.71846,821,
eb8f161b-a574-4d98-a3c2-535e5a9f69e0_r,46.43249,30.71741,823,
eb8f161b-a574-4d98-a3c2-535e5a9f69e0_r,46.43226,30.71707,825,
eb8f161b-a574-4d98-a3c2-535e5a9f69e0_r,46.43219,30.71698,827,
eb8f161b-a574-4d98-a3c2-535e5a9f69e0_r,46.43209,30.71683,829,
eb8f161b-a574-4d98-a3c2-535e5a9f69e0_r,46.43161,30.71619,831,
eb8f161b-a574-4d98-a3c2-535e5a9f69e0_r,46.4316,30.71618,833,
eb8f161b-a574-4d98-a3c2-535e5a9f69e0_r,46.43167,30.71608,835,
eb8f161b-a574-4d98-a3c2-535e5a9f69e0_r,46.431675,30.71608,837,
eb8f161b-a574-4d98-a3c2-535e5a9f69e0_r,46.43168,30.71608,842,
eb8f161b-a574-4d98-a3c2-535e5a9f69e0_r,46.43161,30.71618,844,
eb8f161b-a574-4d98-a3c2-535e5a9f69e0_r,46.43122,30.71558,846,
eb8f161b-a574-4d98-a3c2-535e5a9f69e0_r,46.43081,30.71503,848,
eb8f161b-a574-4d98-a3c2-535e5a9f69e0_r,46.43076,30.71494,850,
eb8f161b-a574-4d98-a3c2-535e5a9f69e0_r,46.43066,30.71481,852,
eb8f161b-a574-4d98-a3c2-535e5a9f69e0_r,46.43038,30.71438,854,
eb8f161b-a574-4d98-a3c2-535e5a9f69e0_r,46.43012,30.71402,856,
eb8f161b-a574-4d98-a3c2-535e5a9f69e0_r,46.42976,30.71348,858,
eb8f161b-a574-4d98-a3c2-535e5a9f69e0_r,46.42935,30.7129,860,
eb8f161b-a574-4d98-a3c2-535e5a9f69e0_r,46.42916,30.71258,862,
eb8f161b-a574-4d98-a3c2-535e5a9f69e0_r,46.42911,30.7125,864,
eb8f161b-a574-4d98-a3c2-535e5a9f69e0_r,46.42919,30.71238,866,
eb8f161b-a574-4d98-a3c2-535e5a9f69e0_r,46.42899115171706,30.712183713912967,868,
eb8f161b-a574-4d98-a3c2-535e5a9f69e0_r,46.42918,30.71238,873,
eb8f161b-a574-4d98-a3c2-535e5a9f69e0_r,46.4291,30.7125,875,
eb8f161b-a574-4d98-a3c2-535e5a9f69e0_r,46.42887,30.71217,877,
eb8f161b-a574-4d98-a3c2-535e5a9f69e0_r,46.42846,30.71157,879,
eb8f161b-a574-4d98-a3c2-535e5a9f69e0_r,46.42805,30.71093,881,
eb8f161b-a574-4d98-a3c2-535e5a9f69e0_r,46.42777,30.7105,883,
eb8f161b-a574-4d98-a3c2-535e5a9f69e0_r,46.42696,30.7093,885,
eb8f161b-a574-4d98-a3c2-535e5a9f69e0_r,46.42687,30.70915,887,
eb8f161b-a574-4d98-a3c2-535e5a9f69e0_r,46.42681,30.70908,889,
eb8f161b-a574-4d98-a3c2-535e5a9f69e0_r,46.42666,30.70885,891,
eb8f161b-a574-4d98-a3c2-535e5a9f69e0_r,46.42659,30.70876,893,
eb8f161b-a574-4d98-a3c2-535e5a9f69e0_r,46.42666,30.70866,895,
eb8f161b-a574-4d98-a3c2-535e5a9f69e0_r,46.42665062107007,30.708745121955875,897,
eb8f161b-a574-4d98-a3c2-535e5a9f69e0_r,46.42666,30.70866,902,
eb8f161b-a574-4d98-a3c2-535e5a9f69e0_r,46.42659,30.70876,904,
eb8f161b-a574-4d98-a3c2-535e5a9f69e0_r,46.42618,30.70814,906,
eb8f161b-a574-4d98-a3c2-535e5a9f69e0_r,46.4255,30.70715,908,
eb8f161b-a574-4d98-a3c2-535e5a9f69e0_r,46.42494,30.70634,910,
eb8f161b-a574-4d98-a3c2-535e5a9f69e0_r,46.4247,30.70599,912,
eb8f161b-a574-4d98-a3c2-535e5a9f69e0_r,46.42462,30.70586,914,
eb8f161b-a574-4d98-a3c2-535e5a9f69e0_r,46.42457,30.7058,916,
eb8f161b-a574-4d98-a3c2-535e5a9f69e0_r,46.4245,30.7057,918,
eb8f161b-a574-4d98-a3c2-535e5a9f69e0_r,46.42458,30.70558,920,
eb8f161b-a574-4d98-a3c2-535e5a9f69e0_r,46.42455404146655,30.70562839508057,922,
b4fbb605-7341-4f86-b3cb-3aabfbf9ddeb_d,46.49634275433314,30.71810066699982,1,
b4fbb605-7341-4f86-b3cb-3aabfbf9ddeb_d,46.49637,30.71834,6,
b4fbb605-7341-4f86-b3cb-3aabfbf9ddeb_d,46.49645,30.71844,8,
b4fbb605-7341-4f86-b3cb-3aabfbf9ddeb_d,46.49652,30.71858,10,
b4fbb605-7341-4f86-b3cb-3aabfbf9ddeb_d,46.49662,30.71877,12,
b4fbb605-7341-4f86-b3cb-3aabfbf9ddeb_d,46.49674,30.71875,14,
b4fbb605-7341-4f86-b3cb-3aabfbf9ddeb_d,46.49682,30.71867,16,
b4fbb605-7341-4f86-b3cb-3aabfbf9ddeb_d,46.49686,30.71861,18,
b4fbb605-7341-4f86-b3cb-3aabfbf9ddeb_d,46.49687,30.71843,20,
b4fbb605-7341-4f86-b3cb-3aabfbf9ddeb_d,46.49681,30.71822,22,
b4fbb605-7341-4f86-b3cb-3aabfbf9ddeb_d,46.49668,30.71801,24,
b4fbb605-7341-4f86-b3cb-3aabfbf9ddeb_d,46.49659,30.71784,26,
b4fbb605-7341-4f86-b3cb-3aabfbf9ddeb_d,46.4965,30.71773,28,
b4fbb605-7341-4f86-b3cb-3aabfbf9ddeb_d,46.4964,30.71762,30,
b4fbb605-7341-4f86-b3cb-3aabfbf9ddeb_d,46.49618,30.7175,32,
b4fbb605-7341-4f86-b3cb-3aabfbf9ddeb_d,46.49608,30.71739,34,
b4fbb605-7341-4f86-b3cb-3aabfbf9ddeb_d,46.49602,30.71728,36,
b4fbb605-7341-4f86-b3cb-3aabfbf9ddeb_d,46.49595,30.7172,38,
b4fbb605-7341-4f86-b3cb-3aabfbf9ddeb_d,46.49578,30.7171,40,
b4fbb605-7341-4f86-b3cb-3aabfbf9ddeb_d,46.49561,30.71696,42,
b4fbb605-7341-4f86-b3cb-3aabfbf9ddeb_d,46.49515,30.71649,44,
b4fbb605-7341-4f86-b3cb-3aabfbf9ddeb_d,46.49467,30.71598,46,
b4fbb605-7341-4f86-b3cb-3aabfbf9ddeb_d,46.49277,30.71399,48,
b4fbb605-7341-4f86-b3cb-3aabfbf9ddeb_d,46.492767938610726,30.714012980461124,50,
b4fbb605-7341-4f86-b3cb-3aabfbf9ddeb_d,46.49279,30.71399,55,
b4fbb605-7341-4f86-b3cb-3aabfbf9ddeb_d,46.49254,30.7138,57,
b4fbb605-7341-4f86-b3cb-3aabfbf9ddeb_d,46.49225,30.71358,59,
b4fbb605-7341-4f86-b3cb-3aabfbf9ddeb_d,46.49084,30.713,61,
b4fbb605-7341-4f86-b3cb-3aabfbf9ddeb_d,46.49016,30.71274,63,
b4fbb605-7341-4f86-b3cb-3aabfbf9ddeb_d,46.48949,30.7124,65,
b4fbb605-7341-4f86-b3cb-3aabfbf9ddeb_d,46.48869,30.71163,67,
b4fbb605-7341-4f86-b3cb-3aabfbf9ddeb_d,46.48869,30.71165,69,
b4fbb605-7341-4f86-b3cb-3aabfbf9ddeb_d,46.48867581565575,30.71165263652802,71,
b4fbb605-7341-4f86-b3cb-3aabfbf9ddeb_d,46.48868,30.71165,76,
b4fbb605-7341-4f86-b3cb-3aabfbf9ddeb_d,46.48868,30.71163,78,
b4fbb605-7341-4f86-b3cb-3aabfbf9ddeb_d,46.48789,30.71092,80,
b4fbb605-7341-4f86-b3cb-3aabfbf9ddeb_d,46.4871,30.71021,82,
b4fbb605-7341-4f86-b3cb-3aabfbf9ddeb_d,46.48633,30.70948,84,
b4fbb605-7341-4f86-b3cb-3aabfbf9ddeb_d,46.48593,30.70911,86,
b4fbb605-7341-4f86-b3cb-3aabfbf9ddeb_d,46.48575,30.70896,88,
b4fbb605-7341-4f86-b3cb-3aabfbf9ddeb_d,46.48554,30.70885,90,
b4fbb605-7341-4f86-b3cb-3aabfbf9ddeb_d,46.48531,30.70872,92,
b4fbb605-7341-4f86-b3cb-3aabfbf9ddeb_d,46.48501,30.70862,94,
b4fbb605-7341-4f86-b3cb-3aabfbf9ddeb_d,46.48461,30.70848,96,
b4fbb605-7341-4f86-b3cb-3aabfbf9ddeb_d,46.484620321491164,30.708487629890445,98,
b4fbb605-7341-4f86-b3cb-3aabfbf9ddeb_d,46.48462,30.70849,103,
b4fbb605-7341-4f86-b3cb-3aabfbf9ddeb_d,46.4845,30.7085,105,
b4fbb605-7341-4f86-b3cb-3aabfbf9ddeb_d,46.48436,30.70848,107,
b4fbb605-7341-4f86-b3cb-3aabfbf9ddeb_d,46.48427,30.70841,109,
b4fbb605-7341-4f86-b3cb-3aabfbf9ddeb_d,46.48424,30.70829,111,
b4fbb605-7341-4f86-b3cb-3aabfbf9ddeb_d,46.48423,30.70818,113,
b4fbb605-7341-4f86-b3cb-3aabfbf9ddeb_d,46.48423,30.70812,115,
b4fbb605-7341-4f86-b3cb-3aabfbf9ddeb_d,46.4843,30.708,117,
b4fbb605-7341-4f86-b3cb-3aabfbf9ddeb_d,46.48442,30.70794,119,
b4fbb605-7341-4f86-b3cb-3aabfbf9ddeb_d,46.48452,30.70781,121,
b4fbb605-7341-4f86-b3cb-3aabfbf9ddeb_d,46.48455,30.70764,123,
b4fbb605-7341-4f86-b3cb-3aabfbf9ddeb_d,46.48456,30.70741,125,
b4fbb605-7341-4f86-b3cb-3aabfbf9ddeb_d,46.48466,30.70706,127,
b4fbb605-7341-4f86-b3cb-3aabfbf9ddeb_d,46.48497,30.70622,129,
b4fbb605-7341-4f86-b3cb-3aabfbf9ddeb_d,46.48563,30.70465,131,
b4fbb605-7341-4f86-b3cb-3aabfbf9ddeb_d,46.485631,30.704657,133,
b4fbb605-7341-4f86-b3cb-3aabfbf9ddeb_d,46.48563,30.70466,138,
b4fbb605-7341-4f86-b3cb-3aabfbf9ddeb_d,46.48756,30.69974,140,
b4fbb605-7341-4f86-b3cb-3aabfbf9ddeb_d,46.487557,30.699744,142,
b4fbb605-7341-4f86-b3cb-3aabfbf9ddeb_d,46.48756,30.69974,147,
b4fbb605-7341-4f86-b3cb-3aabfbf9ddeb_d,46.48764,30.69956,149,
b4fbb605-7341-4f86-b3cb-3aabfbf9ddeb_d,46.48769,30.69942,151,
b4fbb605-7341-4f86-b3cb-3aabfbf9ddeb_d,46.48772,30.69923,153,
b4fbb605-7341-4f86-b3cb-3aabfbf9ddeb_d,46.48773,30.69911,155,
b4fbb605-7341-4f86-b3cb-3aabfbf9ddeb_d,46.4877,30.69901,157,
b4fbb605-7341-4f86-b3cb-3aabfbf9ddeb_d,46.48753,30.69854,159,
b4fbb605-7341-4f86-b3cb-3aabfbf9ddeb_d,46.48735,30.69801,161,
b4fbb605-7341-4f86-b3cb-3aabfbf9ddeb_d,46.48715,30.69747,163,
b4fbb605-7341-4f86-b3cb-3aabfbf9ddeb_d,46.48696,30.697,165,
b4fbb605-7341-4f86-b3cb-3aabfbf9ddeb_d,46.48692,30.69683,167,
b4fbb605-7341-4f86-b3cb-3aabfbf9ddeb_d,46.48696,30.69667,169,
b4fbb605-7341-4f86-b3cb-3aabfbf9ddeb_d,46.48703,30.69654,171,
b4fbb605-7341-4f86-b3cb-3aabfbf9ddeb_d,46.48712,30.69647,173,
b4fbb605-7341-4f86-b3cb-3aabfbf9ddeb_d,46.487124,30.696477,175,
b4fbb605-7341-4f86-b3cb-3aabfbf9ddeb_d,46.48712,30.69648,180,
b4fbb605-7341-4f86-b3cb-3aabfbf9ddeb_d,46.48714,30.69631,182,
b4fbb605-7341-4f86-b3cb-3aabfbf9ddeb_d,46.48717,30.6961,184,
b4fbb605-7341-4f86-b3cb-3aabfbf9ddeb_d,46.48721,30.69571,186,
b4fbb605-7341-4f86-b3cb-3aabfbf9ddeb_d,46.48724,30.69533,188,
b4fbb605-7341-4f86-b3cb-3aabfbf9ddeb_d,46.48728,30.69497,190,
b4fbb605-7341-4f86-b3cb-3aabfbf9ddeb_d,46.48735,30.69476,192,
b4fbb605-7341-4f86-b3cb-3aabfbf9ddeb_d,46.48742,30.69467,194,
b4fbb605-7341-4f86-b3cb-3aabfbf9ddeb_d,46.4875,30.69463,196,
b4fbb605-7341-4f86-b3cb-3aabfbf9ddeb_d,46.48791,30.69469,198,
b4fbb605-7341-4f86-b3cb-3aabfbf9ddeb_d,46.487891,30.694688,200,
b4fbb605-7341-4f86-b3cb-3aabfbf9ddeb_d,46.48789,30.69469,205,
b4fbb605-7341-4f86-b3cb-3aabfbf9ddeb_d,46.49114,30.69532,207,
b4fbb605-7341-4f86-b3cb-3aabfbf9ddeb_d,46.49114,30.69532,209,
b4fbb605-7341-4f86-b3cb-3aabfbf9ddeb_d,46.491135,30.695315,211,
b4fbb605-7341-4f86-b3cb-3aabfbf9ddeb_d,46.49114,30.69532,216,
b4fbb605-7341-4f86-b3cb-3aabfbf9ddeb_d,46.49133,30.69532,218,
b4fbb605-7341-4f86-b3cb-3aabfbf9ddeb_d,46.49151,30.69536,220,
b4fbb605-7341-4f86-b3cb-3aabfbf9ddeb_d,46.49164,30.69556,222,
b4fbb605-7341-4f86-b3cb-3aabfbf9ddeb_d,46.49169,30.6957,224,
b4fbb605-7341-4f86-b3cb-3aabfbf9ddeb_d,46.49172,30.69587,226,
b4fbb605-7341-4f86-b3cb-3aabfbf9ddeb_d,46.49194,30.69667,228,
b4fbb605-7341-4f86-b3cb-3aabfbf9ddeb_d,46.49237,30.69797,230,
b4fbb605-7341-4f86-b3cb-3aabfbf9ddeb_d,46.49323,30.70058,232,
b4fbb605-7341-4f86-b3cb-3aabfbf9ddeb_d,46.493217,30.700569,234,
b4fbb605-7341-4f86-b3cb-3aabfbf9ddeb_d,46.49322,30.70057,239,
b4fbb605-7341-4f86-b3cb-3aabfbf9ddeb_d,46.49324,30.70055,241,
b4fbb605-7341-4f86-b3cb-3aabfbf9ddeb_d,46.49377,30.70232,243,
b4fbb605-7341-4f86-b3cb-3aabfbf9ddeb_d,46.49383,30.70253,245,
b4fbb605-7341-4f86-b3cb-3aabfbf9ddeb_d,46.49382,30.70267,247,
b4fbb605-7341-4f86-b3cb-3aabfbf9ddeb_d,46.49374,30.70277,249,
b4fbb605-7341-4f86-b3cb-3aabfbf9ddeb_d,46.4935,30.70295,251,
b4fbb605-7341-4f86-b3cb-3aabfbf9ddeb_d,46.49326,30.70316,253,
b4fbb605-7341-4f86-b3cb-3aabfbf9ddeb_d,46.4932,30.7033,255,
b4fbb605-7341-4f86-b3cb-3aabfbf9ddeb_d,46.49321,30.70349,257,
b4fbb605-7341-4f86-b3cb-3aabfbf9ddeb_d,46.49322,30.70366,259,
b4fbb605-7341-4f86-b3cb-3aabfbf9ddeb_d,46.4932,30.70381,261,
b4fbb605-7341-4f86-b3cb-3aabfbf9ddeb_d,46.49307,30.70393,263,
b4fbb605-7341-4f86-b3cb-3aabfbf9ddeb_d,46.49296,30.70399,265,
b4fbb605-7341-4f86-b3cb-3aabfbf9ddeb_d,46.49285,30.70405,267,
b4fbb605-7341-4f86-b3cb-3aabfbf9ddeb_d,46.49284918703226,30.704061985015873,269,
eb8f161b-a574-4d98-a3c2-535e5a9f69e0_d,46.424657578154445,30.706062912940983,1,
eb8f161b-a574-4d98-a3c2-535e5a9f69e0_d,46.42463,30.70609,6,
eb8f161b-a574-4d98-a3c2-535e5a9f69e0_d,46.42462,30.70597,8,
eb8f161b-a574-4d98-a3c2-535e5a9f69e0_d,46.42476,30.7062,10,
eb8f161b-a574-4d98-a3c2-535e5a9f69e0_d,46.42493,30.70639,12,
eb8f161b-a574-4d98-a3c2-535e5a9f69e0_d,46.4255,30.70715,14,
eb8f161b-a574-4d98-a3c2-535e5a9f69e0_d,46.42618,30.70814,16,
eb8f161b-a574-4d98-a3c2-535e5a9f69e0_d,46.42666,30.70885,18,
eb8f161b-a574-4d98-a3c2-535e5a9f69e0_d,46.42681,30.70908,20,
eb8f161b-a574-4d98-a3c2-535e5a9f69e0_d,46.42687,30.70915,22,
eb8f161b-a574-4d98-a3c2-535e5a9f69e0_d,46.42696,30.7093,24,
eb8f161b-a574-4d98-a3c2-535e5a9f69e0_d,46.42699,30.70934,26,
eb8f161b-a574-4d98-a3c2-535e5a9f69e0_d,46.42693,30.70942,28,
eb8f161b-a574-4d98-a3c2-535e5a9f69e0_d,46.426920545212866,30.70937812328339,30,
eb8f161b-a574-4d98-a3c2-535e5a9f69e0_d,46.42693,30.70942,35,
eb8f161b-a574-4d98-a3c2-535e5a9f69e0_d,46.42699,30.70934,37,
eb8f161b-a574-4d98-a3c2-535e5a9f69e0_d,46.42777,30.7105,39,
eb8f161b-a574-4d98-a3c2-535e5a9f69e0_d,46.42805,30.71093,41,
eb8f161b-a574-4d98-a3c2-535e5a9f69e0_d,46.42846,30.71157,43,
eb8f161b-a574-4d98-a3c2-535e5a9f69e0_d,46.42887,30.71217,45,
eb8f161b-a574-4d98-a3c2-535e5a9f69e0_d,46.42915,30.71258,47,
eb8f161b-a574-4d98-a3c2-535e5a9f69e0_d,46.42934,30.7129,49,
eb8f161b-a574-4d98-a3c2-535e5a9f69e0_d,46.42975,30.71348,51,
eb8f161b-a574-4d98-a3c2-535e5a9f69e0_d,46.42977,30.7135,53,
eb8f161b-a574-4d98-a3c2-535e5a9f69e0_d,46.42967147668638,30.713428258895878,55,
eb8f161b-a574-4d98-a3c2-535e5a9f69e0_d,46.42967,30.71343,60,
eb8f161b-a574-4d98-a3c2-535e5a9f69e0_d,46.42971,30.71338,62,
eb8f161b-a574-4d98-a3c2-535e5a9f69e0_d,46.42975,30.71344,64,
eb8f161b-a574-4d98-a3c2-535e5a9f69e0_d,46.42985,30.71361,66,
eb8f161b-a574-4d98-a3c2-535e5a9f69e0_d,46.43011,30.714,68,
eb8f161b-a574-4d98-a3c2-535e5a9f69e0_d,46.43065,30.71473,70,
eb8f161b-a574-4d98-a3c2-535e5a9f69e0_d,46.43067,30.71479,72,
eb8f161b-a574-4d98-a3c2-535e5a9f69e0_d,46.43071,30.71483,74,
eb8f161b-a574-4d98-a3c2-535e5a9f69e0_d,46.43075,30.71492,76,
eb8f161b-a574-4d98-a3c2-535e5a9f69e0_d,46.43082,30.71501,78,
eb8f161b-a574-4d98-a3c2-535e5a9f69e0_d,46.43121,30.71558,80,
eb8f161b-a574-4d98-a3c2-535e5a9f69e0_d,46.43161,30.71619,82,
eb8f161b-a574-4d98-a3c2-535e5a9f69e0_d,46.43206,30.71681,84,
eb8f161b-a574-4d98-a3c2-535e5a9f69e0_d,46.43215,30.71692,86,
eb8f161b-a574-4d98-a3c2-535e5a9f69e0_d,46.43224,30.71707,88,
eb8f161b-a574-4d98-a3c2-535e5a9f69e0_d,46.43247,30.71741,90,
eb8f161b-a574-4d98-a3c2-535e5a9f69e0_d,46.43318,30.71846,92,
eb8f161b-a574-4d98-a3c2-535e5a9f69e0_d,46.43327,30.71855,94,
eb8f161b-a574-4d98-a3c2-535e5a9f69e0_d,46.43342,30.71878,96,
eb8f161b-a574-4d98-a3c2-535e5a9f69e0_d,46.43399,30.71962,98,
eb8f161b-a574-4d98-a3c2-535e5a9f69e0_d,46.4346,30.7205,100,
eb8f161b-a574-4d98-a3c2-535e5a9f69e0_d,46.43479,30.72078,102,
eb8f161b-a574-4d98-a3c2-535e5a9f69e0_d,46.43481,30.72082,104,
eb8f161b-a574-4d98-a3c2-535e5a9f69e0_d,46.43485,30.72088,106,
eb8f161b-a574-4d98-a3c2-535e5a9f69e0_d,46.43496,30.72106,108,
eb8f161b-a574-4d98-a3c2-535e5a9f69e0_d,46.43505,30.72116,110,
eb8f161b-a574-4d98-a3c2-535e5a9f69e0_d,46.43507,30.72121,112,
eb8f161b-a574-4d98-a3c2-535e5a9f69e0_d,46.43528,30.72152,114,
eb8f161b-a574-4d98-a3c2-535e5a9f69e0_d,46.43522,30.72161,116,
eb8f161b-a574-4d98-a3c2-535e5a9f69e0_d,46.435215,30.721609,118,
eb8f161b-a574-4d98-a3c2-535e5a9f69e0_d,46.43522,30.72161,123,
eb8f161b-a574-4d98-a3c2-535e5a9f69e0_d,46.43528,30.72152,125,
eb8f161b-a574-4d98-a3c2-535e5a9f69e0_d,46.4353,30.72155,127,
eb8f161b-a574-4d98-a3c2-535e5a9f69e0_d,46.43558,30.72194,129,
eb8f161b-a574-4d98-a3c2-535e5a9f69e0_d,46.43567,30.72209,131,
eb8f161b-a574-4d98-a3c2-535e5a9f69e0_d,46.43625,30.72292,133,
eb8f161b-a574-4d98-a3c2-535e5a9f69e0_d,46.4364,30.72316,135,
eb8f161b-a574-4d98-a3c2-535e5a9f69e0_d,46.43644,30.7232,137,
eb8f161b-a574-4d98-a3c2-535e5a9f69e0_d,46.43661,30.72346,139,
eb8f161b-a574-4d98-a3c2-535e5a9f69e0_d,46.43685,30.72382,141,
eb8f161b-a574-4d98-a3c2-535e5a9f69e0_d,46.43702,30.72406,143,
eb8f161b-a574-4d98-a3c2-535e5a9f69e0_d,46.43736,30.72455,145,
eb8f161b-a574-4d98-a3c2-535e5a9f69e0_d,46.43756,30.72492,147,
eb8f161b-a574-4d98-a3c2-535e5a9f69e0_d,46.43763,30.72508,149,
eb8f161b-a574-4d98-a3c2-535e5a9f69e0_d,46.43767,30.72529,151,
eb8f161b-a574-4d98-a3c2-535e5a9f69e0_d,46.43766,30.72548,153,
eb8f161b-a574-4d98-a3c2-535e5a9f69e0_d,46.43762,30.72574,155,
eb8f161b-a574-4d98-a3c2-535e5a9f69e0_d,46.43757,30.72604,157,
eb8f161b-a574-4d98-a3c2-535e5a9f69e0_d,46.43754,30.72624,159,
eb8f161b-a574-4d98-a3c2-535e5a9f69e0_d,46.43754,30.72649,161,
eb8f161b-a574-4d98-a3c2-535e5a9f69e0_d,46.43751,30.72664,163,
eb8f161b-a574-4d98-a3c2-535e5a9f69e0_d,46.4375,30.72679,165,
eb8f161b-a574-4d98-a3c2-535e5a9f69e0_d,46.43750569409824,30.726909041404728,167,
eb8f161b-a574-4d98-a3c2-535e5a9f69e0_d,46.43745,30.72706,172,
eb8f161b-a574-4d98-a3c2-535e5a9f69e0_d,46.43747,30.72734,174,
eb8f161b-a574-4d98-a3c2-535e5a9f69e0_d,46.43739,30.72816,176,
eb8f161b-a574-4d98-a3c2-535e5a9f69e0_d,46.4373,30.72911,178,
eb8f161b-a574-4d98-a3c2-535e5a9f69e0_d,46.43726,30.72961,180,
eb8f161b-a574-4d98-a3c2-535e5a9f69e0_d,46.43713,30.73081,182,
eb8f161b-a574-4d98-a3c2-535e5a9f69e0_d,46.43706,30.73152,184,
eb8f161b-a574-4d98-a3c2-535e5a9f69e0_d,46.43708424999919,30.731441974639893,186,
eb8f161b-a574-4d98-a3c2-535e5a9f69e0_d,46.43706,30.73152,191,
eb8f161b-a574-4d98-a3c2-535e5a9f69e0_d,46.43696,30.73283,193,
eb8f161b-a574-4d98-a3c2-535e5a9f69e0_d,46.43677,30.7346,195,
eb8f161b-a574-4d98-a3c2-535e5a9f69e0_d,46.43658,30.73622,197,
eb8f161b-a574-4d98-a3c2-535e5a9f69e0_d,46.43655,30.73696,199,
eb8f161b-a574-4d98-a3c2-535e5a9f69e0_d,46.43657777339239,30.736924409866337,201,
eb8f161b-a574-4d98-a3c2-535e5a9f69e0_d,46.43658,30.73692,206,
eb8f161b-a574-4d98-a3c2-535e5a9f69e0_d,46.43661,30.73693,208,
eb8f161b-a574-4d98-a3c2-535e5a9f69e0_d,46.43659,30.73719,210,
eb8f161b-a574-4d98-a3c2-535e5a9f69e0_d,46.43595,30.73704,212,
eb8f161b-a574-4d98-a3c2-535e5a9f69e0_d,46.43535,30.73694,214,
eb8f161b-a574-4d98-a3c2-535e5a9f69e0_d,46.43498,30.73689,216,
eb8f161b-a574-4d98-a3c2-535e5a9f69e0_d,46.43505,30.73608,218,
eb8f161b-a574-4d98-a3c2-535e5a9f69e0_d,46.43507,30.73591,220,
eb8f161b-a574-4d98-a3c2-535e5a9f69e0_d,46.43451,30.73578,222,
eb8f161b-a574-4d98-a3c2-535e5a9f69e0_d,46.43432,30.73575,224,
eb8f161b-a574-4d98-a3c2-535e5a9f69e0_d,46.43423,30.73571,226,
eb8f161b-a574-4d98-a3c2-535e5a9f69e0_d,46.43382,30.73526,228,
eb8f161b-a574-4d98-a3c2-535e5a9f69e0_d,46.43378,30.7352,230,
eb8f161b-a574-4d98-a3c2-535e5a9f69e0_d,46.43348,30.73481,232,
eb8f161b-a574-4d98-a3c2-535e5a9f69e0_d,46.43318,30.73445,234,
eb8f161b-a574-4d98-a3c2-535e5a9f69e0_d,46.43262,30.73385,236,
eb8f161b-a574-4d98-a3c2-535e5a9f69e0_d,46.43187,30.73299,238,
eb8f161b-a574-4d98-a3c2-535e5a9f69e0_d,46.43181,30.7329,240,
eb8f161b-a574-4d98-a3c2-535e5a9f69e0_d,46.43125,30.73228,242,
eb8f161b-a574-4d98-a3c2-535e5a9f69e0_d,46.43112,30.73213,244,
eb8f161b-a574-4d98-a3c2-535e5a9f69e0_d,46.43108,30.73209,246,
eb8f161b-a574-4d98-a3c2-535e5a9f69e0_d,46.43054,30.73148,248,
eb8f161b-a574-4d98-a3c2-535e5a9f69e0_d,46.43043,30.73138,250,
eb8f161b-a574-4d98-a3c2-535e5a9f69e0_d,46.42979,30.73065,252,
eb8f161b-a574-4d98-a3c2-535e5a9f69e0_d,46.42915,30.72994,254,
eb8f161b-a574-4d98-a3c2-535e5a9f69e0_d,46.4291,30.7299,256,
eb8f161b-a574-4d98-a3c2-535e5a9f69e0_d,46.42904,30.72981,258,
eb8f161b-a574-4d98-a3c2-535e5a9f69e0_d,46.42912,30.72966,260,
eb8f161b-a574-4d98-a3c2-535e5a9f69e0_d,46.42915,30.72962,262,
eb8f161b-a574-4d98-a3c2-535e5a9f69e0_d,46.42921,30.72949,264,
eb8f161b-a574-4d98-a3c2-535e5a9f69e0_d,46.4293,30.7294,266,
eb8f161b-a574-4d98-a3c2-535e5a9f69e0_d,46.42938,30.72934,268,
eb8f161b-a574-4d98-a3c2-535e5a9f69e0_d,46.42947,30.72927,270,
eb8f161b-a574-4d98-a3c2-535e5a9f69e0_d,46.42968,30.72919,272,
eb8f161b-a574-4d98-a3c2-535e5a9f69e0_d,46.42977,30.72915,274,
eb8f161b-a574-4d98-a3c2-535e5a9f69e0_d,46.42985,30.72917,276,
eb8f161b-a574-4d98-a3c2-535e5a9f69e0_d,46.42994,30.72915,278,
eb8f161b-a574-4d98-a3c2-535e5a9f69e0_d,46.43003,30.7291,280,
eb8f161b-a574-4d98-a3c2-535e5a9f69e0_d,46.43009,30.729,282,
eb8f161b-a574-4d98-a3c2-535e5a9f69e0_d,46.43013,30.72887,284,
eb8f161b-a574-4d98-a3c2-535e5a9f69e0_d,46.4302,30.7287,286,
eb8f161b-a574-4d98-a3c2-535e5a9f69e0_d,46.43018,30.72861,288,
eb8f161b-a574-4d98-a3c2-535e5a9f69e0_d,46.43018,30.72857,290,
eb8f161b-a574-4d98-a3c2-535e5a9f69e0_d,46.43015,30.7285,292,
eb8f161b-a574-4d98-a3c2-535e5a9f69e0_d,46.43013,30.72842,294,
eb8f161b-a574-4d98-a3c2-535e5a9f69e0_d,46.43011,30.72837,296,
eb8f161b-a574-4d98-a3c2-535e5a9f69e0_d,46.43009,30.72829,298,
eb8f161b-a574-4d98-a3c2-535e5a9f69e0_d,46.43003,30.72814,300,
eb8f161b-a574-4d98-a3c2-535e5a9f69e0_d,46.43,30.72803,302,
eb8f161b-a574-4d98-a3c2-535e5a9f69e0_d,46.42998,30.7279,304,
eb8f161b-a574-4d98-a3c2-535e5a9f69e0_d,46.42998,30.72771,306,
eb8f161b-a574-4d98-a3c2-535e5a9f69e0_d,46.43007,30.7276,308,
eb8f161b-a574-4d98-a3c2-535e5a9f69e0_d,46.43011,30.72754,310,
eb8f161b-a574-4d98-a3c2-535e5a9f69e0_d,46.43024,30.72734,312,
eb8f161b-a574-4d98-a3c2-535e5a9f69e0_d,46.43082,30.72655,314,
eb8f161b-a574-4d98-a3c2-535e5a9f69e0_d,46.43155,30.72554,316,
eb8f161b-a574-4d98-a3c2-535e5a9f69e0_d,46.43159,30.7255,318,
eb8f161b-a574-4d98-a3c2-535e5a9f69e0_d,46.43181,30.72531,320,
eb8f161b-a574-4d98-a3c2-535e5a9f69e0_d,46.43185,30.72526,322,
eb8f161b-a574-4d98-a3c2-535e5a9f69e0_d,46.43193,30.7252,324,
eb8f161b-a574-4d98-a3c2-535e5a9f69e0_d,46.43202,30.72509,326,
eb8f161b-a574-4d98-a3c2-535e5a9f69e0_d,46.43206,30.72503,328,
eb8f161b-a574-4d98-a3c2-535e5a9f69e0_d,46.43239,30.72458,330,
eb8f161b-a574-4d98-a3c2-535e5a9f69e0_d,46.43245,30.72449,332,
eb8f161b-a574-4d98-a3c2-535e5a9f69e0_d,46.43258,30.72432,334,
eb8f161b-a574-4d98-a3c2-535e5a9f69e0_d,46.43262,30.72423,336,
eb8f161b-a574-4d98-a3c2-535e5a9f69e0_d,46.43288,30.72389,338,
eb8f161b-a574-4d98-a3c2-535e5a9f69e0_d,46.43296,30.72378,340,
eb8f161b-a574-4d98-a3c2-535e5a9f69e0_d,46.43318,30.7235,342,
eb8f161b-a574-4d98-a3c2-535e5a9f69e0_d,46.43389,30.72252,344,
eb8f161b-a574-4d98-a3c2-535e5a9f69e0_d,46.43417,30.72213,346,
eb8f161b-a574-4d98-a3c2-535e5a9f69e0_d,46.43457,30.72157,348,
eb8f161b-a574-4d98-a3c2-535e5a9f69e0_d,46.43466,30.72146,350,
eb8f161b-a574-4d98-a3c2-535e5a9f69e0_d,46.43483,30.72123,352,
eb8f161b-a574-4d98-a3c2-535e5a9f69e0_d,46.43485,30.72119,354,
eb8f161b-a574-4d98-a3c2-535e5a9f69e0_d,46.43496,30.72106,356,
eb8f161b-a574-4d98-a3c2-535e5a9f69e0_d,46.43485,30.72088,358,
eb8f161b-a574-4d98-a3c2-535e5a9f69e0_d,46.43481,30.72082,360,
eb8f161b-a574-4d98-a3c2-535e5a9f69e0_d,46.43479,30.72078,362,
eb8f161b-a574-4d98-a3c2-535e5a9f69e0_d,46.4346,30.7205,364,
eb8f161b-a574-4d98-a3c2-535e5a9f69e0_d,46.43399,30.71962,366,
eb8f161b-a574-4d98-a3c2-535e5a9f69e0_d,46.43342,30.71878,368,
eb8f161b-a574-4d98-a3c2-535e5a9f69e0_d,46.43327,30.71855,370,
eb8f161b-a574-4d98-a3c2-535e5a9f69e0_d,46.43318,30.71846,372,
eb8f161b-a574-4d98-a3c2-535e5a9f69e0_d,46.43247,30.71741,374,
eb8f161b-a574-4d98-a3c2-535e5a9f69e0_d,46.43245,30.71739,376,
eb8f161b-a574-4d98-a3c2-535e5a9f69e0_d,46.4324,30.71747,378,
eb8f161b-a574-4d98-a3c2-535e5a9f69e0_d,46.432396,30.71747,380,
eb8f161b-a574-4d98-a3c2-535e5a9f69e0_d,46.4324,30.71747,385,
eb8f161b-a574-4d98-a3c2-535e5a9f69e0_d,46.43245,30.71739,387,
eb8f161b-a574-4d98-a3c2-535e5a9f69e0_d,46.43247,30.71741,389,
eb8f161b-a574-4d98-a3c2-535e5a9f69e0_d,46.43318,30.71846,391,
eb8f161b-a574-4d98-a3c2-535e5a9f69e0_d,46.43327,30.71855,393,
eb8f161b-a574-4d98-a3c2-535e5a9f69e0_d,46.43342,30.71878,395,
eb8f161b-a574-4d98-a3c2-535e5a9f69e0_d,46.43399,30.71962,397,
eb8f161b-a574-4d98-a3c2-535e5a9f69e0_d,46.4346,30.7205,399,
eb8f161b-a574-4d98-a3c2-535e5a9f69e0_d,46.43479,30.72078,401,
eb8f161b-a574-4d98-a3c2-535e5a9f69e0_d,46.43481,30.72082,403,
eb8f161b-a574-4d98-a3c2-535e5a9f69e0_d,46.43485,30.72088,405,
eb8f161b-a574-4d98-a3c2-535e5a9f69e0_d,46.43496,30.72106,407,
eb8f161b-a574-4d98-a3c2-535e5a9f69e0_d,46.43485,30.72119,409,
eb8f161b-a574-4d98-a3c2-535e5a9f69e0_d,46.43483,30.72123,411,
eb8f161b-a574-4d98-a3c2-535e5a9f69e0_d,46.43466,30.72146,413,
eb8f161b-a574-4d98-a3c2-535e5a9f69e0_d,46.43457,30.72157,415,
eb8f161b-a574-4d98-a3c2-535e5a9f69e0_d,46.43417,30.72213,417,
eb8f161b-a574-4d98-a3c2-535e5a9f69e0_d,46.43389,30.72252,419,
eb8f161b-a574-4d98-a3c2-535e5a9f69e0_d,46.43318,30.7235,421,
eb8f161b-a574-4d98-a3c2-535e5a9f69e0_d,46.43296,30.72378,423,
eb8f161b-a574-4d98-a3c2-535e5a9f69e0_d,46.43288,30.72389,425,
eb8f161b-a574-4d98-a3c2-535e5a9f69e0_d,46.43262,30.72423,427,
eb8f161b-a574-4d98-a3c2-535e5a9f69e0_d,46.43258,30.72432,429,
eb8f161b-a574-4d98-a3c2-535e5a9f69e0_d,46.43245,30.72449,431,
eb8f161b-a574-4d98-a3c2-535e5a9f69e0_d,46.43239,30.72458,433,
eb8f161b-a574-4d98-a3c2-535e5a9f69e0_d,46.43206,30.72503,435,
eb8f161b-a574-4d98-a3c2-535e5a9f69e0_d,46.43202,30.72509,437,
eb8f161b-a574-4d98-a3c2-535e5a9f69e0_d,46.43193,30.7252,439,
eb8f161b-a574-4d98-a3c2-535e5a9f69e0_d,46.43185,30.72526,441,
eb8f161b-a574-4d98-a3c2-535e5a9f69e0_d,46.43181,30.72531,443,
eb8f161b-a574-4d98-a3c2-535e5a9f69e0_d,46.43159,30.7255,445,
eb8f161b-a574-4d98-a3c2-535e5a9f69e0_d,46.43155,30.72554,447,
eb8f161b-a574-4d98-a3c2-535e5a9f69e0_d,46.43082,30.72655,449,
eb8f161b-a574-4d98-a3c2-535e5a9f69e0_d,46.43024,30.72734,451,
eb8f161b-a574-4d98-a3c2-535e5a9f69e0_d,46.43011,30.72754,453,
eb8f161b-a574-4d98-a3c2-535e5a9f69e0_d,46.43007,30.7276,455,
eb8f161b-a574-4d98-a3c2-535e5a9f69e0_d,46.42998,30.72771,457,
eb8f161b-a574-4d98-a3c2-535e5a9f69e0_d,46.42981,30.72794,459,
eb8f161b-a574-4d98-a3c2-535e5a9f69e0_d,46.42972,30.72807,461,
eb8f161b-a574-4d98-a3c2-535e5a9f69e0_d,46.42966,30.72816,463,
eb8f161b-a574-4d98-a3c2-535e5a9f69e0_d,46.42962,30.72822,465,
eb8f161b-a574-4d98-a3c2-535e5a9f69e0_d,46.42947,30.72844,467,
eb8f161b-a574-4d98-a3c2-535e5a9f69e0_d,46.4294,30.72861,469,
eb8f161b-a574-4d98-a3c2-535e5a9f69e0_d,46.42938,30.72876,471,
eb8f161b-a574-4d98-a3c2-535e5a9f69e0_d,46.42938,30.7288,473,
eb8f161b-a574-4d98-a3c2-535e5a9f69e0_d,46.42938,30.72885,475,
eb8f161b-a574-4d98-a3c2-535e5a9f69e0_d,46.4294,30.72891,477,
eb8f161b-a574-4d98-a3c2-535e5a9f69e0_d,46.42938,30.729,479,
eb8f161b-a574-4d98-a3c2-535e5a9f69e0_d,46.42934,30.72912,481,
eb8f161b-a574-4d98-a3c2-535e5a9f69e0_d,46.42932,30.72925,483,
eb8f161b-a574-4d98-a3c2-535e5a9f69e0_d,46.42927,30.72936,485,
eb8f161b-a574-4d98-a3c2-535e5a9f69e0_d,46.42921,30.72949,487,
eb8f161b-a574-4d98-a3c2-535e5a9f69e0_d,46.42915,30.72962,489,
eb8f161b-a574-4d98-a3c2-535e5a9f69e0_d,46.42912,30.72966,491,
eb8f161b-a574-4d98-a3c2-535e5a9f69e0_d,46.42904,30.72981,493,
eb8f161b-a574-4d98-a3c2-535e5a9f69e0_d,46.4291,30.7299,495,
eb8f161b-a574-4d98-a3c2-535e5a9f69e0_d,46.42915,30.72994,497,
eb8f161b-a574-4d98-a3c2-535e5a9f69e0_d,46.42979,30.73065,499,
eb8f161b-a574-4d98-a3c2-535e5a9f69e0_d,46.43043,30.73138,501,
eb8f161b-a574-4d98-a3c2-535e5a9f69e0_d,46.43054,30.73148,503,
eb8f161b-a574-4d98-a3c2-535e5a9f69e0_d,46.43108,30.73209,505,
eb8f161b-a574-4d98-a3c2-535e5a9f69e0_d,46.43112,30.73213,507,
eb8f161b-a574-4d98-a3c2-535e5a9f69e0_d,46.43125,30.73228,509,
eb8f161b-a574-4d98-a3c2-535e5a9f69e0_d,46.43181,30.7329,511,
eb8f161b-a574-4d98-a3c2-535e5a9f69e0_d,46.43187,30.73299,513,
eb8f161b-a574-4d98-a3c2-535e5a9f69e0_d,46.43262,30.73385,515,
eb8f161b-a574-4d98-a3c2-535e5a9f69e0_d,46.43318,30.73445,517,
eb8f161b-a574-4d98-a3c2-535e5a9f69e0_d,46.43348,30.73481,519,
eb8f161b-a574-4d98-a3c2-535e5a9f69e0_d,46.43378,30.7352,521,
eb8f161b-a574-4d98-a3c2-535e5a9f69e0_d,46.43382,30.73526,523,
eb8f161b-a574-4d98-a3c2-535e5a9f69e0_d,46.43423,30.73571,525,
eb8f161b-a574-4d98-a3c2-535e5a9f69e0_d,46.43432,30.73575,527,
eb8f161b-a574-4d98-a3c2-535e5a9f69e0_d,46.43451,30.73578,529,
eb8f161b-a574-4d98-a3c2-535e5a9f69e0_d,46.43507,30.73591,531,
eb8f161b-a574-4d98-a3c2-535e5a9f69e0_d,46.43513,30.73593,533,
eb8f161b-a574-4d98-a3c2-535e5a9f69e0_d,46.43618,30.73612,535,
eb8f161b-a574-4d98-a3c2-535e5a9f69e0_d,46.43659,30.73618,537,
eb8f161b-a574-4d98-a3c2-535e5a9f69e0_d,46.43668,30.73621,539,
eb8f161b-a574-4d98-a3c2-535e5a9f69e0_d,46.43666,30.73638,541,
eb8f161b-a574-4d98-a3c2-535e5a9f69e0_d,46.43663,30.73672,543,
eb8f161b-a574-4d98-a3c2-535e5a9f69e0_d,46.43659,30.73719,545,
eb8f161b-a574-4d98-a3c2-535e5a9f69e0_d,46.43642,30.73884,547,
eb8f161b-a574-4d98-a3c2-535e5a9f69e0_d,46.43642,30.73897,549,
eb8f161b-a574-4d98-a3c2-535e5a9f69e0_d,46.43627,30.74048,551,
eb8f161b-a574-4d98-a3c2-535e5a9f69e0_d,46.4362,30.74114,553,
eb8f161b-a574-4d98-a3c2-535e5a9f69e0_d,46.4362,30.74121,555,
eb8f161b-a574-4d98-a3c2-535e5a9f69e0_d,46.43618,30.74146,557,
eb8f161b-a574-4d98-a3c2-535e5a9f69e0_d,46.43618,30.74148,559,
eb8f161b-a574-4d98-a3c2-535e5a9f69e0_d,46.43618,30.74161,561,
eb8f161b-a574-4d98-a3c2-535e5a9f69e0_d,46.4362,30.74168,563,
eb8f161b-a574-4d98-a3c2-535e5a9f69e0_d,46.43625,30.74174,565,
eb8f161b-a574-4d98-a3c2-535e5a9f69e0_d,46.43626,30.74179,567,
eb8f161b-a574-4d98-a3c2-535e5a9f69e0_d,46.43621,30.74183,569,
eb8f161b-a574-4d98-a3c2-535e5a9f69e0_d,46.4362117764181,30.74182748794556,571,
eb8f161b-a574-4d98-a3c2-535e5a9f69e0_d,46.43616,30.74186,576,
eb8f161b-a574-4d98-a3c2-535e5a9f69e0_d,46.43641,30.74246,578,
eb8f161b-a574-4d98-a3c2-535e5a9f69e0_d,46.43684,30.74357,580,
eb8f161b-a574-4d98-a3c2-535e5a9f69e0_d,46.43725,30.74457,582,
eb8f161b-a574-4d98-a3c2-535e5a9f69e0_d,46.43766,30.74568,584,
eb8f161b-a574-4d98-a3c2-535e5a9f69e0_d,46.4377,30.74584,586,
eb8f161b-a574-4d98-a3c2-535e5a9f69e0_d,46.43779,30.74593,588,
eb8f161b-a574-4d98-a3c2-535e5a9f69e0_d,46.43794,30.74587,590,
eb8f161b-a574-4d98-a3c2-535e5a9f69e0_d,46.43822,30.74572,592,
eb8f161b-a574-4d98-a3c2-535e5a9f69e0_d,46.43881,30.74543,594,
eb8f161b-a574-4d98-a3c2-535e5a9f69e0_d,46.43886981975254,30.745443105697635,596,
eb8f161b-a574-4d98-a3c2-535e5a9f69e0_d,46.43881,30.74542,601,
eb8f161b-a574-4d98-a3c2-535e5a9f69e0_d,46.43887,30.74539,603,
eb8f161b-a574-4d98-a3c2-535e5a9f69e0_d,46.43925,30.7452,605,
eb8f161b-a574-4d98-a3c2-535e5a9f69e0_d,46.44032,30.74464,607,
eb8f161b-a574-4d98-a3c2-535e5a9f69e0_d,46.44249,30.74352,609,
eb8f161b-a574-4d98-a3c2-535e5a9f69e0_d,46.44296,30.74327,611,
eb8f161b-a574-4d98-a3c2-535e5a9f69e0_d,46.44339,30.74303,613,
eb8f161b-a574-4d98-a3c2-535e5a9f69e0_d,46.44342,30.74316,615,
eb8f161b-a574-4d98-a3c2-535e5a9f69e0_d,46.443421,30.743163,617,
eb8f161b-a574-4d98-a3c2-535e5a9f69e0_d,46.44342,30.74316,622,
eb8f161b-a574-4d98-a3c2-535e5a9f69e0_d,46.44332,30.74307,624,
eb8f161b-a574-4d98-a3c2-535e5a9f69e0_d,46.44346,30.74299,626,
eb8f161b-a574-4d98-a3c2-535e5a9f69e0_d,46.44356,30.74294,628,
eb8f161b-a574-4d98-a3c2-535e5a9f69e0_d,46.44363,30.7429,630,
eb8f161b-a574-4d98-a3c2-535e5a9f69e0_d,46.44434,30.74258,632,
eb8f161b-a574-4d98-a3c2-535e5a9f69e0_d,46.44457,30.74251,634,
eb8f161b-a574-4d98-a3c2-535e5a9f69e0_d,46.44472,30.74254,636,
eb8f161b-a574-4d98-a3c2-535e5a9f69e0_d,46.44498,30.7426,638,
eb8f161b-a574-4d98-a3c2-535e5a9f69e0_d,46.44539,30.74266,640,
eb8f161b-a574-4d98-a3c2-535e5a9f69e0_d,46.4462,30.74281,642,
eb8f161b-a574-4d98-a3c2-535e5a9f69e0_d,46.44708,30.74294,644,
eb8f161b-a574-4d98-a3c2-535e5a9f69e0_d,46.44707,30.74309,646,
eb8f161b-a574-4d98-a3c2-535e5a9f69e0_d,46.44707603381121,30.74305593967438,648,
eb8f161b-a574-4d98-a3c2-535e5a9f69e0_d,46.44707,30.74309,653,
eb8f161b-a574-4d98-a3c2-535e5a9f69e0_d,46.44708,30.74294,655,
eb8f161b-a574-4d98-a3c2-535e5a9f69e0_d,46.44713,30.74294,657,
eb8f161b-a574-4d98-a3c2-535e5a9f69e0_d,46.44768,30.74305,659,
eb8f161b-a574-4d98-a3c2-535e5a9f69e0_d,46.44805,30.74311,661,
eb8f161b-a574-4d98-a3c2-535e5a9f69e0_d,46.4488,30.74322,663,
eb8f161b-a574-4d98-a3c2-535e5a9f69e0_d,46.44918,30.7433,665,
eb8f161b-a574-4d98-a3c2-535e5a9f69e0_d,46.44917,30.74341,667,
eb8f161b-a574-4d98-a3c2-535e5a9f69e0_d,46.449168,30.743414,669,
eb8f161b-a574-4d98-a3c2-535e5a9f69e0_d,46.44917,30.74341,674,
eb8f161b-a574-4d98-a3c2-535e5a9f69e0_d,46.44918,30.7433,676,
eb8f161b-a574-4d98-a3c2-535e5a9f69e0_d,46.44925,30.74331,678,
eb8f161b-a574-4d98-a3c2-535e5a9f69e0_d,46.4497,30.74339,680,
eb8f161b-a574-4d98-a3c2-535e5a9f69e0_d,46.45047,30.74352,682,
eb8f161b-a574-4d98-a3c2-535e5a9f69e0_d,46.45123,30.74365,684,
eb8f161b-a574-4d98-a3c2-535e5a9f69e0_d,46.45211,30.74378,686,
eb8f161b-a574-4d98-a3c2-535e5a9f69e0_d,46.45226,30.7438,688,
eb8f161b-a574-4d98-a3c2-535e5a9f69e0_d,46.45322,30.74393,690,
eb8f161b-a574-4d98-a3c2-535e5a9f69e0_d,46.45341,30.74397,692,
eb8f161b-a574-4d98-a3c2-535e5a9f69e0_d,46.45361,30.74399,694,
eb8f161b-a574-4d98-a3c2-535e5a9f69e0_d,46.45367,30.744,696,
eb8f161b-a574-4d98-a3c2-535e5a9f69e0_d,46.45366,30.74417,698,
eb8f161b-a574-4d98-a3c2-535e5a9f69e0_d,46.45366968122839,30.744144916534427,700,
eb8f161b-a574-4d98-a3c2-535e5a9f69e0_d,46.45366,30.74417,705,
eb8f161b-a574-4d98-a3c2-535e5a9f69e0_d,46.45367,30.744,707,
eb8f161b-a574-4d98-a3c2-535e5a9f69e0_d,46.45405,30.74411,709,
eb8f161b-a574-4d98-a3c2-535e5a9f69e0_d,46.45423,30.74423,711,
eb8f161b-a574-4d98-a3c2-535e5a9f69e0_d,46.45436,30.74436,713,
eb8f161b-a574-4d98-a3c2-535e5a9f69e0_d,46.45442,30.74446,715,
eb8f161b-a574-4d98-a3c2-535e5a9f69e0_d,46.45452,30.74458,717,
eb8f161b-a574-4d98-a3c2-535e5a9f69e0_d,46.45472,30.74494,719,
eb8f161b-a574-4d98-a3c2-535e5a9f69e0_d,46.45486,30.74535,721,
eb8f161b-a574-4d98-a3c2-535e5a9f69e0_d,46.45596,30.74814,723,
eb8f161b-a574-4d98-a3c2-535e5a9f69e0_d,46.45686,30.75054,725,
eb8f161b-a574-4d98-a3c2-535e5a9f69e0_d,46.45692,30.75068,727,
eb8f161b-a574-4d98-a3c2-535e5a9f69e0_d,46.45704,30.75072,729,
eb8f161b-a574-4d98-a3c2-535e5a9f69e0_d,46.45735,30.75048,731,
eb8f161b-a574-4d98-a3c2-535e5a9f69e0_d,46.45756,30.7503,733,
eb8f161b-a574-4d98-a3c2-535e5a9f69e0_d,46.4576,30.75042,735,
eb8f161b-a574-4d98-a3c2-535e5a9f69e0_d,46.45758,30.750412,737,
eb8f161b-a574-4d98-a3c2-535e5a9f69e0_d,46.45758,30.75041,742,
eb8f161b-a574-4d98-a3c2-535e5a9f69e0_d,46.45754,30.75029,744,
eb8f161b-a574-4d98-a3c2-535e5a9f69e0_d,46.45806,30.74995,746,
eb8f161b-a574-4d98-a3c2-535e5a9f69e0_d,46.4582,30.74985,748,
eb8f161b-a574-4d98-a3c2-535e5a9f69e0_d,46.45831,30.74978,750,
eb8f161b-a574-4d98-a3c2-535e5a9f69e0_d,46.45839,30.74973,752,
eb8f161b-a574-4d98-a3c2-535e5a9f69e0_d,46.45849,30.74973,754,
eb8f161b-a574-4d98-a3c2-535e5a9f69e0_d,46.45913,30.74979,756,
eb8f161b-a574-4d98-a3c2-535e5a9f69e0_d,46.4598,30.74987,758,
eb8f161b-a574-4d98-a3c2-535e5a9f69e0_d,46.46006,30.74992,760,
eb8f161b-a574-4d98-a3c2-535e5a9f69e0_d,46.46027,30.74994,762,
eb8f161b-a574-4d98-a3c2-535e5a9f69e0_d,46.46038,30.74996,764,
eb8f161b-a574-4d98-a3c2-535e5a9f69e0_d,46.4607,30.75,766,
eb8f161b-a574-4d98-a3c2-535e5a9f69e0_d,46.46091,30.75005,768,
eb8f161b-a574-4d98-a3c2-535e5a9f69e0_d,46.46095,30.75006,770,
eb8f161b-a574-4d98-a3c2-535e5a9f69e0_d,46.46094,30.75021,772,
eb8f161b-a574-4d98-a3c2-535e5a9f69e0_d,46.46095,30.750207,774,
eb8f161b-a574-4d98-a3c2-535e5a9f69e0_d,46.46095,30.75021,779,
eb8f161b-a574-4d98-a3c2-535e5a9f69e0_d,46.46096,30.75006,781,
eb8f161b-a574-4d98-a3c2-535e5a9f69e0_d,46.46105,30.75007,783,
eb8f161b-a574-4d98-a3c2-535e5a9f69e0_d,46.46185,30.75017,785,
eb8f161b-a574-4d98-a3c2-535e5a9f69e0_d,46.46202,30.75017,787,
eb8f161b-a574-4d98-a3c2-535e5a9f69e0_d,46.46215,30.75015,789,
eb8f161b-a574-4d98-a3c2-535e5a9f69e0_d,46.46221,30.75015,791,
eb8f161b-a574-4d98-a3c2-535e5a9f69e0_d,46.46311,30.75028,793,
eb8f161b-a574-4d98-a3c2-535e5a9f69e0_d,46.463118937512256,30.750378370285038,795,
eb8f161b-a574-4d98-a3c2-535e5a9f69e0_d,46.46311,30.75028,800,
eb8f161b-a574-4d98-a3c2-535e5a9f69e0_d,46.46322,30.7503,802,
eb8f161b-a574-4d98-a3c2-535e5a9f69e0_d,46.46404,30.75043,804,
eb8f161b-a574-4d98-a3c2-535e5a9f69e0_d,46.46412,30.7504,806,
eb8f161b-a574-4d98-a3c2-535e5a9f69e0_d,46.46418,30.74922,808,
eb8f161b-a574-4d98-a3c2-535e5a9f69e0_d,46.46421,30.74875,810,
eb8f161b-a574-4d98-a3c2-535e5a9f69e0_d,46.46494,30.74881,812,
eb8f161b-a574-4d98-a3c2-535e5a9f69e0_d,46.46518,30.74884,814,
eb8f161b-a574-4d98-a3c2-535e5a9f69e0_d,46.46627,30.74895,816,
eb8f161b-a574-4d98-a3c2-535e5a9f69e0_d,46.46706,30.74906,818,
eb8f161b-a574-4d98-a3c2-535e5a9f69e0_d,46.46706,30.74911,820,
eb8f161b-a574-4d98-a3c2-535e5a9f69e0_d,46.467056,30.749112,822,
eb8f161b-a574-4d98-a3c2-535e5a9f69e0_d,46.46706,30.74911,827,
eb8f161b-a574-4d98-a3c2-535e5a9f69e0_d,46.46706,30.74906,829,
eb8f161b-a574-4d98-a3c2-535e5a9f69e0_d,46.46731,30.74907,831,
eb8f161b-a574-4d98-a3c2-535e5a9f69e0_d,46.46769,30.74911,833,
eb8f161b-a574-4d98-a3c2-535e5a9f69e0_d,46.46775,30.74906,835,
eb8f161b-a574-4d98-a3c2-535e5a9f69e0_d,46.46777,30.74897,837,
eb8f161b-a574-4d98-a3c2-535e5a9f69e0_d,46.46779,30.74795,839,
eb8f161b-a574-4d98-a3c2-535e5a9f69e0_d,46.46779,30.74693,841,
eb8f161b-a574-4d98-a3c2-535e5a9f69e0_d,46.4678,30.74662,843,
eb8f161b-a574-4d98-a3c2-535e5a9f69e0_d,46.46779,30.74635,845,
eb8f161b-a574-4d98-a3c2-535e5a9f69e0_d,46.4678,30.74581,847,
eb8f161b-a574-4d98-a3c2-535e5a9f69e0_d,46.46781,30.74545,849,
eb8f161b-a574-4d98-a3c2-535e5a9f69e0_d,46.46781,30.74544,851,
eb8f161b-a574-4d98-a3c2-535e5a9f69e0_d,46.46785,30.74544,853,
eb8f161b-a574-4d98-a3c2-535e5a9f69e0_d,46.467854,30.745441,855,
eb8f161b-a574-4d98-a3c2-535e5a9f69e0_d,46.46785,30.74544,860,
eb8f161b-a574-4d98-a3c2-535e5a9f69e0_d,46.46781,30.74544,862,
eb8f161b-a574-4d98-a3c2-535e5a9f69e0_d,46.46782,30.74527,864,
eb8f161b-a574-4d98-a3c2-535e5a9f69e0_d,46.46786,30.74503,866,
eb8f161b-a574-4d98-a3c2-535e5a9f69e0_d,46.46795,30.74479,868,
eb8f161b-a574-4d98-a3c2-535e5a9f69e0_d,46.46802,30.74461,870,
eb8f161b-a574-4d98-a3c2-535e5a9f69e0_d,46.46809,30.74433,872,
eb8f161b-a574-4d98-a3c2-535e5a9f69e0_d,46.46812,30.74408,874,
eb8f161b-a574-4d98-a3c2-535e5a9f69e0_d,46.46822,30.74252,876,
eb8f161b-a574-4d98-a3c2-535e5a9f69e0_d,46.46823,30.74241,878,
eb8f161b-a574-4d98-a3c2-535e5a9f69e0_d,46.4683,30.74202,880,
eb8f161b-a574-4d98-a3c2-535e5a9f69e0_d,46.46831,30.74159,882,
eb8f161b-a574-4d98-a3c2-535e5a9f69e0_d,46.46835,30.74143,884,
eb8f161b-a574-4d98-a3c2-535e5a9f69e0_d,46.46843,30.7414,886,
eb8f161b-a574-4d98-a3c2-535e5a9f69e0_d,46.46853,30.74139,888,
eb8f161b-a574-4d98-a3c2-535e5a9f69e0_d,46.46869,30.74142,890,
eb8f161b-a574-4d98-a3c2-535e5a9f69e0_d,46.46884,30.74143,892,
eb8f161b-a574-4d98-a3c2-535e5a9f69e0_d,46.46879065997577,30.741435885429386,894,
eb8f161b-a574-4d98-a3c2-535e5a9f69e0_d,46.46881,30.74148,899,
eb8f161b-a574-4d98-a3c2-535e5a9f69e0_d,46.469,30.74138,901,
eb8f161b-a574-4d98-a3c2-535e5a9f69e0_d,46.46917,30.74128,903,
eb8f161b-a574-4d98-a3c2-535e5a9f69e0_d,46.46926,30.74119,905,
eb8f161b-a574-4d98-a3c2-535e5a9f69e0_d,46.46939,30.74103,907,
eb8f161b-a574-4d98-a3c2-535e5a9f69e0_d,46.46953,30.74094,909,
eb8f161b-a574-4d98-a3c2-535e5a9f69e0_d,46.46968,30.74094,911,
eb8f161b-a574-4d98-a3c2-535e5a9f69e0_d,46.47022,30.741,913,
eb8f161b-a574-4d98-a3c2-535e5a9f69e0_d,46.47047,30.74104,915,
eb8f161b-a574-4d98-a3c2-535e5a9f69e0_d,46.47107,30.74113,917,
eb8f161b-a574-4d98-a3c2-535e5a9f69e0_d,46.47148,30.74119,919,
eb8f161b-a574-4d98-a3c2-535e5a9f69e0_d,46.47167,30.74122,921,
eb8f161b-a574-4d98-a3c2-535e5a9f69e0_d,46.47167,30.74132,923,
eb8f161b-a574-4d98-a3c2-535e5a9f69e0_d,46.4717,30.74132,925,
eb8f161b-a574-4d98-a3c2-535e5a9f69e0_d,46.471698,30.741313,927,
eb8f161b-a574-4d98-a3c2-535e5a9f69e0_d,46.4717,30.74131,932,
eb8f161b-a574-4d98-a3c2-535e5a9f69e0_d,46.47167,30.74131,934,
eb8f161b-a574-4d98-a3c2-535e5a9f69e0_d,46.47167,30.74121,936,
eb8f161b-a574-4d98-a3c2-535e5a9f69e0_d,46.4724,30.74131,938,
eb8f161b-a574-4d98-a3c2-535e5a9f69e0_d,46.47251,30.74131,940,
eb8f161b-a574-4d98-a3c2-535e5a9f69e0_d,46.47258,30.74133,942,
eb8f161b-a574-4d98-a3c2-535e5a9f69e0_d,46.47275,30.74136,944,
eb8f161b-a574-4d98-a3c2-535e5a9f69e0_d,46.473,30.7414,946,
eb8f161b-a574-4d98-a3c2-535e5a9f69e0_d,46.47324,30.74144,948,
eb8f161b-a574-4d98-a3c2-535e5a9f69e0_d,46.47331,30.74144,950,
eb8f161b-a574-4d98-a3c2-535e5a9f69e0_d,46.47358,30.74148,952,
eb8f161b-a574-4d98-a3c2-535e5a9f69e0_d,46.47397,30.74155,954,
eb8f161b-a574-4d98-a3c2-535e5a9f69e0_d,46.47455,30.74163,956,
eb8f161b-a574-4d98-a3c2-535e5a9f69e0_d,46.47532,30.74174,958,
eb8f161b-a574-4d98-a3c2-535e5a9f69e0_d,46.47537,30.74176,960,
eb8f161b-a574-4d98-a3c2-535e5a9f69e0_d,46.47547,30.74178,962,
eb8f161b-a574-4d98-a3c2-535e5a9f69e0_d,46.47596,30.74185,964,
eb8f161b-a574-4d98-a3c2-535e5a9f69e0_d,46.47595,30.74192,966,
eb8f161b-a574-4d98-a3c2-535e5a9f69e0_d,46.475952,30.741922,968,
eb8f161b-a574-4d98-a3c2-535e5a9f69e0_d,46.47595,30.74192,973,
eb8f161b-a574-4d98-a3c2-535e5a9f69e0_d,46.47596,30.74185,975,
eb8f161b-a574-4d98-a3c2-535e5a9f69e0_d,46.47599,30.74185,977,
eb8f161b-a574-4d98-a3c2-535e5a9f69e0_d,46.47655,30.74196,979,
eb8f161b-a574-4d98-a3c2-535e5a9f69e0_d,46.47689,30.742,981,
eb8f161b-a574-4d98-a3c2-535e5a9f69e0_d,46.47798,30.74217,983,
eb8f161b-a574-4d98-a3c2-535e5a9f69e0_d,46.47867,30.74228,985,
eb8f161b-a574-4d98-a3c2-535e5a9f69e0_d,46.47944,30.74241,987,
eb8f161b-a574-4d98-a3c2-535e5a9f69e0_d,46.47961,30.74243,989,
eb8f161b-a574-4d98-a3c2-535e5a9f69e0_d,46.48039,30.74256,991,
eb8f161b-a574-4d98-a3c2-535e5a9f69e0_d,46.48058,30.74258,993,
eb8f161b-a574-4d98-a3c2-535e5a9f69e0_d,46.48085,30.74263,995,
eb8f161b-a574-4d98-a3c2-535e5a9f69e0_d,46.48091,30.74273,997,
eb8f161b-a574-4d98-a3c2-535e5a9f69e0_d,46.48087,30.74343,999,
eb8f161b-a574-4d98-a3c2-535e5a9f69e0_d,46.48085,30.7436,1001,
eb8f161b-a574-4d98-a3c2-535e5a9f69e0_d,46.48081,30.744,1003,
eb8f161b-a574-4d98-a3c2-535e5a9f69e0_d,46.48077,30.74462,1005,
eb8f161b-a574-4d98-a3c2-535e5a9f69e0_d,46.48078,30.74475,1007,
eb8f161b-a574-4d98-a3c2-535e5a9f69e0_d,46.48087,30.74478,1009,
eb8f161b-a574-4d98-a3c2-535e5a9f69e0_d,46.48098,30.74478,1011,
eb8f161b-a574-4d98-a3c2-535e5a9f69e0_d,46.48097,30.74484,1013,
eb8f161b-a574-4d98-a3c2-535e5a9f69e0_d,46.480976,30.744841,1015,
eb8f161b-a574-4d98-a3c2-535e5a9f69e0_d,46.48098,30.74484,1020,
eb8f161b-a574-4d98-a3c2-535e5a9f69e0_d,46.48099,30.74478,1022,
eb8f161b-a574-4d98-a3c2-535e5a9f69e0_d,46.48139,30.74492,1024,
eb8f161b-a574-4d98-a3c2-535e5a9f69e0_d,46.48167,30.745,1026,
eb8f161b-a574-4d98-a3c2-535e5a9f69e0_d,46.48206,30.74515,1028,
eb8f161b-a574-4d98-a3c2-535e5a9f69e0_d,46.4821,30.74517,1030,
eb8f161b-a574-4d98-a3c2-535e5a9f69e0_d,46.4823,30.74524,1032,
eb8f161b-a574-4d98-a3c2-535e5a9f69e0_d,46.48277,30.74541,1034,
eb8f161b-a574-4d98-a3c2-535e5a9f69e0_d,46.48285,30.74545,1036,
eb8f161b-a574-4d98-a3c2-535e5a9f69e0_d,46.48303,30.74552,1038,
eb8f161b-a574-4d98-a3c2-535e5a9f69e0_d,46.48313,30.74556,1040,
eb8f161b-a574-4d98-a3c2-535e5a9f69e0_d,46.48324,30.74563,1042,
eb8f161b-a574-4d98-a3c2-535e5a9f69e0_d,46.48343,30.74573,1044,
eb8f161b-a574-4d98-a3c2-535e5a9f69e0_d,46.48367,30.74588,1046,
eb8f161b-a574-4d98-a3c2-535e5a9f69e0_d,46.48376,30.74593,1048,
eb8f161b-a574-4d98-a3c2-535e5a9f69e0_d,46.4838,30.74595,1050,
eb8f161b-a574-4d98-a3c2-535e5a9f69e0_d,46.48461,30.74648,1052,
eb8f161b-a574-4d98-a3c2-535e5a9f69e0_d,46.48506,30.74681,1054,
eb8f161b-a574-4d98-a3c2-535e5a9f69e0_d,46.48515,30.74687,1056,
eb8f161b-a574-4d98-a3c2-535e5a9f69e0_d,46.48525,30.74686,1058,
eb8f161b-a574-4d98-a3c2-535e5a9f69e0_d,46.48544,30.74679,1060,
eb8f161b-a574-4d98-a3c2-535e5a9f69e0_d,46.485444,30.746791,1062,
eb8f161b-a574-4d98-a3c2-535e5a9f69e0_d,46.48544,30.74679,1067,
eb8f161b-a574-4d98-a3c2-535e5a9f69e0_d,46.48566,30.74643,1069,
eb8f161b-a574-4d98-a3c2-535e5a9f69e0_d,46.4872,30.74477,1071,
eb8f161b-a574-4d98-a3c2-535e5a9f69e0_d,46.48783,30.7441,1073,
eb8f161b-a574-4d98-a3c2-535e5a9f69e0_d,46.48799,30.74391,1075,
eb8f161b-a574-4d98-a3c2-535e5a9f69e0_d,46.48921,30.74265,1077,
eb8f161b-a574-4d98-a3c2-535e5a9f69e0_d,46.48938,30.74254,1079,
eb8f161b-a574-4d98-a3c2-535e5a9f69e0_d,46.489382,30.742542,1081,
eb8f161b-a574-4d98-a3c2-535e5a9f69e0_d,46.48938,30.74254,1086,
eb8f161b-a574-4d98-a3c2-535e5a9f69e0_d,46.48959,30.74224,1088,
eb8f161b-a574-4d98-a3c2-535e5a9f69e0_d,46.4899,30.74193,1090,
eb8f161b-a574-4d98-a3c2-535e5a9f69e0_d,46.49004,30.74173,1092,
eb8f161b-a574-4d98-a3c2-535e5a9f69e0_d,46.49013,30.74159,1094,
eb8f161b-a574-4d98-a3c2-535e5a9f69e0_d,46.49018,30.74149,1096,
eb8f161b-a574-4d98-a3c2-535e5a9f69e0_d,46.49043,30.74099,1098,
eb8f161b-a574-4d98-a3c2-535e5a9f69e0_d,46.4913,30.73915,1100,
eb8f161b-a574-4d98-a3c2-535e5a9f69e0_d,46.49136,30.73897,1102,
eb8f161b-a574-4d98-a3c2-535e5a9f69e0_d,46.4914,30.73874,1104,
eb8f161b-a574-4d98-a3c2-535e5a9f69e0_d,46.49143,30.73844,1106,
eb8f161b-a574-4d98-a3c2-535e5a9f69e0_d,46.49143,30.73823,1108,
eb8f161b-a574-4d98-a3c2-535e5a9f69e0_d,46.49139,30.73803,1110,
eb8f161b-a574-4d98-a3c2-535e5a9f69e0_d,46.49132,30.73784,1112,
eb8f161b-a574-4d98-a3c2-535e5a9f69e0_d,46.49127,30.73764,1114,
eb8f161b-a574-4d98-a3c2-535e5a9f69e0_d,46.49123,30.73744,1116,
eb8f161b-a574-4d98-a3c2-535e5a9f69e0_d,46.4912,30.73731,1118,
eb8f161b-a574-4d98-a3c2-535e5a9f69e0_d,46.49118,30.73721,1120,
eb8f161b-a574-4d98-a3c2-535e5a9f69e0_d,46.49118,30.73715,1122,
eb8f161b-a574-4d98-a3c2-535e5a9f69e0_d,46.4912,30.73704,1124,
eb8f161b-a574-4d98-a3c2-535e5a9f69e0_d,46.49126,30.73684,1126,
eb8f161b-a574-4d98-a3c2-535e5a9f69e0_d,46.49132,30.73688,1128,
eb8f161b-a574-4d98-a3c2-535e5a9f69e0_d,46.491445788147146,30.73633968830109,1130,
eb8f161b-a574-4d98-a3c2-535e5a9f69e0_d,46.4913,30.73688,1135,
eb8f161b-a574-4d98-a3c2-535e5a9f69e0_d,46.49124,30.73684,1137,
eb8f161b-a574-4d98-a3c2-535e5a9f69e0_d,46.49135,30.73648,1139,
eb8f161b-a574-4d98-a3c2-535e5a9f69e0_d,46.49137,30.73638,1141,
eb8f161b-a574-4d98-a3c2-535e5a9f69e0_d,46.49159,30.73565,1143,
eb8f161b-a574-4d98-a3c2-535e5a9f69e0_d,46.49163,30.73556,1145,
eb8f161b-a574-4d98-a3c2-535e5a9f69e0_d,46.49167,30.73545,1147,
eb8f161b-a574-4d98-a3c2-535e5a9f69e0_d,46.49169,30.73535,1149,
eb8f161b-a574-4d98-a3c2-535e5a9f69e0_d,46.49182,30.73498,1151,
eb8f161b-a574-4d98-a3c2-535e5a9f69e0_d,46.49184,30.73494,1153,
eb8f161b-a574-4d98-a3c2-535e5a9f69e0_d,46.49197,30.73468,1155,
eb8f161b-a574-4d98-a3c2-535e5a9f69e0_d,46.49202,30.73457,1157,
eb8f161b-a574-4d98-a3c2-535e5a9f69e0_d,46.49215,30.73438,1159,
eb8f161b-a574-4d98-a3c2-535e5a9f69e0_d,46.4924,30.73393,1161,
eb8f161b-a574-4d98-a3c2-535e5a9f69e0_d,46.4926,30.73363,1163,
eb8f161b-a574-4d98-a3c2-535e5a9f69e0_d,46.49277,30.73333,1165,
eb8f161b-a574-4d98-a3c2-535e5a9f69e0_d,46.4929,30.73314,1167,
eb8f161b-a574-4d98-a3c2-535e5a9f69e0_d,46.49292,30.73309,1169,
eb8f161b-a574-4d98-a3c2-535e5a9f69e0_d,46.49311,30.73275,1171,
eb8f161b-a574-4d98-a3c2-535e5a9f69e0_d,46.49328,30.73243,1173,
eb8f161b-a574-4d98-a3c2-535e5a9f69e0_d,46.49345,30.73206,1175,
eb8f161b-a574-4d98-a3c2-535e5a9f69e0_d,46.49348,30.732,1177,
eb8f161b-a574-4d98-a3c2-535e5a9f69e0_d,46.4935,30.73196,1179,
eb8f161b-a574-4d98-a3c2-535e5a9f69e0_d,46.49355,30.73201,1181,
eb8f161b-a574-4d98-a3c2-535e5a9f69e0_d,46.493553,30.732015,1183,
eb8f161b-a574-4d98-a3c2-535e5a9f69e0_d,46.49355,30.73202,1188,
eb8f161b-a574-4d98-a3c2-535e5a9f69e0_d,46.4935,30.73197,1190,
eb8f161b-a574-4d98-a3c2-535e5a9f69e0_d,46.49371,30.73151,1192,
eb8f161b-a574-4d98-a3c2-535e5a9f69e0_d,46.49389,30.73115,1194,
eb8f161b-a574-4d98-a3c2-535e5a9f69e0_d,46.49442,30.72992,1196,
eb8f161b-a574-4d98-a3c2-535e5a9f69e0_d,46.49448,30.72981,1198,
eb8f161b-a574-4d98-a3c2-535e5a9f69e0_d,46.49469,30.72945,1200,
eb8f161b-a574-4d98-a3c2-535e5a9f69e0_d,46.49479,30.72931,1202,
eb8f161b-a574-4d98-a3c2-535e5a9f69e0_d,46.49511,30.72883,1204,
eb8f161b-a574-4d98-a3c2-535e5a9f69e0_d,46.49531,30.72854,1206,
eb8f161b-a574-4d98-a3c2-535e5a9f69e0_d,46.49558,30.72812,1208,
eb8f161b-a574-4d98-a3c2-535e5a9f69e0_d,46.49569,30.72791,1210,
eb8f161b-a574-4d98-a3c2-535e5a9f69e0_d,46.4958,30.72766,1212,
eb8f161b-a574-4d98-a3c2-535e5a9f69e0_d,46.49613,30.7268,1214,
eb8f161b-a574-4d98-a3c2-535e5a9f69e0_d,46.49623,30.72655,1216,
eb8f161b-a574-4d98-a3c2-535e5a9f69e0_d,46.49634,30.72645,1218,
eb8f161b-a574-4d98-a3c2-535e5a9f69e0_d,46.496329,30.726429,1220,
eb8f161b-a574-4d98-a3c2-535e5a9f69e0_d,46.49633,30.72643,1225,
eb8f161b-a574-4d98-a3c2-535e5a9f69e0_d,46.49638,30.72609,1227,
eb8f161b-a574-4d98-a3c2-535e5a9f69e0_d,46.49662,30.72549,1229,
eb8f161b-a574-4d98-a3c2-535e5a9f69e0_d,46.49686,30.72481,1231,
eb8f161b-a574-4d98-a3c2-535e5a9f69e0_d,46.49693,30.72459,1233,
eb8f161b-a574-4d98-a3c2-535e5a9f69e0_d,46.49698,30.72434,1235,
eb8f161b-a574-4d98-a3c2-535e5a9f69e0_d,46.49702,30.72415,1237,
eb8f161b-a574-4d98-a3c2-535e5a9f69e0_d,46.49702,30.72403,1239,
eb8f161b-a574-4d98-a3c2-535e5a9f69e0_d,46.49698,30.72393,1241,
eb8f161b-a574-4d98-a3c2-535e5a9f69e0_d,46.49691,30.72385,1243,
eb8f161b-a574-4d98-a3c2-535e5a9f69e0_d,46.49691,30.7239,1245,
eb8f161b-a574-4d98-a3c2-535e5a9f69e0_d,46.49687,30.72388,1247,
eb8f161b-a574-4d98-a3c2-535e5a9f69e0_d,46.49691145334999,30.72384059429169,1249,
0de2bedb-5616-4bb1-a2c6-2419e7189018_r,46.466847191574054,30.738241648496377,1,
0de2bedb-5616-4bb1-a2c6-2419e7189018_r,46.46688,30.7381,6,
0de2bedb-5616-4bb1-a2c6-2419e7189018_r,46.46687,30.73821,8,
0de2bedb-5616-4bb1-a2c6-2419e7189018_r,46.46684,30.73858,10,
0de2bedb-5616-4bb1-a2c6-2419e7189018_r,46.46684,30.73879,12,
0de2bedb-5616-4bb1-a2c6-2419e7189018_r,46.46686,30.73894,14,
0de2bedb-5616-4bb1-a2c6-2419e7189018_r,46.46692,30.73903,16,
0de2bedb-5616-4bb1-a2c6-2419e7189018_r,46.46701,30.73909,18,
0de2bedb-5616-4bb1-a2c6-2419e7189018_r,46.46757,30.73917,20,
0de2bedb-5616-4bb1-a2c6-2419e7189018_r,46.46763,30.73914,22,
0de2bedb-5616-4bb1-a2c6-2419e7189018_r,46.4677,30.73901,24,
0de2bedb-5616-4bb1-a2c6-2419e7189018_r,46.46778,30.73786,26,
0de2bedb-5616-4bb1-a2c6-2419e7189018_r,46.46784,30.73687,28,
0de2bedb-5616-4bb1-a2c6-2419e7189018_r,46.46788,30.7363,30,
0de2bedb-5616-4bb1-a2c6-2419e7189018_r,46.46789,30.73605,32,
0de2bedb-5616-4bb1-a2c6-2419e7189018_r,46.46792,30.73592,34,
0de2bedb-5616-4bb1-a2c6-2419e7189018_r,46.46794,30.73593,36,
0de2bedb-5616-4bb1-a2c6-2419e7189018_r,46.468003674514485,30.734784007072452,38,
0de2bedb-5616-4bb1-a2c6-2419e7189018_r,46.46796,30.73592,43,
0de2bedb-5616-4bb1-a2c6-2419e7189018_r,46.46794,30.73591,45,
0de2bedb-5616-4bb1-a2c6-2419e7189018_r,46.46793,30.73575,47,
0de2bedb-5616-4bb1-a2c6-2419e7189018_r,46.46803,30.73425,49,
0de2bedb-5616-4bb1-a2c6-2419e7189018_r,46.46806,30.73403,51,
0de2bedb-5616-4bb1-a2c6-2419e7189018_r,46.46815,30.73385,53,
0de2bedb-5616-4bb1-a2c6-2419e7189018_r,46.46831,30.73361,55,
0de2bedb-5616-4bb1-a2c6-2419e7189018_r,46.46844,30.73338,57,
0de2bedb-5616-4bb1-a2c6-2419e7189018_r,46.46849,30.73327,59,
0de2bedb-5616-4bb1-a2c6-2419e7189018_r,46.46851,30.73313,61,
0de2bedb-5616-4bb1-a2c6-2419e7189018_r,46.46856,30.73244,63,
0de2bedb-5616-4bb1-a2c6-2419e7189018_r,46.46867,30.73074,65,
0de2bedb-5616-4bb1-a2c6-2419e7189018_r,46.46872,30.7299,67,
0de2bedb-5616-4bb1-a2c6-2419e7189018_r,46.46877,30.72933,69,
0de2bedb-5616-4bb1-a2c6-2419e7189018_r,46.46881,30.72913,71,
0de2bedb-5616-4bb1-a2c6-2419e7189018_r,46.46882021789344,30.729151368141178,73,
0de2bedb-5616-4bb1-a2c6-2419e7189018_r,46.46882,30.72915,78,
0de2bedb-5616-4bb1-a2c6-2419e7189018_r,46.46879,30.72895,80,
0de2bedb-5616-4bb1-a2c6-2419e7189018_r,46.4688,30.72871,82,
0de2bedb-5616-4bb1-a2c6-2419e7189018_r,46.46876,30.72855,84,
0de2bedb-5616-4bb1-a2c6-2419e7189018_r,46.46872,30.72843,86,
0de2bedb-5616-4bb1-a2c6-2419e7189018_r,46.46861,30.72825,88,
0de2bedb-5616-4bb1-a2c6-2419e7189018_r,46.46845,30.72798,90,
0de2bedb-5616-4bb1-a2c6-2419e7189018_r,46.46822,30.72765,92,
0de2bedb-5616-4bb1-a2c6-2419e7189018_r,46.46809,30.72753,94,
0de2bedb-5616-4bb1-a2c6-2419e7189018_r,46.46792,30.72749,96,
0de2bedb-5616-4bb1-a2c6-2419e7189018_r,46.46703,30.72745,98,
0de2bedb-5616-4bb1-a2c6-2419e7189018_r,46.46657,30.72743,100,
0de2bedb-5616-4bb1-a2c6-2419e7189018_r,46.46639,30.72743,102,
0de2bedb-5616-4bb1-a2c6-2419e7189018_r,46.46628,30.72742,104,
0de2bedb-5616-4bb1-a2c6-2419e7189018_r,46.46618,30.72737,106,
0de2bedb-5616-4bb1-a2c6-2419e7189018_r,46.46608,30.72726,108,
0de2bedb-5616-4bb1-a2c6-2419e7189018_r,46.466,30.72715,110,
0de2bedb-5616-4bb1-a2c6-2419e7189018_r,46.46589,30.72694,112,
0de2bedb-5616-4bb1-a2c6-2419e7189018_r,46.465871736550504,30.726951956748966,114,
0de2bedb-5616-4bb1-a2c6-2419e7189018_r,46.46587,30.72695,119,
0de2bedb-5616-4bb1-a2c6-2419e7189018_r,46.46559,30.72656,121,
0de2bedb-5616-4bb1-a2c6-2419e7189018_r,46.46507,30.72573,123,
0de2bedb-5616-4bb1-a2c6-2419e7189018_r,46.46399,30.72401,125,
0de2bedb-5616-4bb1-a2c6-2419e7189018_r,46.46399098019053,30.724012255668644,127,
0de2bedb-5616-4bb1-a2c6-2419e7189018_r,46.46399,30.72401,132,
0de2bedb-5616-4bb1-a2c6-2419e7189018_r,46.46164,30.7203,134,
0de2bedb-5616-4bb1-a2c6-2419e7189018_r,46.461637171946734,30.720305442810062,136,
0de2bedb-5616-4bb1-a2c6-2419e7189018_r,46.46164,30.72031,141,
0de2bedb-5616-4bb1-a2c6-2419e7189018_r,46.46076,30.71898,143,
0de2bedb-5616-4bb1-a2c6-2419e7189018_r,46.45989,30.71763,145,
0de2bedb-5616-4bb1-a2c6-2419e7189018_r,46.45989,30.71764,147,
0de2bedb-5616-4bb1-a2c6-2419e7189018_r,46.459877,30.717644,149,
0de2bedb-5616-4bb1-a2c6-2419e7189018_r,46.45988,30.71764,154,
0de2bedb-5616-4bb1-a2c6-2419e7189018_r,46.45988,30.71763,156,
0de2bedb-5616-4bb1-a2c6-2419e7189018_r,46.45973,30.71735,158,
0de2bedb-5616-4bb1-a2c6-2419e7189018_r,46.45971,30.71724,160,
0de2bedb-5616-4bb1-a2c6-2419e7189018_r,46.45968,30.71708,162,
0de2bedb-5616-4bb1-a2c6-2419e7189018_r,46.45964,30.71683,164,
0de2bedb-5616-4bb1-a2c6-2419e7189018_r,46.45958,30.71655,166,
0de2bedb-5616-4bb1-a2c6-2419e7189018_r,46.45954,30.71624,168,
0de2bedb-5616-4bb1-a2c6-2419e7189018_r,46.45955,30.71561,170,
0de2bedb-5616-4bb1-a2c6-2419e7189018_r,46.45954,30.71497,172,
0de2bedb-5616-4bb1-a2c6-2419e7189018_r,46.45955,30.71485,174,
0de2bedb-5616-4bb1-a2c6-2419e7189018_r,46.45957,30.71475,176,
0de2bedb-5616-4bb1-a2c6-2419e7189018_r,46.45963,30.71466,178,
0de2bedb-5616-4bb1-a2c6-2419e7189018_r,46.4597,30.71462,180,
0de2bedb-5616-4bb1-a2c6-2419e7189018_r,46.45983,30.71457,182,
0de2bedb-5616-4bb1-a2c6-2419e7189018_r,46.45993,30.71452,184,
0de2bedb-5616-4bb1-a2c6-2419e7189018_r,46.46009,30.7144,186,
0de2bedb-5616-4bb1-a2c6-2419e7189018_r,46.46013,30.71431,188,
0de2bedb-5616-4bb1-a2c6-2419e7189018_r,46.46014,30.71419,190,
0de2bedb-5616-4bb1-a2c6-2419e7189018_r,46.46015,30.71399,192,
0de2bedb-5616-4bb1-a2c6-2419e7189018_r,46.46012,30.71378,194,
0de2bedb-5616-4bb1-a2c6-2419e7189018_r,46.460103,30.713778,196,
c67502d3-0ec8-486a-b8c3-3831432c41ac_r,46.482022,30.740477,1,
c67502d3-0ec8-486a-b8c3-3831432c41ac_r,46.48202,30.74048,6,
c67502d3-0ec8-486a-b8c3-3831432c41ac_r,46.48193,30.74048,8,
c67502d3-0ec8-486a-b8c3-3831432c41ac_r,46.48191,30.74067,10,
c67502d3-0ec8-486a-b8c3-3831432c41ac_r,46.48146,30.74058,12,
c67502d3-0ec8-486a-b8c3-3831432c41ac_r,46.48107,30.74054,14,
c67502d3-0ec8-486a-b8c3-3831432c41ac_r,46.48103,30.74112,16,
c67502d3-0ec8-486a-b8c3-3831432c41ac_r,46.48103,30.74127,18,
c67502d3-0ec8-486a-b8c3-3831432c41ac_r,46.48099,30.74178,20,
c67502d3-0ec8-486a-b8c3-3831432c41ac_r,46.48092,30.74262,22,
c67502d3-0ec8-486a-b8c3-3831432c41ac_r,46.48236,30.74284,24,
c67502d3-0ec8-486a-b8c3-3831432c41ac_r,46.48227,30.74404,26,
c67502d3-0ec8-486a-b8c3-3831432c41ac_r,46.48221,30.74494,28,
c67502d3-0ec8-486a-b8c3-3831432c41ac_r,46.4822,30.7457,30,
c67502d3-0ec8-486a-b8c3-3831432c41ac_r,46.4821,30.74646,32,
c67502d3-0ec8-486a-b8c3-3831432c41ac_r,46.48205,30.74711,34,
c67502d3-0ec8-486a-b8c3-3831432c41ac_r,46.48201,30.74775,36,
c67502d3-0ec8-486a-b8c3-3831432c41ac_r,46.482,30.74828,38,
c67502d3-0ec8-486a-b8c3-3831432c41ac_r,46.48196,30.74863,40,
c67502d3-0ec8-486a-b8c3-3831432c41ac_r,46.48163,30.74856,42,
c67502d3-0ec8-486a-b8c3-3831432c41ac_r,46.48163,30.7485,44,
c67502d3-0ec8-486a-b8c3-3831432c41ac_r,46.481619,30.748511,46,
c67502d3-0ec8-486a-b8c3-3831432c41ac_r,46.48162,30.74851,51,
c67502d3-0ec8-486a-b8c3-3831432c41ac_r,46.48162,30.74857,53,
c67502d3-0ec8-486a-b8c3-3831432c41ac_r,46.48129,30.74852,55,
c67502d3-0ec8-486a-b8c3-3831432c41ac_r,46.48101,30.7485,57,
c67502d3-0ec8-486a-b8c3-3831432c41ac_r,46.48073,30.74846,59,
c67502d3-0ec8-486a-b8c3-3831432c41ac_r,46.48047,30.74841,61,
c67502d3-0ec8-486a-b8c3-3831432c41ac_r,46.47998,30.74835,63,
c67502d3-0ec8-486a-b8c3-3831432c41ac_r,46.47983,30.74833,65,
c67502d3-0ec8-486a-b8c3-3831432c41ac_r,46.4797,30.74831,67,
c67502d3-0ec8-486a-b8c3-3831432c41ac_r,46.47946,30.74826,69,
c67502d3-0ec8-486a-b8c3-3831432c41ac_r,46.47903,30.7482,71,
c67502d3-0ec8-486a-b8c3-3831432c41ac_r,46.47876,30.74816,73,
c67502d3-0ec8-486a-b8c3-3831432c41ac_r,46.47815,30.74807,75,
c67502d3-0ec8-486a-b8c3-3831432c41ac_r,46.47766,30.74801,77,
c67502d3-0ec8-486a-b8c3-3831432c41ac_r,46.47758,30.74799,79,
c67502d3-0ec8-486a-b8c3-3831432c41ac_r,46.47657,30.74784,81,
c67502d3-0ec8-486a-b8c3-3831432c41ac_r,46.47614,30.74777,83,
c67502d3-0ec8-486a-b8c3-3831432c41ac_r,46.47556,30.74766,85,
c67502d3-0ec8-486a-b8c3-3831432c41ac_r,46.47524,30.74762,87,
c67502d3-0ec8-486a-b8c3-3831432c41ac_r,46.47511,30.7476,89,
c67502d3-0ec8-486a-b8c3-3831432c41ac_r,46.47496,30.74758,91,
c67502d3-0ec8-486a-b8c3-3831432c41ac_r,46.47487,30.74756,93,
c67502d3-0ec8-486a-b8c3-3831432c41ac_r,46.47464,30.74751,95,
c67502d3-0ec8-486a-b8c3-3831432c41ac_r,46.47449,30.7475,97,
c67502d3-0ec8-486a-b8c3-3831432c41ac_r,46.47449,30.74737,99,
c67502d3-0ec8-486a-b8c3-3831432c41ac_r,46.474491,30.747369,101,
c67502d3-0ec8-486a-b8c3-3831432c41ac_r,46.47449,30.74737,106,
c67502d3-0ec8-486a-b8c3-3831432c41ac_r,46.47449,30.7475,108,
c67502d3-0ec8-486a-b8c3-3831432c41ac_r,46.47464,30.74751,110,
c67502d3-0ec8-486a-b8c3-3831432c41ac_r,46.47487,30.74756,112,
c67502d3-0ec8-486a-b8c3-3831432c41ac_r,46.47496,30.74758,114,
c67502d3-0ec8-486a-b8c3-3831432c41ac_r,46.47511,30.7476,116,
c67502d3-0ec8-486a-b8c3-3831432c41ac_r,46.47524,30.74762,118,
c67502d3-0ec8-486a-b8c3-3831432c41ac_r,46.47556,30.74766,120,
c67502d3-0ec8-486a-b8c3-3831432c41ac_r,46.47614,30.74777,122,
c67502d3-0ec8-486a-b8c3-3831432c41ac_r,46.47657,30.74784,124,
c67502d3-0ec8-486a-b8c3-3831432c41ac_r,46.47758,30.74799,126,
c67502d3-0ec8-486a-b8c3-3831432c41ac_r,46.47766,30.74801,128,
c67502d3-0ec8-486a-b8c3-3831432c41ac_r,46.47815,30.74807,130,
c67502d3-0ec8-486a-b8c3-3831432c41ac_r,46.47876,30.74816,132,
c67502d3-0ec8-486a-b8c3-3831432c41ac_r,46.47877,30.74803,134,
c67502d3-0ec8-486a-b8c3-3831432c41ac_r,46.478771,30.748026,136,
c67502d3-0ec8-486a-b8c3-3831432c41ac_r,46.47877,30.74803,141,
c67502d3-0ec8-486a-b8c3-3831432c41ac_r,46.47876,30.74816,143,
c67502d3-0ec8-486a-b8c3-3831432c41ac_r,46.47815,30.74807,145,
c67502d3-0ec8-486a-b8c3-3831432c41ac_r,46.47766,30.74801,147,
c67502d3-0ec8-486a-b8c3-3831432c41ac_r,46.47758,30.74799,149,
c67502d3-0ec8-486a-b8c3-3831432c41ac_r,46.47657,30.74784,151,
c67502d3-0ec8-486a-b8c3-3831432c41ac_r,46.47614,30.74777,153,
c67502d3-0ec8-486a-b8c3-3831432c41ac_r,46.47556,30.74766,155,
c67502d3-0ec8-486a-b8c3-3831432c41ac_r,46.47524,30.74762,157,
c67502d3-0ec8-486a-b8c3-3831432c41ac_r,46.47511,30.7476,159,
c67502d3-0ec8-486a-b8c3-3831432c41ac_r,46.47496,30.74758,161,
c67502d3-0ec8-486a-b8c3-3831432c41ac_r,46.47487,30.74756,163,
c67502d3-0ec8-486a-b8c3-3831432c41ac_r,46.47464,30.74751,165,
c67502d3-0ec8-486a-b8c3-3831432c41ac_r,46.47442,30.74749,167,
c67502d3-0ec8-486a-b8c3-3831432c41ac_r,46.47436,30.74747,169,
c67502d3-0ec8-486a-b8c3-3831432c41ac_r,46.47416,30.74745,171,
c67502d3-0ec8-486a-b8c3-3831432c41ac_r,46.47386,30.74741,173,
c67502d3-0ec8-486a-b8c3-3831432c41ac_r,46.47356,30.74734,175,
c67502d3-0ec8-486a-b8c3-3831432c41ac_r,46.47264,30.74719,177,
c67502d3-0ec8-486a-b8c3-3831432c41ac_r,46.47258,30.74719,179,
c67502d3-0ec8-486a-b8c3-3831432c41ac_r,46.47208,30.74711,181,
c67502d3-0ec8-486a-b8c3-3831432c41ac_r,46.472,30.74711,183,
c67502d3-0ec8-486a-b8c3-3831432c41ac_r,46.47193,30.74708,185,
c67502d3-0ec8-486a-b8c3-3831432c41ac_r,46.47182,30.74706,187,
c67502d3-0ec8-486a-b8c3-3831432c41ac_r,46.4714,30.747,189,
c67502d3-0ec8-486a-b8c3-3831432c41ac_r,46.47129,30.74698,191,
c67502d3-0ec8-486a-b8c3-3831432c41ac_r,46.4713,30.7469,193,
c67502d3-0ec8-486a-b8c3-3831432c41ac_r,46.471297,30.746903,195,
c67502d3-0ec8-486a-b8c3-3831432c41ac_r,46.4713,30.7469,200,
c67502d3-0ec8-486a-b8c3-3831432c41ac_r,46.47128,30.7469,202,
c67502d3-0ec8-486a-b8c3-3831432c41ac_r,46.47127,30.74698,204,
c67502d3-0ec8-486a-b8c3-3831432c41ac_r,46.47107,30.74696,206,
c67502d3-0ec8-486a-b8c3-3831432c41ac_r,46.47067,30.74689,208,
c67502d3-0ec8-486a-b8c3-3831432c41ac_r,46.47049,30.74687,210,
c67502d3-0ec8-486a-b8c3-3831432c41ac_r,46.46914,30.74666,212,
c67502d3-0ec8-486a-b8c3-3831432c41ac_r,46.46831,30.74655,214,
c67502d3-0ec8-486a-b8c3-3831432c41ac_r,46.46828,30.74653,216,
c67502d3-0ec8-486a-b8c3-3831432c41ac_r,46.46813,30.74653,218,
c67502d3-0ec8-486a-b8c3-3831432c41ac_r,46.46779,30.7464,220,
c67502d3-0ec8-486a-b8c3-3831432c41ac_r,46.46712,30.74628,222,
c67502d3-0ec8-486a-b8c3-3831432c41ac_r,46.46714,30.74609,224,
c67502d3-0ec8-486a-b8c3-3831432c41ac_r,46.467139,30.746092,226,
c67502d3-0ec8-486a-b8c3-3831432c41ac_r,46.46714,30.74609,231,
c67502d3-0ec8-486a-b8c3-3831432c41ac_r,46.46712,30.74628,233,
c67502d3-0ec8-486a-b8c3-3831432c41ac_r,46.46706,30.74627,235,
c67502d3-0ec8-486a-b8c3-3831432c41ac_r,46.46633,30.74612,237,
c67502d3-0ec8-486a-b8c3-3831432c41ac_r,46.46537,30.74597,239,
c67502d3-0ec8-486a-b8c3-3831432c41ac_r,46.46449,30.74584,241,
c67502d3-0ec8-486a-b8c3-3831432c41ac_r,46.46446,30.74582,243,
c67502d3-0ec8-486a-b8c3-3831432c41ac_r,46.46438,30.74693,245,
c67502d3-0ec8-486a-b8c3-3831432c41ac_r,46.46434,30.74766,247,
c67502d3-0ec8-486a-b8c3-3831432c41ac_r,46.46434,30.74769,249,
c67502d3-0ec8-486a-b8c3-3831432c41ac_r,46.46426,30.74768,251,
c67502d3-0ec8-486a-b8c3-3831432c41ac_r,46.464263,30.747677,253,
c67502d3-0ec8-486a-b8c3-3831432c41ac_r,46.46426,30.74768,258,
c67502d3-0ec8-486a-b8c3-3831432c41ac_r,46.46434,30.74769,260,
c67502d3-0ec8-486a-b8c3-3831432c41ac_r,46.46425,30.74872,262,
c67502d3-0ec8-486a-b8c3-3831432c41ac_r,46.46425,30.7488,264,
c67502d3-0ec8-486a-b8c3-3831432c41ac_r,46.46421,30.74923,266,
c67502d3-0ec8-486a-b8c3-3831432c41ac_r,46.46412,30.75043,268,
c67502d3-0ec8-486a-b8c3-3831432c41ac_r,46.46404,30.75041,270,
c67502d3-0ec8-486a-b8c3-3831432c41ac_r,46.46322,30.7503,272,
c67502d3-0ec8-486a-b8c3-3831432c41ac_r,46.46221,30.75015,274,
c67502d3-0ec8-486a-b8c3-3831432c41ac_r,46.46215,30.75015,276,
c67502d3-0ec8-486a-b8c3-3831432c41ac_r,46.46202,30.75017,278,
c67502d3-0ec8-486a-b8c3-3831432c41ac_r,46.46185,30.75017,280,
c67502d3-0ec8-486a-b8c3-3831432c41ac_r,46.46105,30.75007,282,
c67502d3-0ec8-486a-b8c3-3831432c41ac_r,46.46092,30.75005,284,
c67502d3-0ec8-486a-b8c3-3831432c41ac_r,46.46071,30.75,286,
c67502d3-0ec8-486a-b8c3-3831432c41ac_r,46.46047,30.74997,288,
c67502d3-0ec8-486a-b8c3-3831432c41ac_r,46.46048,30.74986,290,
c67502d3-0ec8-486a-b8c3-3831432c41ac_r,46.46046577262125,30.749922394752506,292,
c67502d3-0ec8-486a-b8c3-3831432c41ac_r,46.46048,30.74986,297,
c67502d3-0ec8-486a-b8c3-3831432c41ac_r,46.46047,30.74997,299,
c67502d3-0ec8-486a-b8c3-3831432c41ac_r,46.46039,30.74996,301,
c67502d3-0ec8-486a-b8c3-3831432c41ac_r,46.46028,30.74994,303,
c67502d3-0ec8-486a-b8c3-3831432c41ac_r,46.46007,30.74992,305,
c67502d3-0ec8-486a-b8c3-3831432c41ac_r,46.45981,30.74987,307,
c67502d3-0ec8-486a-b8c3-3831432c41ac_r,46.45914,30.74979,309,
c67502d3-0ec8-486a-b8c3-3831432c41ac_r,46.45844,30.7497,311,
c67502d3-0ec8-486a-b8c3-3831432c41ac_r,46.45839,30.74972,313,
c67502d3-0ec8-486a-b8c3-3831432c41ac_r,46.45835,30.74975,315,
c67502d3-0ec8-486a-b8c3-3831432c41ac_r,46.45826,30.74977,317,
c67502d3-0ec8-486a-b8c3-3831432c41ac_r,46.45816,30.74983,319,
c67502d3-0ec8-486a-b8c3-3831432c41ac_r,46.45803,30.74992,321,
c67502d3-0ec8-486a-b8c3-3831432c41ac_r,46.45727,30.75044,323,
c67502d3-0ec8-486a-b8c3-3831432c41ac_r,46.45691,30.75068,325,
c67502d3-0ec8-486a-b8c3-3831432c41ac_r,46.45663,30.75088,327,
c67502d3-0ec8-486a-b8c3-3831432c41ac_r,46.45642,30.75098,329,
c67502d3-0ec8-486a-b8c3-3831432c41ac_r,46.456415,30.750975,331,
c67502d3-0ec8-486a-b8c3-3831432c41ac_r,46.45642,30.75098,336,
c67502d3-0ec8-486a-b8c3-3831432c41ac_r,46.45613,30.75127,338,
c67502d3-0ec8-486a-b8c3-3831432c41ac_r,46.4558,30.75151,340,
c67502d3-0ec8-486a-b8c3-3831432c41ac_r,46.4547,30.75235,342,
c67502d3-0ec8-486a-b8c3-3831432c41ac_r,46.45464,30.75242,344,
c67502d3-0ec8-486a-b8c3-3831432c41ac_r,46.45414,30.75276,346,
c67502d3-0ec8-486a-b8c3-3831432c41ac_r,46.45389,30.75293,348,
c67502d3-0ec8-486a-b8c3-3831432c41ac_r,46.45378,30.75302,350,
c67502d3-0ec8-486a-b8c3-3831432c41ac_r,46.45361,30.75313,352,
c67502d3-0ec8-486a-b8c3-3831432c41ac_r,46.45357,30.753,354,
c67502d3-0ec8-486a-b8c3-3831432c41ac_r,46.453571,30.752995,356,
c67502d3-0ec8-486a-b8c3-3831432c41ac_r,46.45357,30.753,361,
c67502d3-0ec8-486a-b8c3-3831432c41ac_r,46.45361,30.75313,363,
c67502d3-0ec8-486a-b8c3-3831432c41ac_r,46.45359,30.75315,365,
c67502d3-0ec8-486a-b8c3-3831432c41ac_r,46.45324,30.7534,367,
c67502d3-0ec8-486a-b8c3-3831432c41ac_r,46.45298,30.7536,369,
c67502d3-0ec8-486a-b8c3-3831432c41ac_r,46.45277,30.75373,371,
c67502d3-0ec8-486a-b8c3-3831432c41ac_r,46.45241,30.754,373,
c67502d3-0ec8-486a-b8c3-3831432c41ac_r,46.45161,30.75456,375,
c67502d3-0ec8-486a-b8c3-3831432c41ac_r,46.4515,30.75463,377,
c67502d3-0ec8-486a-b8c3-3831432c41ac_r,46.45112,30.75491,379,
c67502d3-0ec8-486a-b8c3-3831432c41ac_r,46.45092,30.75505,381,
c67502d3-0ec8-486a-b8c3-3831432c41ac_r,46.45087,30.7549,383,
c67502d3-0ec8-486a-b8c3-3831432c41ac_r,46.45092735308209,30.754986405372623,385,
c67502d3-0ec8-486a-b8c3-3831432c41ac_r,46.45087,30.75489,390,
c67502d3-0ec8-486a-b8c3-3831432c41ac_r,46.45092,30.75504,392,
c67502d3-0ec8-486a-b8c3-3831432c41ac_r,46.45082,30.75511,394,
c67502d3-0ec8-486a-b8c3-3831432c41ac_r,46.45077,30.75513,396,
c67502d3-0ec8-486a-b8c3-3831432c41ac_r,46.4503,30.75545,398,
c67502d3-0ec8-486a-b8c3-3831432c41ac_r,46.45022,30.75552,400,
c67502d3-0ec8-486a-b8c3-3831432c41ac_r,46.44955,30.75597,402,
c67502d3-0ec8-486a-b8c3-3831432c41ac_r,46.44861,30.75661,404,
c67502d3-0ec8-486a-b8c3-3831432c41ac_r,46.44663,30.75801,406,
c67502d3-0ec8-486a-b8c3-3831432c41ac_r,46.44644,30.75814,408,
c67502d3-0ec8-486a-b8c3-3831432c41ac_r,46.44633,30.75822,410,
c67502d3-0ec8-486a-b8c3-3831432c41ac_r,46.44624,30.75829,412,
c67502d3-0ec8-486a-b8c3-3831432c41ac_r,46.4462,30.75818,414,
c67502d3-0ec8-486a-b8c3-3831432c41ac_r,46.445394230287164,30.758264064788822,416,
c67502d3-0ec8-486a-b8c3-3831432c41ac_r,46.4462,30.75818,421,
c67502d3-0ec8-486a-b8c3-3831432c41ac_r,46.44624,30.75829,423,
c67502d3-0ec8-486a-b8c3-3831432c41ac_r,46.4462,30.75831,425,
c67502d3-0ec8-486a-b8c3-3831432c41ac_r,46.4461,30.75837,427,
c67502d3-0ec8-486a-b8c3-3831432c41ac_r,46.44601,30.75841,429,
c67502d3-0ec8-486a-b8c3-3831432c41ac_r,46.44595,30.75846,431,
c67502d3-0ec8-486a-b8c3-3831432c41ac_r,46.44588,30.75848,433,
c67502d3-0ec8-486a-b8c3-3831432c41ac_r,46.4458,30.75846,435,
c67502d3-0ec8-486a-b8c3-3831432c41ac_r,46.44524,30.75833,437,
c67502d3-0ec8-486a-b8c3-3831432c41ac_r,46.44444,30.75809,439,
c67502d3-0ec8-486a-b8c3-3831432c41ac_r,46.44393,30.75794,441,
c67502d3-0ec8-486a-b8c3-3831432c41ac_r,46.44196,30.75741,443,
c67502d3-0ec8-486a-b8c3-3831432c41ac_r,46.44113,30.75718,445,
c67502d3-0ec8-486a-b8c3-3831432c41ac_r,46.44098,30.75713,447,
c67502d3-0ec8-486a-b8c3-3831432c41ac_r,46.44093,30.75708,449,
c67502d3-0ec8-486a-b8c3-3831432c41ac_r,46.44086,30.75704,451,
c67502d3-0ec8-486a-b8c3-3831432c41ac_r,46.44082,30.757,453,
c67502d3-0ec8-486a-b8c3-3831432c41ac_r,46.44075,30.75693,455,
c67502d3-0ec8-486a-b8c3-3831432c41ac_r,46.44069,30.75683,457,
c67502d3-0ec8-486a-b8c3-3831432c41ac_r,46.44063,30.75671,459,
c67502d3-0ec8-486a-b8c3-3831432c41ac_r,46.44059,30.75664,461,
c67502d3-0ec8-486a-b8c3-3831432c41ac_r,46.44055,30.75657,463,
c67502d3-0ec8-486a-b8c3-3831432c41ac_r,46.44049,30.75651,465,
c67502d3-0ec8-486a-b8c3-3831432c41ac_r,46.44043,30.75645,467,
c67502d3-0ec8-486a-b8c3-3831432c41ac_r,46.44033,30.75643,469,
c67502d3-0ec8-486a-b8c3-3831432c41ac_r,46.4402,30.7564,471,
c67502d3-0ec8-486a-b8c3-3831432c41ac_r,46.44017,30.75638,473,
c67502d3-0ec8-486a-b8c3-3831432c41ac_r,46.44015,30.75632,475,
c67502d3-0ec8-486a-b8c3-3831432c41ac_r,46.44013,30.75624,477,
c67502d3-0ec8-486a-b8c3-3831432c41ac_r,46.44012,30.75608,479,
c67502d3-0ec8-486a-b8c3-3831432c41ac_r,46.44011,30.75587,481,
c67502d3-0ec8-486a-b8c3-3831432c41ac_r,46.44015,30.75575,483,
c67502d3-0ec8-486a-b8c3-3831432c41ac_r,46.44008974059751,30.755753517150882,485,
c67502d3-0ec8-486a-b8c3-3831432c41ac_r,46.44015,30.75576,490,
c67502d3-0ec8-486a-b8c3-3831432c41ac_r,46.44004,30.75562,492,
c67502d3-0ec8-486a-b8c3-3831432c41ac_r,46.44,30.75547,494,
c67502d3-0ec8-486a-b8c3-3831432c41ac_r,46.43986,30.75486,496,
c67502d3-0ec8-486a-b8c3-3831432c41ac_r,46.4398,30.75458,498,
c67502d3-0ec8-486a-b8c3-3831432c41ac_r,46.4396,30.75381,500,
c67502d3-0ec8-486a-b8c3-3831432c41ac_r,46.43951,30.75345,502,
c67502d3-0ec8-486a-b8c3-3831432c41ac_r,46.43937,30.75278,504,
c67502d3-0ec8-486a-b8c3-3831432c41ac_r,46.43905,30.75151,506,
c67502d3-0ec8-486a-b8c3-3831432c41ac_r,46.43892,30.75093,508,
c67502d3-0ec8-486a-b8c3-3831432c41ac_r,46.43898,30.7509,510,
c67502d3-0ec8-486a-b8c3-3831432c41ac_r,46.43881806493091,30.75035691261292,512,
c67502d3-0ec8-486a-b8c3-3831432c41ac_r,46.43899,30.7509,517,
c67502d3-0ec8-486a-b8c3-3831432c41ac_r,46.43893,30.75093,519,
c67502d3-0ec8-486a-b8c3-3831432c41ac_r,46.43884,30.75051,521,
c67502d3-0ec8-486a-b8c3-3831432c41ac_r,46.43876,30.75018,523,
c67502d3-0ec8-486a-b8c3-3831432c41ac_r,46.43868,30.74982,525,
c67502d3-0ec8-486a-b8c3-3831432c41ac_r,46.43853,30.7491,527,
c67502d3-0ec8-486a-b8c3-3831432c41ac_r,46.43843,30.74858,529,
c67502d3-0ec8-486a-b8c3-3831432c41ac_r,46.43828,30.74778,531,
c67502d3-0ec8-486a-b8c3-3831432c41ac_r,46.43815,30.74716,533,
c67502d3-0ec8-486a-b8c3-3831432c41ac_r,46.43809,30.7468,535,
c67502d3-0ec8-486a-b8c3-3831432c41ac_r,46.43804,30.74661,537,
c67502d3-0ec8-486a-b8c3-3831432c41ac_r,46.43797,30.74622,539,
c67502d3-0ec8-486a-b8c3-3831432c41ac_r,46.43798,30.74591,541,
c67502d3-0ec8-486a-b8c3-3831432c41ac_r,46.43793,30.74571,543,
c67502d3-0ec8-486a-b8c3-3831432c41ac_r,46.43786,30.74553,545,
c67502d3-0ec8-486a-b8c3-3831432c41ac_r,46.43757,30.74485,547,
c67502d3-0ec8-486a-b8c3-3831432c41ac_r,46.43765,30.74478,549,
c67502d3-0ec8-486a-b8c3-3831432c41ac_r,46.437649871594374,30.74484765529633,551,
c67502d3-0ec8-486a-b8c3-3831432c41ac_r,46.43766,30.74477,556,
c67502d3-0ec8-486a-b8c3-3831432c41ac_r,46.43758,30.74484,558,
c67502d3-0ec8-486a-b8c3-3831432c41ac_r,46.43751,30.74457,560,
c67502d3-0ec8-486a-b8c3-3831432c41ac_r,46.43729,30.74396,562,
c67502d3-0ec8-486a-b8c3-3831432c41ac_r,46.43699,30.74312,564,
c67502d3-0ec8-486a-b8c3-3831432c41ac_r,46.43645,30.7417,566,
c67502d3-0ec8-486a-b8c3-3831432c41ac_r,46.4364,30.7415,568,
c67502d3-0ec8-486a-b8c3-3831432c41ac_r,46.43641,30.74105,570,
c67502d3-0ec8-486a-b8c3-3831432c41ac_r,46.43642,30.74101,572,
c67502d3-0ec8-486a-b8c3-3831432c41ac_r,46.43648,30.74102,574,
c67502d3-0ec8-486a-b8c3-3831432c41ac_r,46.43642250224896,30.741006731987003,576,
c67502d3-0ec8-486a-b8c3-3831432c41ac_r,46.43647,30.74103,581,
c67502d3-0ec8-486a-b8c3-3831432c41ac_r,46.43641,30.74102,583,
c67502d3-0ec8-486a-b8c3-3831432c41ac_r,46.43647,30.74051,585,
c67502d3-0ec8-486a-b8c3-3831432c41ac_r,46.43664,30.73888,587,
c67502d3-0ec8-486a-b8c3-3831432c41ac_r,46.43676,30.73728,589,
c67502d3-0ec8-486a-b8c3-3831432c41ac_r,46.43684,30.73626,591,
c67502d3-0ec8-486a-b8c3-3831432c41ac_r,46.43689,30.73589,593,
c67502d3-0ec8-486a-b8c3-3831432c41ac_r,46.43697,30.73589,595,
c67502d3-0ec8-486a-b8c3-3831432c41ac_r,46.43694746481026,30.73586225509644,597,
c67502d3-0ec8-486a-b8c3-3831432c41ac_r,46.43697,30.73589,602,
c67502d3-0ec8-486a-b8c3-3831432c41ac_r,46.43689,30.73589,604,
c67502d3-0ec8-486a-b8c3-3831432c41ac_r,46.43689,30.7358,606,
c67502d3-0ec8-486a-b8c3-3831432c41ac_r,46.43702,30.73455,608,
c67502d3-0ec8-486a-b8c3-3831432c41ac_r,46.43717,30.73288,610,
c67502d3-0ec8-486a-b8c3-3831432c41ac_r,46.4372,30.73261,612,
c67502d3-0ec8-486a-b8c3-3831432c41ac_r,46.43728,30.73263,614,
c67502d3-0ec8-486a-b8c3-3831432c41ac_r,46.437284,30.732631,616,
c67502d3-0ec8-486a-b8c3-3831432c41ac_r,46.43728,30.73263,621,
c67502d3-0ec8-486a-b8c3-3831432c41ac_r,46.4372,30.73261,623,
c67502d3-0ec8-486a-b8c3-3831432c41ac_r,46.43723,30.73232,625,
c67502d3-0ec8-486a-b8c3-3831432c41ac_r,46.43736,30.73093,627,
c67502d3-0ec8-486a-b8c3-3831432c41ac_r,46.43739,30.73078,629,
c67502d3-0ec8-486a-b8c3-3831432c41ac_r,46.43756,30.72882,631,
c67502d3-0ec8-486a-b8c3-3831432c41ac_r,46.43776,30.72702,633,
c67502d3-0ec8-486a-b8c3-3831432c41ac_r,46.43779,30.72666,635,
c67502d3-0ec8-486a-b8c3-3831432c41ac_r,46.43781,30.72648,637,
c67502d3-0ec8-486a-b8c3-3831432c41ac_r,46.43783,30.72629,639,
c67502d3-0ec8-486a-b8c3-3831432c41ac_r,46.43782,30.72611,641,
c67502d3-0ec8-486a-b8c3-3831432c41ac_r,46.43779,30.72571,643,
c67502d3-0ec8-486a-b8c3-3831432c41ac_r,46.43775,30.72536,645,
c67502d3-0ec8-486a-b8c3-3831432c41ac_r,46.43772,30.72512,647,
c67502d3-0ec8-486a-b8c3-3831432c41ac_r,46.43757,30.72489,649,
c67502d3-0ec8-486a-b8c3-3831432c41ac_r,46.43735,30.72456,651,
c67502d3-0ec8-486a-b8c3-3831432c41ac_r,46.43701,30.72407,653,
c67502d3-0ec8-486a-b8c3-3831432c41ac_r,46.43684,30.72383,655,
c67502d3-0ec8-486a-b8c3-3831432c41ac_r,46.4366,30.72347,657,
c67502d3-0ec8-486a-b8c3-3831432c41ac_r,46.4366,30.72346,659,
c67502d3-0ec8-486a-b8c3-3831432c41ac_r,46.43665,30.7234,661,
c67502d3-0ec8-486a-b8c3-3831432c41ac_r,46.436657,30.723385,663,
c67502d3-0ec8-486a-b8c3-3831432c41ac_r,46.43666,30.72339,668,
c67502d3-0ec8-486a-b8c3-3831432c41ac_r,46.43661,30.72345,670,
c67502d3-0ec8-486a-b8c3-3831432c41ac_r,46.43644,30.7232,672,
c67502d3-0ec8-486a-b8c3-3831432c41ac_r,46.4364,30.72316,674,
c67502d3-0ec8-486a-b8c3-3831432c41ac_r,46.43625,30.72292,676,
c67502d3-0ec8-486a-b8c3-3831432c41ac_r,46.43567,30.72209,678,
c67502d3-0ec8-486a-b8c3-3831432c41ac_r,46.43558,30.72194,680,
c67502d3-0ec8-486a-b8c3-3831432c41ac_r,46.4353,30.72155,682,
c67502d3-0ec8-486a-b8c3-3831432c41ac_r,46.43509,30.72123,684,
c67502d3-0ec8-486a-b8c3-3831432c41ac_r,46.43496,30.72103,686,
c67502d3-0ec8-486a-b8c3-3831432c41ac_r,46.43485,30.72088,688,
c67502d3-0ec8-486a-b8c3-3831432c41ac_r,46.4346,30.7205,690,
c67502d3-0ec8-486a-b8c3-3831432c41ac_r,46.43458,30.72047,692,
c67502d3-0ec8-486a-b8c3-3831432c41ac_r,46.43463,30.72039,694,
c67502d3-0ec8-486a-b8c3-3831432c41ac_r,46.434651640531456,30.720471739768985,696,
c67502d3-0ec8-486a-b8c3-3831432c41ac_r,46.43463,30.72039,701,
c67502d3-0ec8-486a-b8c3-3831432c41ac_r,46.43458,30.72047,703,
c67502d3-0ec8-486a-b8c3-3831432c41ac_r,46.43399,30.71962,705,
c67502d3-0ec8-486a-b8c3-3831432c41ac_r,46.43342,30.71878,707,
c67502d3-0ec8-486a-b8c3-3831432c41ac_r,46.43327,30.71855,709,
c67502d3-0ec8-486a-b8c3-3831432c41ac_r,46.43334,30.71841,711,
c67502d3-0ec8-486a-b8c3-3831432c41ac_r,46.43327262067667,30.718481540679935,713,
c67502d3-0ec8-486a-b8c3-3831432c41ac_r,46.43334,30.71841,718,
c67502d3-0ec8-486a-b8c3-3831432c41ac_r,46.43327,30.71855,720,
c67502d3-0ec8-486a-b8c3-3831432c41ac_r,46.43318,30.71846,722,
c67502d3-0ec8-486a-b8c3-3831432c41ac_r,46.43249,30.71741,724,
c67502d3-0ec8-486a-b8c3-3831432c41ac_r,46.43226,30.71707,726,
c67502d3-0ec8-486a-b8c3-3831432c41ac_r,46.43219,30.71698,728,
c67502d3-0ec8-486a-b8c3-3831432c41ac_r,46.43209,30.71683,730,
c67502d3-0ec8-486a-b8c3-3831432c41ac_r,46.43161,30.71619,732,
c67502d3-0ec8-486a-b8c3-3831432c41ac_r,46.4316,30.71618,734,
c67502d3-0ec8-486a-b8c3-3831432c41ac_r,46.43167,30.71608,736,
c67502d3-0ec8-486a-b8c3-3831432c41ac_r,46.431675,30.71608,738,
c67502d3-0ec8-486a-b8c3-3831432c41ac_r,46.43168,30.71608,743,
c67502d3-0ec8-486a-b8c3-3831432c41ac_r,46.43161,30.71618,745,
c67502d3-0ec8-486a-b8c3-3831432c41ac_r,46.43122,30.71558,747,
c67502d3-0ec8-486a-b8c3-3831432c41ac_r,46.43081,30.71503,749,
c67502d3-0ec8-486a-b8c3-3831432c41ac_r,46.43076,30.71494,751,
c67502d3-0ec8-486a-b8c3-3831432c41ac_r,46.43066,30.71481,753,
c67502d3-0ec8-486a-b8c3-3831432c41ac_r,46.43038,30.71438,755,
c67502d3-0ec8-486a-b8c3-3831432c41ac_r,46.43012,30.71402,757,
c67502d3-0ec8-486a-b8c3-3831432c41ac_r,46.42976,30.71348,759,
c67502d3-0ec8-486a-b8c3-3831432c41ac_r,46.42935,30.7129,761,
c67502d3-0ec8-486a-b8c3-3831432c41ac_r,46.42916,30.71258,763,
c67502d3-0ec8-486a-b8c3-3831432c41ac_r,46.42911,30.7125,765,
c67502d3-0ec8-486a-b8c3-3831432c41ac_r,46.42919,30.71238,767,
c67502d3-0ec8-486a-b8c3-3831432c41ac_r,46.42899115171706,30.712183713912967,769,
c67502d3-0ec8-486a-b8c3-3831432c41ac_r,46.42918,30.71238,774,
c67502d3-0ec8-486a-b8c3-3831432c41ac_r,46.4291,30.7125,776,
c67502d3-0ec8-486a-b8c3-3831432c41ac_r,46.42887,30.71217,778,
c67502d3-0ec8-486a-b8c3-3831432c41ac_r,46.42846,30.71157,780,
c67502d3-0ec8-486a-b8c3-3831432c41ac_r,46.42805,30.71093,782,
c67502d3-0ec8-486a-b8c3-3831432c41ac_r,46.42777,30.7105,784,
c67502d3-0ec8-486a-b8c3-3831432c41ac_r,46.42696,30.7093,786,
c67502d3-0ec8-486a-b8c3-3831432c41ac_r,46.42687,30.70915,788,
c67502d3-0ec8-486a-b8c3-3831432c41ac_r,46.42681,30.70908,790,
c67502d3-0ec8-486a-b8c3-3831432c41ac_r,46.42666,30.70885,792,
c67502d3-0ec8-486a-b8c3-3831432c41ac_r,46.42659,30.70876,794,
c67502d3-0ec8-486a-b8c3-3831432c41ac_r,46.42666,30.70866,796,
c67502d3-0ec8-486a-b8c3-3831432c41ac_r,46.42665062107007,30.708745121955875,798,
c67502d3-0ec8-486a-b8c3-3831432c41ac_r,46.42666,30.70866,803,
c67502d3-0ec8-486a-b8c3-3831432c41ac_r,46.42659,30.70876,805,
c67502d3-0ec8-486a-b8c3-3831432c41ac_r,46.42618,30.70814,807,
c67502d3-0ec8-486a-b8c3-3831432c41ac_r,46.4255,30.70715,809,
c67502d3-0ec8-486a-b8c3-3831432c41ac_r,46.42494,30.70634,811,
c67502d3-0ec8-486a-b8c3-3831432c41ac_r,46.4247,30.70599,813,
c67502d3-0ec8-486a-b8c3-3831432c41ac_r,46.42462,30.70586,815,
c67502d3-0ec8-486a-b8c3-3831432c41ac_r,46.42457,30.7058,817,
c67502d3-0ec8-486a-b8c3-3831432c41ac_r,46.4245,30.7057,819,
c67502d3-0ec8-486a-b8c3-3831432c41ac_r,46.42458,30.70558,821,
c67502d3-0ec8-486a-b8c3-3831432c41ac_r,46.42455404146655,30.70562839508057,823,
0de2bedb-5616-4bb1-a2c6-2419e7189018_d,46.460103,30.713778,1,
0de2bedb-5616-4bb1-a2c6-2419e7189018_d,46.4601,30.71378,6,
0de2bedb-5616-4bb1-a2c6-2419e7189018_d,46.46003,30.71364,8,
0de2bedb-5616-4bb1-a2c6-2419e7189018_d,46.45983,30.71359,10,
0de2bedb-5616-4bb1-a2c6-2419e7189018_d,46.45962,30.71367,12,
0de2bedb-5616-4bb1-a2c6-2419e7189018_d,46.45956,30.71373,14,
0de2bedb-5616-4bb1-a2c6-2419e7189018_d,46.45953,30.71388,16,
0de2bedb-5616-4bb1-a2c6-2419e7189018_d,46.45952,30.7143,18,
0de2bedb-5616-4bb1-a2c6-2419e7189018_d,46.45951,30.71525,20,
0de2bedb-5616-4bb1-a2c6-2419e7189018_d,46.45951,30.71579,22,
0de2bedb-5616-4bb1-a2c6-2419e7189018_d,46.45952,30.71629,24,
0de2bedb-5616-4bb1-a2c6-2419e7189018_d,46.45959,30.71688,26,
0de2bedb-5616-4bb1-a2c6-2419e7189018_d,46.45966,30.7173,28,
0de2bedb-5616-4bb1-a2c6-2419e7189018_d,46.45972,30.71758,30,
0de2bedb-5616-4bb1-a2c6-2419e7189018_d,46.45983,30.71778,32,
0de2bedb-5616-4bb1-a2c6-2419e7189018_d,46.459811,30.717792,34,
0de2bedb-5616-4bb1-a2c6-2419e7189018_d,46.45981,30.71779,39,
0de2bedb-5616-4bb1-a2c6-2419e7189018_d,46.46153,30.72045,41,
0de2bedb-5616-4bb1-a2c6-2419e7189018_d,46.4615,30.72041,43,
0de2bedb-5616-4bb1-a2c6-2419e7189018_d,46.461502,30.720407,45,
0de2bedb-5616-4bb1-a2c6-2419e7189018_d,46.4615,30.72041,50,
0de2bedb-5616-4bb1-a2c6-2419e7189018_d,46.46153,30.72045,52,
0de2bedb-5616-4bb1-a2c6-2419e7189018_d,46.46266,30.72225,54,
0de2bedb-5616-4bb1-a2c6-2419e7189018_d,46.46325,30.72321,56,
0de2bedb-5616-4bb1-a2c6-2419e7189018_d,46.46363,30.72385,58,
0de2bedb-5616-4bb1-a2c6-2419e7189018_d,46.46363255756014,30.72384595870972,60,
0de2bedb-5616-4bb1-a2c6-2419e7189018_d,46.46363,30.72385,65,
0de2bedb-5616-4bb1-a2c6-2419e7189018_d,46.46561,30.72693,67,
0de2bedb-5616-4bb1-a2c6-2419e7189018_d,46.4657,30.7271,69,
0de2bedb-5616-4bb1-a2c6-2419e7189018_d,46.46576,30.72721,71,
0de2bedb-5616-4bb1-a2c6-2419e7189018_d,46.46576088827235,30.727198719978336,73,
0de2bedb-5616-4bb1-a2c6-2419e7189018_d,46.46576,30.7272,78,
0de2bedb-5616-4bb1-a2c6-2419e7189018_d,46.4659,30.72737,80,
0de2bedb-5616-4bb1-a2c6-2419e7189018_d,46.466,30.72749,82,
0de2bedb-5616-4bb1-a2c6-2419e7189018_d,46.46607,30.72755,84,
0de2bedb-5616-4bb1-a2c6-2419e7189018_d,46.46614,30.72757,86,
0de2bedb-5616-4bb1-a2c6-2419e7189018_d,46.46698,30.72763,88,
0de2bedb-5616-4bb1-a2c6-2419e7189018_d,46.4674,30.72764,90,
0de2bedb-5616-4bb1-a2c6-2419e7189018_d,46.46759,30.72761,92,
0de2bedb-5616-4bb1-a2c6-2419e7189018_d,46.46783,30.72762,94,
0de2bedb-5616-4bb1-a2c6-2419e7189018_d,46.4681,30.72766,96,
0de2bedb-5616-4bb1-a2c6-2419e7189018_d,46.46821,30.72775,98,
0de2bedb-5616-4bb1-a2c6-2419e7189018_d,46.46833,30.72794,100,
0de2bedb-5616-4bb1-a2c6-2419e7189018_d,46.46849,30.72819,102,
0de2bedb-5616-4bb1-a2c6-2419e7189018_d,46.46866,30.72846,104,
0de2bedb-5616-4bb1-a2c6-2419e7189018_d,46.46873,30.72858,106,
0de2bedb-5616-4bb1-a2c6-2419e7189018_d,46.46877,30.72874,108,
0de2bedb-5616-4bb1-a2c6-2419e7189018_d,46.46877,30.72899,110,
0de2bedb-5616-4bb1-a2c6-2419e7189018_d,46.46873,30.72964,112,
0de2bedb-5616-4bb1-a2c6-2419e7189018_d,46.468714,30.729633,114,
0de2bedb-5616-4bb1-a2c6-2419e7189018_d,46.46871,30.72963,119,
0de2bedb-5616-4bb1-a2c6-2419e7189018_d,46.46858,30.73162,121,
0de2bedb-5616-4bb1-a2c6-2419e7189018_d,46.46852,30.73252,123,
0de2bedb-5616-4bb1-a2c6-2419e7189018_d,46.46849,30.73299,125,
0de2bedb-5616-4bb1-a2c6-2419e7189018_d,46.46847,30.73322,127,
0de2bedb-5616-4bb1-a2c6-2419e7189018_d,46.46842,30.73336,129,
0de2bedb-5616-4bb1-a2c6-2419e7189018_d,46.46824,30.73365,131,
0de2bedb-5616-4bb1-a2c6-2419e7189018_d,46.46809,30.73389,133,
0de2bedb-5616-4bb1-a2c6-2419e7189018_d,46.46803,30.73406,135,
0de2bedb-5616-4bb1-a2c6-2419e7189018_d,46.46799,30.73423,137,
0de2bedb-5616-4bb1-a2c6-2419e7189018_d,46.46791,30.73546,139,
0de2bedb-5616-4bb1-a2c6-2419e7189018_d,46.46787,30.73608,141,
0de2bedb-5616-4bb1-a2c6-2419e7189018_d,46.46784,30.7362,143,
0de2bedb-5616-4bb1-a2c6-2419e7189018_d,46.467885440973795,30.735937356948856,145,
0de2bedb-5616-4bb1-a2c6-2419e7189018_d,46.46785,30.73619,150,
0de2bedb-5616-4bb1-a2c6-2419e7189018_d,46.46785,30.73644,152,
0de2bedb-5616-4bb1-a2c6-2419e7189018_d,46.46782,30.73685,154,
0de2bedb-5616-4bb1-a2c6-2419e7189018_d,46.4678,30.73717,156,
0de2bedb-5616-4bb1-a2c6-2419e7189018_d,46.46777,30.73742,158,
0de2bedb-5616-4bb1-a2c6-2419e7189018_d,46.46769,30.73759,160,
0de2bedb-5616-4bb1-a2c6-2419e7189018_d,46.46761,30.73764,162,
0de2bedb-5616-4bb1-a2c6-2419e7189018_d,46.46751,30.73762,164,
0de2bedb-5616-4bb1-a2c6-2419e7189018_d,46.46735,30.73746,166,
0de2bedb-5616-4bb1-a2c6-2419e7189018_d,46.46725,30.73739,168,
0de2bedb-5616-4bb1-a2c6-2419e7189018_d,46.46714,30.73736,170,
0de2bedb-5616-4bb1-a2c6-2419e7189018_d,46.46699,30.73741,172,
0de2bedb-5616-4bb1-a2c6-2419e7189018_d,46.46693,30.7375,174,
0de2bedb-5616-4bb1-a2c6-2419e7189018_d,46.46687,30.73762,176,
0de2bedb-5616-4bb1-a2c6-2419e7189018_d,46.46684,30.73777,178,
0de2bedb-5616-4bb1-a2c6-2419e7189018_d,46.46686,30.73795,180,
0de2bedb-5616-4bb1-a2c6-2419e7189018_d,46.46685,30.73807,182,
0de2bedb-5616-4bb1-a2c6-2419e7189018_d,46.46684,30.73826,184,
0de2bedb-5616-4bb1-a2c6-2419e7189018_d,46.46685,30.73838,186,
0de2bedb-5616-4bb1-a2c6-2419e7189018_d,46.466847191574054,30.738241648496377,188,
267ede23-c29c-4d21-beee-f7bfce2cc546_d,46.382342773448215,30.7149088382721,1,
267ede23-c29c-4d21-beee-f7bfce2cc546_d,46.38234,30.71491,6,
267ede23-c29c-4d21-beee-f7bfce2cc546_d,46.38268,30.71485,8,
267ede23-c29c-4d21-beee-f7bfce2cc546_d,46.38278,30.71499,10,
267ede23-c29c-4d21-beee-f7bfce2cc546_d,46.38298,30.71554,12,
267ede23-c29c-4d21-beee-f7bfce2cc546_d,46.38313,30.71613,14,
267ede23-c29c-4d21-beee-f7bfce2cc546_d,46.38328,30.71681,16,
267ede23-c29c-4d21-beee-f7bfce2cc546_d,46.383282718907736,30.716770291328434,18,
267ede23-c29c-4d21-beee-f7bfce2cc546_d,46.38328,30.71681,23,
267ede23-c29c-4d21-beee-f7bfce2cc546_d,46.38438,30.72135,25,
267ede23-c29c-4d21-beee-f7bfce2cc546_d,46.38437806800176,30.72135150432587,27,
267ede23-c29c-4d21-beee-f7bfce2cc546_d,46.38438,30.72135,32,
267ede23-c29c-4d21-beee-f7bfce2cc546_d,46.38496,30.72418,34,
267ede23-c29c-4d21-beee-f7bfce2cc546_d,46.38527,30.72568,36,
267ede23-c29c-4d21-beee-f7bfce2cc546_d,46.38543,30.7265,38,
267ede23-c29c-4d21-beee-f7bfce2cc546_d,46.38551,30.72717,40,
267ede23-c29c-4d21-beee-f7bfce2cc546_d,46.38552150019781,30.727155804634098,42,
267ede23-c29c-4d21-beee-f7bfce2cc546_d,46.38551,30.72717,47,
267ede23-c29c-4d21-beee-f7bfce2cc546_d,46.38597,30.72987,49,
267ede23-c29c-4d21-beee-f7bfce2cc546_d,46.3861,30.73042,51,
267ede23-c29c-4d21-beee-f7bfce2cc546_d,46.38628,30.73088,53,
267ede23-c29c-4d21-beee-f7bfce2cc546_d,46.38662,30.73144,55,
267ede23-c29c-4d21-beee-f7bfce2cc546_d,46.38661310405771,30.731436610221866,57,
267ede23-c29c-4d21-beee-f7bfce2cc546_d,46.38661,30.73144,62,
267ede23-c29c-4d21-beee-f7bfce2cc546_d,46.38674,30.73165,64,
267ede23-c29c-4d21-beee-f7bfce2cc546_d,46.38688,30.7318,66,
267ede23-c29c-4d21-beee-f7bfce2cc546_d,46.38729,30.73205,68,
267ede23-c29c-4d21-beee-f7bfce2cc546_d,46.3877,30.73224,70,
267ede23-c29c-4d21-beee-f7bfce2cc546_d,46.38825,30.7325,72,
267ede23-c29c-4d21-beee-f7bfce2cc546_d,46.38869,30.73273,74,
267ede23-c29c-4d21-beee-f7bfce2cc546_d,46.38929,30.733,76,
267ede23-c29c-4d21-beee-f7bfce2cc546_d,46.38977,30.73318,78,
267ede23-c29c-4d21-beee-f7bfce2cc546_d,46.39139,30.73397,80,
267ede23-c29c-4d21-beee-f7bfce2cc546_d,46.39148,30.73404,82,
267ede23-c29c-4d21-beee-f7bfce2cc546_d,46.391478801501975,30.734038352966312,84,
267ede23-c29c-4d21-beee-f7bfce2cc546_d,46.39148,30.73404,89,
267ede23-c29c-4d21-beee-f7bfce2cc546_d,46.39156,30.73404,91,
267ede23-c29c-4d21-beee-f7bfce2cc546_d,46.39169,30.7341,93,
267ede23-c29c-4d21-beee-f7bfce2cc546_d,46.39239,30.73444,95,
267ede23-c29c-4d21-beee-f7bfce2cc546_d,46.39323,30.73487,97,
267ede23-c29c-4d21-beee-f7bfce2cc546_d,46.39361,30.73493,99,
267ede23-c29c-4d21-beee-f7bfce2cc546_d,46.39361,30.7349,101,
267ede23-c29c-4d21-beee-f7bfce2cc546_d,46.393606251541776,30.734902024269108,103,
267ede23-c29c-4d21-beee-f7bfce2cc546_d,46.39361,30.7349,108,
267ede23-c29c-4d21-beee-f7bfce2cc546_d,46.39361,30.73493,110,
267ede23-c29c-4d21-beee-f7bfce2cc546_d,46.39387,30.73487,112,
267ede23-c29c-4d21-beee-f7bfce2cc546_d,46.39447,30.73477,114,
267ede23-c29c-4d21-beee-f7bfce2cc546_d,46.39555,30.73467,116,
267ede23-c29c-4d21-beee-f7bfce2cc546_d,46.39582,30.73466,118,
267ede23-c29c-4d21-beee-f7bfce2cc546_d,46.39592,30.7347,120,
267ede23-c29c-4d21-beee-f7bfce2cc546_d,46.39592,30.73466,122,
267ede23-c29c-4d21-beee-f7bfce2cc546_d,46.39592970222775,30.73462843894959,124,
267ede23-c29c-4d21-beee-f7bfce2cc546_d,46.39592,30.73466,129,
267ede23-c29c-4d21-beee-f7bfce2cc546_d,46.39592,30.7347,131,
267ede23-c29c-4d21-beee-f7bfce2cc546_d,46.39607,30.73464,133,
267ede23-c29c-4d21-beee-f7bfce2cc546_d,46.39626,30.73459,135,
267ede23-c29c-4d21-beee-f7bfce2cc546_d,46.39745,30.73404,137,
267ede23-c29c-4d21-beee-f7bfce2cc546_d,46.3985,30.7335,139,
267ede23-c29c-4d21-beee-f7bfce2cc546_d,46.39899,30.73327,141,
267ede23-c29c-4d21-beee-f7bfce2cc546_d,46.39914,30.73325,143,
267ede23-c29c-4d21-beee-f7bfce2cc546_d,46.39913,30.7332,145,
267ede23-c29c-4d21-beee-f7bfce2cc546_d,46.399129834598774,30.733174681663517,147,
267ede23-c29c-4d21-beee-f7bfce2cc546_d,46.39913,30.7332,152,
267ede23-c29c-4d21-beee-f7bfce2cc546_d,46.39914,30.73325,154,
267ede23-c29c-4d21-beee-f7bfce2cc546_d,46.3992,30.7331,156,
267ede23-c29c-4d21-beee-f7bfce2cc546_d,46.39952,30.73287,158,
267ede23-c29c-4d21-beee-f7bfce2cc546_d,46.40001,30.73252,160,
267ede23-c29c-4d21-beee-f7bfce2cc546_d,46.40036,30.73234,162,
267ede23-c29c-4d21-beee-f7bfce2cc546_d,46.40257,30.73157,164,
267ede23-c29c-4d21-beee-f7bfce2cc546_d,46.402573929218576,30.73156535625458,166,
267ede23-c29c-4d21-beee-f7bfce2cc546_d,46.40257,30.73157,171,
267ede23-c29c-4d21-beee-f7bfce2cc546_d,46.40541,30.73055,173,
267ede23-c29c-4d21-beee-f7bfce2cc546_d,46.405414,30.73055,175,
267ede23-c29c-4d21-beee-f7bfce2cc546_d,46.40541,30.73055,180,
267ede23-c29c-4d21-beee-f7bfce2cc546_d,46.40727,30.72989,182,
267ede23-c29c-4d21-beee-f7bfce2cc546_d,46.40728284958435,30.72985410690308,184,
267ede23-c29c-4d21-beee-f7bfce2cc546_d,46.40728,30.72989,189,
267ede23-c29c-4d21-beee-f7bfce2cc546_d,46.41029,30.72882,191,
267ede23-c29c-4d21-beee-f7bfce2cc546_d,46.41028628481406,30.728781223297123,193,
267ede23-c29c-4d21-beee-f7bfce2cc546_d,46.41028,30.72882,198,
267ede23-c29c-4d21-beee-f7bfce2cc546_d,46.41422,30.72739,200,
267ede23-c29c-4d21-beee-f7bfce2cc546_d,46.4142252687468,30.72739183902741,202,
267ede23-c29c-4d21-beee-f7bfce2cc546_d,46.41423,30.72739,207,
267ede23-c29c-4d21-beee-f7bfce2cc546_d,46.41674,30.7265,209,
267ede23-c29c-4d21-beee-f7bfce2cc546_d,46.41726,30.72631,211,
267ede23-c29c-4d21-beee-f7bfce2cc546_d,46.41777,30.7262,213,
267ede23-c29c-4d21-beee-f7bfce2cc546_d,46.417775658353236,30.726206302642822,215,
267ede23-c29c-4d21-beee-f7bfce2cc546_d,46.41778,30.72621,220,
267ede23-c29c-4d21-beee-f7bfce2cc546_d,46.41875,30.72616,222,
267ede23-c29c-4d21-beee-f7bfce2cc546_d,46.41972,30.72577,224,
267ede23-c29c-4d21-beee-f7bfce2cc546_d,46.42135,30.72526,226,
267ede23-c29c-4d21-beee-f7bfce2cc546_d,46.421340608648165,30.725251436233524,228,
267ede23-c29c-4d21-beee-f7bfce2cc546_d,46.42134,30.72525,233,
267ede23-c29c-4d21-beee-f7bfce2cc546_d,46.42531,30.72386,235,
267ede23-c29c-4d21-beee-f7bfce2cc546_d,46.42549,30.72384,237,
267ede23-c29c-4d21-beee-f7bfce2cc546_d,46.42564,30.72395,239,
267ede23-c29c-4d21-beee-f7bfce2cc546_d,46.42587,30.72432,241,
267ede23-c29c-4d21-beee-f7bfce2cc546_d,46.42587411950762,30.72431802749634,243,
267ede23-c29c-4d21-beee-f7bfce2cc546_d,46.42587,30.72432,248,
267ede23-c29c-4d21-beee-f7bfce2cc546_d,46.42905,30.72851,250,
267ede23-c29c-4d21-beee-f7bfce2cc546_d,46.42904661330962,30.728496909141544,252,
267ede23-c29c-4d21-beee-f7bfce2cc546_d,46.42905,30.72851,257,
267ede23-c29c-4d21-beee-f7bfce2cc546_d,46.42912,30.7284,259,
267ede23-c29c-4d21-beee-f7bfce2cc546_d,46.42919,30.7285,261,
267ede23-c29c-4d21-beee-f7bfce2cc546_d,46.42932,30.72876,263,
267ede23-c29c-4d21-beee-f7bfce2cc546_d,46.42934,30.7288,265,
267ede23-c29c-4d21-beee-f7bfce2cc546_d,46.42938,30.72887,267,
267ede23-c29c-4d21-beee-f7bfce2cc546_d,46.42942,30.72897,269,
267ede23-c29c-4d21-beee-f7bfce2cc546_d,46.42951,30.7291,271,
267ede23-c29c-4d21-beee-f7bfce2cc546_d,46.4297,30.72925,273,
267ede23-c29c-4d21-beee-f7bfce2cc546_d,46.42981,30.72925,275,
267ede23-c29c-4d21-beee-f7bfce2cc546_d,46.4299,30.72925,277,
267ede23-c29c-4d21-beee-f7bfce2cc546_d,46.43,30.72912,279,
267ede23-c29c-4d21-beee-f7bfce2cc546_d,46.43009,30.729,281,
267ede23-c29c-4d21-beee-f7bfce2cc546_d,46.43013,30.72887,283,
267ede23-c29c-4d21-beee-f7bfce2cc546_d,46.4302,30.7287,285,
267ede23-c29c-4d21-beee-f7bfce2cc546_d,46.4303,30.72865,287,
267ede23-c29c-4d21-beee-f7bfce2cc546_d,46.43058,30.72855,289,
267ede23-c29c-4d21-beee-f7bfce2cc546_d,46.43097,30.72842,291,
267ede23-c29c-4d21-beee-f7bfce2cc546_d,46.43108,30.7284,293,
267ede23-c29c-4d21-beee-f7bfce2cc546_d,46.43151,30.72822,295,
267ede23-c29c-4d21-beee-f7bfce2cc546_d,46.43234,30.72794,297,
267ede23-c29c-4d21-beee-f7bfce2cc546_d,46.43249,30.7279,299,
267ede23-c29c-4d21-beee-f7bfce2cc546_d,46.43342,30.72756,301,
267ede23-c29c-4d21-beee-f7bfce2cc546_d,46.4335,30.72754,303,
267ede23-c29c-4d21-beee-f7bfce2cc546_d,46.43406,30.72736,305,
267ede23-c29c-4d21-beee-f7bfce2cc546_d,46.43405,30.72729,307,
267ede23-c29c-4d21-beee-f7bfce2cc546_d,46.434046,30.727291,309,
267ede23-c29c-4d21-beee-f7bfce2cc546_d,46.43405,30.72729,314,
267ede23-c29c-4d21-beee-f7bfce2cc546_d,46.43738,30.72631,316,
267ede23-c29c-4d21-beee-f7bfce2cc546_d,46.43737630371281,30.72631359100342,318,
267ede23-c29c-4d21-beee-f7bfce2cc546_d,46.43738,30.72631,323,
267ede23-c29c-4d21-beee-f7bfce2cc546_d,46.43784,30.72614,325,
267ede23-c29c-4d21-beee-f7bfce2cc546_d,46.43821,30.726,327,
267ede23-c29c-4d21-beee-f7bfce2cc546_d,46.43832,30.72597,329,
267ede23-c29c-4d21-beee-f7bfce2cc546_d,46.43843,30.72594,331,
267ede23-c29c-4d21-beee-f7bfce2cc546_d,46.44269,30.72671,333,
267ede23-c29c-4d21-beee-f7bfce2cc546_d,46.442673664551045,30.726694464683536,335,
267ede23-c29c-4d21-beee-f7bfce2cc546_d,46.44268,30.72672,340,
267ede23-c29c-4d21-beee-f7bfce2cc546_d,46.44638,30.72733,342,
267ede23-c29c-4d21-beee-f7bfce2cc546_d,46.446373,30.727333,344,
267ede23-c29c-4d21-beee-f7bfce2cc546_d,46.44637,30.72733,349,
267ede23-c29c-4d21-beee-f7bfce2cc546_d,46.45062,30.72815,351,
267ede23-c29c-4d21-beee-f7bfce2cc546_d,46.450625,30.728149,353,
267ede23-c29c-4d21-beee-f7bfce2cc546_d,46.45063,30.72815,358,
267ede23-c29c-4d21-beee-f7bfce2cc546_d,46.45357,30.72868,360,
267ede23-c29c-4d21-beee-f7bfce2cc546_d,46.45356250388029,30.728679299354557,362,
267ede23-c29c-4d21-beee-f7bfce2cc546_d,46.45356,30.72868,367,
267ede23-c29c-4d21-beee-f7bfce2cc546_d,46.45394,30.72871,369,
267ede23-c29c-4d21-beee-f7bfce2cc546_d,46.45449,30.72858,371,
267ede23-c29c-4d21-beee-f7bfce2cc546_d,46.45581,30.72867,373,
267ede23-c29c-4d21-beee-f7bfce2cc546_d,46.45603,30.72877,375,
267ede23-c29c-4d21-beee-f7bfce2cc546_d,46.45639,30.72897,377,
267ede23-c29c-4d21-beee-f7bfce2cc546_d,46.45769,30.72907,379,
267ede23-c29c-4d21-beee-f7bfce2cc546_d,46.45823,30.72912,381,
267ede23-c29c-4d21-beee-f7bfce2cc546_d,46.45867,30.72929,383,
267ede23-c29c-4d21-beee-f7bfce2cc546_d,46.45887,30.72946,385,
267ede23-c29c-4d21-beee-f7bfce2cc546_d,46.45966,30.73013,387,
267ede23-c29c-4d21-beee-f7bfce2cc546_d,46.46084,30.73121,389,
267ede23-c29c-4d21-beee-f7bfce2cc546_d,46.46083530194352,30.731157660484318,391,
267ede23-c29c-4d21-beee-f7bfce2cc546_d,46.46084,30.73121,396,
267ede23-c29c-4d21-beee-f7bfce2cc546_d,46.46116,30.73143,398,
267ede23-c29c-4d21-beee-f7bfce2cc546_d,46.46158,30.73182,400,
267ede23-c29c-4d21-beee-f7bfce2cc546_d,46.46235,30.73251,402,
267ede23-c29c-4d21-beee-f7bfce2cc546_d,46.46252,30.7327,404,
267ede23-c29c-4d21-beee-f7bfce2cc546_d,46.46273,30.73294,406,
267ede23-c29c-4d21-beee-f7bfce2cc546_d,46.46471,30.73469,408,
267ede23-c29c-4d21-beee-f7bfce2cc546_d,46.46498,30.73493,410,
267ede23-c29c-4d21-beee-f7bfce2cc546_d,46.46514,30.7351,412,
267ede23-c29c-4d21-beee-f7bfce2cc546_d,46.46521,30.73528,414,
267ede23-c29c-4d21-beee-f7bfce2cc546_d,46.46529,30.73543,416,
267ede23-c29c-4d21-beee-f7bfce2cc546_d,46.46536,30.7356,418,
267ede23-c29c-4d21-beee-f7bfce2cc546_d,46.4655,30.73579,420,
267ede23-c29c-4d21-beee-f7bfce2cc546_d,46.46679,30.73697,422,
267ede23-c29c-4d21-beee-f7bfce2cc546_d,46.46683,30.73728,424,
267ede23-c29c-4d21-beee-f7bfce2cc546_d,46.46684,30.73762,426,
267ede23-c29c-4d21-beee-f7bfce2cc546_d,46.4668,30.73796,428,
267ede23-c29c-4d21-beee-f7bfce2cc546_d,46.46678,30.73814,430,
267ede23-c29c-4d21-beee-f7bfce2cc546_d,46.46671,30.73824,432,
267ede23-c29c-4d21-beee-f7bfce2cc546_d,46.466847191574054,30.738241648496377,434,
267ede23-c29c-4d21-beee-f7bfce2cc546_d,46.46685,30.73824,439,
267ede23-c29c-4d21-beee-f7bfce2cc546_d,46.46683,30.73845,441,
267ede23-c29c-4d21-beee-f7bfce2cc546_d,46.46683,30.73859,443,
267ede23-c29c-4d21-beee-f7bfce2cc546_d,46.46681,30.73888,445,
267ede23-c29c-4d21-beee-f7bfce2cc546_d,46.46681,30.739,447,
267ede23-c29c-4d21-beee-f7bfce2cc546_d,46.46684,30.7391,449,
267ede23-c29c-4d21-beee-f7bfce2cc546_d,46.46715,30.73918,451,
267ede23-c29c-4d21-beee-f7bfce2cc546_d,46.46748,30.73923,453,
267ede23-c29c-4d21-beee-f7bfce2cc546_d,46.4676,30.73923,455,
267ede23-c29c-4d21-beee-f7bfce2cc546_d,46.46768,30.73914,457,
267ede23-c29c-4d21-beee-f7bfce2cc546_d,46.46772,30.73895,459,
267ede23-c29c-4d21-beee-f7bfce2cc546_d,46.46774,30.73865,461,
267ede23-c29c-4d21-beee-f7bfce2cc546_d,46.46781,30.73771,463,
267ede23-c29c-4d21-beee-f7bfce2cc546_d,46.46787,30.73681,465,
267ede23-c29c-4d21-beee-f7bfce2cc546_d,46.4679,30.73633,467,
267ede23-c29c-4d21-beee-f7bfce2cc546_d,46.46794,30.73592,469,
267ede23-c29c-4d21-beee-f7bfce2cc546_d,46.46796,30.73593,471,
267ede23-c29c-4d21-beee-f7bfce2cc546_d,46.468003674514485,30.734784007072452,473,
267ede23-c29c-4d21-beee-f7bfce2cc546_d,46.46796,30.73592,478,
267ede23-c29c-4d21-beee-f7bfce2cc546_d,46.46794,30.73591,480,
267ede23-c29c-4d21-beee-f7bfce2cc546_d,46.46798,30.73508,482,
267ede23-c29c-4d21-beee-f7bfce2cc546_d,46.46805,30.73426,484,
267ede23-c29c-4d21-beee-f7bfce2cc546_d,46.46808,30.73406,486,
267ede23-c29c-4d21-beee-f7bfce2cc546_d,46.46812,30.73397,488,
267ede23-c29c-4d21-beee-f7bfce2cc546_d,46.46841,30.73352,490,
267ede23-c29c-4d21-beee-f7bfce2cc546_d,46.46847,30.73335,492,
267ede23-c29c-4d21-beee-f7bfce2cc546_d,46.46851,30.73315,494,
267ede23-c29c-4d21-beee-f7bfce2cc546_d,46.46861,30.73154,496,
267ede23-c29c-4d21-beee-f7bfce2cc546_d,46.46866,30.73092,498,
267ede23-c29c-4d21-beee-f7bfce2cc546_d,46.46868,30.73071,500,
267ede23-c29c-4d21-beee-f7bfce2cc546_d,46.46872,30.7306,502,
267ede23-c29c-4d21-beee-f7bfce2cc546_d,46.46876,30.73055,504,
267ede23-c29c-4d21-beee-f7bfce2cc546_d,46.46887,30.73052,506,
267ede23-c29c-4d21-beee-f7bfce2cc546_d,46.47002,30.73066,508,
267ede23-c29c-4d21-beee-f7bfce2cc546_d,46.47004,30.73066,510,
267ede23-c29c-4d21-beee-f7bfce2cc546_d,46.47004,30.73066,515,
267ede23-c29c-4d21-beee-f7bfce2cc546_d,46.47292,30.73116,517,
267ede23-c29c-4d21-beee-f7bfce2cc546_d,46.47295816794677,30.73107182979584,519,
267ede23-c29c-4d21-beee-f7bfce2cc546_d,46.47292,30.73116,524,
267ede23-c29c-4d21-beee-f7bfce2cc546_d,46.47599,30.73157,526,
267ede23-c29c-4d21-beee-f7bfce2cc546_d,46.47596537352183,30.731511712074283,528,
267ede23-c29c-4d21-beee-f7bfce2cc546_d,46.47598,30.73157,533,
267ede23-c29c-4d21-beee-f7bfce2cc546_d,46.47923,30.732,535,
267ede23-c29c-4d21-beee-f7bfce2cc546_d,46.47923468980639,30.731994509696964,537,
267ede23-c29c-4d21-beee-f7bfce2cc546_d,46.47923,30.73199,542,
267ede23-c29c-4d21-beee-f7bfce2cc546_d,46.47924,30.73192,544,
267ede23-c29c-4d21-beee-f7bfce2cc546_d,46.47936,30.73194,546,
267ede23-c29c-4d21-beee-f7bfce2cc546_d,46.47944,30.73196,548,
267ede23-c29c-4d21-beee-f7bfce2cc546_d,46.47949,30.73196,550,
267ede23-c29c-4d21-beee-f7bfce2cc546_d,46.47961,30.73198,552,
267ede23-c29c-4d21-beee-f7bfce2cc546_d,46.47976,30.73198,554,
267ede23-c29c-4d21-beee-f7bfce2cc546_d,46.47988,30.73201,556,
267ede23-c29c-4d21-beee-f7bfce2cc546_d,46.48004,30.73202,558,
267ede23-c29c-4d21-beee-f7bfce2cc546_d,46.48013,30.73202,560,
267ede23-c29c-4d21-beee-f7bfce2cc546_d,46.48035,30.73208,562,
267ede23-c29c-4d21-beee-f7bfce2cc546_d,46.48075,30.73214,564,
267ede23-c29c-4d21-beee-f7bfce2cc546_d,46.4809,30.73217,566,
267ede23-c29c-4d21-beee-f7bfce2cc546_d,46.48099,30.73217,568,
267ede23-c29c-4d21-beee-f7bfce2cc546_d,46.48119,30.73219,570,
267ede23-c29c-4d21-beee-f7bfce2cc546_d,46.48149,30.73223,572,
267ede23-c29c-4d21-beee-f7bfce2cc546_d,46.48164,30.73226,574,
267ede23-c29c-4d21-beee-f7bfce2cc546_d,46.48196,30.7323,576,
267ede23-c29c-4d21-beee-f7bfce2cc546_d,46.48245,30.73237,578,
267ede23-c29c-4d21-beee-f7bfce2cc546_d,46.48271,30.73239,580,
267ede23-c29c-4d21-beee-f7bfce2cc546_d,46.48275,30.7324,582,
267ede23-c29c-4d21-beee-f7bfce2cc546_d,46.48275,30.73242,584,
267ede23-c29c-4d21-beee-f7bfce2cc546_d,46.482742,30.732418,586,
267ede23-c29c-4d21-beee-f7bfce2cc546_d,46.48274,30.73242,591,
267ede23-c29c-4d21-beee-f7bfce2cc546_d,46.48274,30.7324,593,
267ede23-c29c-4d21-beee-f7bfce2cc546_d,46.48285,30.73241,595,
267ede23-c29c-4d21-beee-f7bfce2cc546_d,46.48307,30.73245,597,
267ede23-c29c-4d21-beee-f7bfce2cc546_d,46.48382,30.73256,599,
267ede23-c29c-4d21-beee-f7bfce2cc546_d,46.48401,30.73258,601,
267ede23-c29c-4d21-beee-f7bfce2cc546_d,46.48448,30.73264,603,
267ede23-c29c-4d21-beee-f7bfce2cc546_d,46.48453,30.73264,605,
267ede23-c29c-4d21-beee-f7bfce2cc546_d,46.48485,30.73269,607,
267ede23-c29c-4d21-beee-f7bfce2cc546_d,46.48487,30.73269,609,
267ede23-c29c-4d21-beee-f7bfce2cc546_d,46.48498,30.73271,611,
267ede23-c29c-4d21-beee-f7bfce2cc546_d,46.48515,30.73273,613,
267ede23-c29c-4d21-beee-f7bfce2cc546_d,46.48543,30.73275,615,
267ede23-c29c-4d21-beee-f7bfce2cc546_d,46.48554,30.73279,617,
267ede23-c29c-4d21-beee-f7bfce2cc546_d,46.48616,30.73288,619,
267ede23-c29c-4d21-beee-f7bfce2cc546_d,46.48633,30.7329,621,
267ede23-c29c-4d21-beee-f7bfce2cc546_d,46.48661,30.73292,623,
267ede23-c29c-4d21-beee-f7bfce2cc546_d,46.4868,30.73297,625,
267ede23-c29c-4d21-beee-f7bfce2cc546_d,46.48687,30.73297,627,
267ede23-c29c-4d21-beee-f7bfce2cc546_d,46.48693,30.73298,629,
267ede23-c29c-4d21-beee-f7bfce2cc546_d,46.48694,30.73291,631,
267ede23-c29c-4d21-beee-f7bfce2cc546_d,46.48676629914724,30.733003020286564,633,
267ede23-c29c-4d21-beee-f7bfce2cc546_d,46.48694,30.73291,638,
267ede23-c29c-4d21-beee-f7bfce2cc546_d,46.48693,30.73298,640,
267ede23-c29c-4d21-beee-f7bfce2cc546_d,46.48702,30.73299,642,
267ede23-c29c-4d21-beee-f7bfce2cc546_d,46.48712,30.73302,644,
267ede23-c29c-4d21-beee-f7bfce2cc546_d,46.48723,30.73304,646,
267ede23-c29c-4d21-beee-f7bfce2cc546_d,46.48748,30.73307,648,
267ede23-c29c-4d21-beee-f7bfce2cc546_d,46.48765,30.7331,650,
267ede23-c29c-4d21-beee-f7bfce2cc546_d,46.48775,30.73312,652,
267ede23-c29c-4d21-beee-f7bfce2cc546_d,46.48815,30.73318,654,
267ede23-c29c-4d21-beee-f7bfce2cc546_d,46.48846,30.73322,656,
267ede23-c29c-4d21-beee-f7bfce2cc546_d,46.48867,30.73322,658,
267ede23-c29c-4d21-beee-f7bfce2cc546_d,46.48878,30.73316,660,
267ede23-c29c-4d21-beee-f7bfce2cc546_d,46.48896,30.73295,662,
267ede23-c29c-4d21-beee-f7bfce2cc546_d,46.48913,30.73276,664,
267ede23-c29c-4d21-beee-f7bfce2cc546_d,46.48933,30.73251,666,
267ede23-c29c-4d21-beee-f7bfce2cc546_d,46.48939,30.73243,668,
267ede23-c29c-4d21-beee-f7bfce2cc546_d,46.48955,30.73225,670,
267ede23-c29c-4d21-beee-f7bfce2cc546_d,46.48974,30.73201,672,
267ede23-c29c-4d21-beee-f7bfce2cc546_d,46.48996,30.73175,674,
267ede23-c29c-4d21-beee-f7bfce2cc546_d,46.49004,30.73167,676,
267ede23-c29c-4d21-beee-f7bfce2cc546_d,46.49021,30.73145,678,
267ede23-c29c-4d21-beee-f7bfce2cc546_d,46.49024,30.73143,680,
267ede23-c29c-4d21-beee-f7bfce2cc546_d,46.49034,30.73132,682,
267ede23-c29c-4d21-beee-f7bfce2cc546_d,46.49038,30.73141,684,
267ede23-c29c-4d21-beee-f7bfce2cc546_d,46.49037844211985,30.73136687278748,686,
267ede23-c29c-4d21-beee-f7bfce2cc546_d,46.49038,30.7314,691,
267ede23-c29c-4d21-beee-f7bfce2cc546_d,46.49034,30.73131,693,
267ede23-c29c-4d21-beee-f7bfce2cc546_d,46.49039,30.73125,695,
267ede23-c29c-4d21-beee-f7bfce2cc546_d,46.49068,30.73093,697,
267ede23-c29c-4d21-beee-f7bfce2cc546_d,46.49103,30.7305,699,
267ede23-c29c-4d21-beee-f7bfce2cc546_d,46.49109,30.73041,701,
267ede23-c29c-4d21-beee-f7bfce2cc546_d,46.4912,30.73028,703,
267ede23-c29c-4d21-beee-f7bfce2cc546_d,46.49127,30.7302,705,
267ede23-c29c-4d21-beee-f7bfce2cc546_d,46.49148,30.72994,707,
267ede23-c29c-4d21-beee-f7bfce2cc546_d,46.49157,30.72983,709,
267ede23-c29c-4d21-beee-f7bfce2cc546_d,46.4918,30.72958,711,
267ede23-c29c-4d21-beee-f7bfce2cc546_d,46.49202,30.72934,713,
267ede23-c29c-4d21-beee-f7bfce2cc546_d,46.49223,30.72908,715,
267ede23-c29c-4d21-beee-f7bfce2cc546_d,46.49236,30.72891,717,
267ede23-c29c-4d21-beee-f7bfce2cc546_d,46.49287,30.72833,719,
267ede23-c29c-4d21-beee-f7bfce2cc546_d,46.4929,30.72827,721,
267ede23-c29c-4d21-beee-f7bfce2cc546_d,46.49294,30.72824,723,
267ede23-c29c-4d21-beee-f7bfce2cc546_d,46.49309,30.72807,725,
267ede23-c29c-4d21-beee-f7bfce2cc546_d,46.49326,30.72786,727,
267ede23-c29c-4d21-beee-f7bfce2cc546_d,46.49333,30.72778,729,
267ede23-c29c-4d21-beee-f7bfce2cc546_d,46.49338,30.72787,731,
267ede23-c29c-4d21-beee-f7bfce2cc546_d,46.49337729881365,30.72781562805176,733,
267ede23-c29c-4d21-beee-f7bfce2cc546_d,46.49338,30.72787,738,
267ede23-c29c-4d21-beee-f7bfce2cc546_d,46.49333,30.72778,740,
267ede23-c29c-4d21-beee-f7bfce2cc546_d,46.49339,30.72771,742,
267ede23-c29c-4d21-beee-f7bfce2cc546_d,46.49351,30.72762,744,
267ede23-c29c-4d21-beee-f7bfce2cc546_d,46.49367,30.72749,746,
267ede23-c29c-4d21-beee-f7bfce2cc546_d,46.49383,30.72739,748,
267ede23-c29c-4d21-beee-f7bfce2cc546_d,46.49444,30.72662,750,
267ede23-c29c-4d21-beee-f7bfce2cc546_d,46.49533,30.72552,752,
267ede23-c29c-4d21-beee-f7bfce2cc546_d,46.49649,30.72414,754,
267ede23-c29c-4d21-beee-f7bfce2cc546_d,46.49669,30.72388,756,
267ede23-c29c-4d21-beee-f7bfce2cc546_d,46.49685,30.72364,758,
267ede23-c29c-4d21-beee-f7bfce2cc546_d,46.49694,30.72355,760,
267ede23-c29c-4d21-beee-f7bfce2cc546_d,46.49690037485449,30.723550915718082,762,
267ede23-c29c-4d21-beee-f7bfce2cc546_d,46.49694,30.72355,767,
267ede23-c29c-4d21-beee-f7bfce2cc546_d,46.49697,30.7234,769,
267ede23-c29c-4d21-beee-f7bfce2cc546_d,46.49701,30.72327,771,
267ede23-c29c-4d21-beee-f7bfce2cc546_d,46.49705,30.72319,773,
267ede23-c29c-4d21-beee-f7bfce2cc546_d,46.49712,30.72314,775,
267ede23-c29c-4d21-beee-f7bfce2cc546_d,46.49725,30.72313,777,
267ede23-c29c-4d21-beee-f7bfce2cc546_d,46.49731,30.72313,779,
267ede23-c29c-4d21-beee-f7bfce2cc546_d,46.49738,30.72314,781,
267ede23-c29c-4d21-beee-f7bfce2cc546_d,46.49757,30.72315,783,
267ede23-c29c-4d21-beee-f7bfce2cc546_d,46.49771,30.7232,785,
267ede23-c29c-4d21-beee-f7bfce2cc546_d,46.49786,30.72319,787,
267ede23-c29c-4d21-beee-f7bfce2cc546_d,46.49796,30.72322,789,
267ede23-c29c-4d21-beee-f7bfce2cc546_d,46.49805,30.72327,791,
267ede23-c29c-4d21-beee-f7bfce2cc546_d,46.49818,30.72333,793,
267ede23-c29c-4d21-beee-f7bfce2cc546_d,46.4983,30.72338,795,
267ede23-c29c-4d21-beee-f7bfce2cc546_d,46.49854,30.72347,797,
267ede23-c29c-4d21-beee-f7bfce2cc546_d,46.49878,30.72358,799,
267ede23-c29c-4d21-beee-f7bfce2cc546_d,46.49897,30.72367,801,
267ede23-c29c-4d21-beee-f7bfce2cc546_d,46.49911,30.72372,803,
267ede23-c29c-4d21-beee-f7bfce2cc546_d,46.4993,30.7238,805,
267ede23-c29c-4d21-beee-f7bfce2cc546_d,46.49947,30.72388,807,
267ede23-c29c-4d21-beee-f7bfce2cc546_d,46.49963,30.72394,809,
267ede23-c29c-4d21-beee-f7bfce2cc546_d,46.49979,30.72403,811,
267ede23-c29c-4d21-beee-f7bfce2cc546_d,46.49992,30.72407,813,
267ede23-c29c-4d21-beee-f7bfce2cc546_d,46.50008,30.72415,815,
267ede23-c29c-4d21-beee-f7bfce2cc546_d,46.50033,30.72424,817,
267ede23-c29c-4d21-beee-f7bfce2cc546_d,46.50052,30.72432,819,
267ede23-c29c-4d21-beee-f7bfce2cc546_d,46.50075,30.72441,821,
267ede23-c29c-4d21-beee-f7bfce2cc546_d,46.50102,30.72452,823,
267ede23-c29c-4d21-beee-f7bfce2cc546_d,46.50144,30.72469,825,
267ede23-c29c-4d21-beee-f7bfce2cc546_d,46.502,30.72493,827,
267ede23-c29c-4d21-beee-f7bfce2cc546_d,46.5022,30.72501,829,
267ede23-c29c-4d21-beee-f7bfce2cc546_d,46.50239,30.725,831,
267ede23-c29c-4d21-beee-f7bfce2cc546_d,46.50294,30.72495,833,
267ede23-c29c-4d21-beee-f7bfce2cc546_d,46.50335,30.72491,835,
267ede23-c29c-4d21-beee-f7bfce2cc546_d,46.50388,30.72485,837,
267ede23-c29c-4d21-beee-f7bfce2cc546_d,46.5041,30.72482,839,
267ede23-c29c-4d21-beee-f7bfce2cc546_d,46.50424,30.7248,841,
267ede23-c29c-4d21-beee-f7bfce2cc546_d,46.50433,30.72479,843,
267ede23-c29c-4d21-beee-f7bfce2cc546_d,46.50447,30.72477,845,
267ede23-c29c-4d21-beee-f7bfce2cc546_d,46.50456,30.72472,847,
267ede23-c29c-4d21-beee-f7bfce2cc546_d,46.504602,30.724688,849,
267ede23-c29c-4d21-beee-f7bfce2cc546_d,46.5046,30.72469,854,
267ede23-c29c-4d21-beee-f7bfce2cc546_d,46.50546,30.72461,856,
267ede23-c29c-4d21-beee-f7bfce2cc546_d,46.50635,30.7245,858,
267ede23-c29c-4d21-beee-f7bfce2cc546_d,46.50716,30.72441,860,
267ede23-c29c-4d21-beee-f7bfce2cc546_d,46.50754,30.72437,862,
267ede23-c29c-4d21-beee-f7bfce2cc546_d,46.50772,30.72434,864,
267ede23-c29c-4d21-beee-f7bfce2cc546_d,46.507706,30.724335,866,
267ede23-c29c-4d21-beee-f7bfce2cc546_d,46.50771,30.72434,871,
267ede23-c29c-4d21-beee-f7bfce2cc546_d,46.50802,30.72432,873,
267ede23-c29c-4d21-beee-f7bfce2cc546_d,46.50835,30.72427,875,
267ede23-c29c-4d21-beee-f7bfce2cc546_d,46.50899,30.72421,877,
267ede23-c29c-4d21-beee-f7bfce2cc546_d,46.51032,30.72405,879,
267ede23-c29c-4d21-beee-f7bfce2cc546_d,46.51082,30.72398,881,
267ede23-c29c-4d21-beee-f7bfce2cc546_d,46.510816,30.723984,883,
267ede23-c29c-4d21-beee-f7bfce2cc546_d,46.51082,30.72398,888,
267ede23-c29c-4d21-beee-f7bfce2cc546_d,46.51134,30.72393,890,
267ede23-c29c-4d21-beee-f7bfce2cc546_d,46.51206,30.7239,892,
267ede23-c29c-4d21-beee-f7bfce2cc546_d,46.5124,30.72401,894,
267ede23-c29c-4d21-beee-f7bfce2cc546_d,46.51275,30.72417,896,
267ede23-c29c-4d21-beee-f7bfce2cc546_d,46.51439,30.72476,898,
267ede23-c29c-4d21-beee-f7bfce2cc546_d,46.51535,30.72512,900,
267ede23-c29c-4d21-beee-f7bfce2cc546_d,46.51604,30.72537,902,
267ede23-c29c-4d21-beee-f7bfce2cc546_d,46.51685,30.72567,904,
267ede23-c29c-4d21-beee-f7bfce2cc546_d,46.51759,30.72595,906,
267ede23-c29c-4d21-beee-f7bfce2cc546_d,46.51758,30.725954,908,
267ede23-c29c-4d21-beee-f7bfce2cc546_d,46.51758,30.72595,913,
267ede23-c29c-4d21-beee-f7bfce2cc546_d,46.51806,30.72612,915,
267ede23-c29c-4d21-beee-f7bfce2cc546_d,46.51851,30.7263,917,
267ede23-c29c-4d21-beee-f7bfce2cc546_d,46.51882,30.72641,919,
267ede23-c29c-4d21-beee-f7bfce2cc546_d,46.51911,30.72651,921,
267ede23-c29c-4d21-beee-f7bfce2cc546_d,46.5203,30.72697,923,
267ede23-c29c-4d21-beee-f7bfce2cc546_d,46.5209,30.72721,925,
267ede23-c29c-4d21-beee-f7bfce2cc546_d,46.5215,30.72745,927,
267ede23-c29c-4d21-beee-f7bfce2cc546_d,46.521484,30.727447,929,
267ede23-c29c-4d21-beee-f7bfce2cc546_d,46.52148,30.72745,934,
267ede23-c29c-4d21-beee-f7bfce2cc546_d,46.52361,30.7282,936,
267ede23-c29c-4d21-beee-f7bfce2cc546_d,46.52407,30.72835,938,
267ede23-c29c-4d21-beee-f7bfce2cc546_d,46.52468,30.7286,940,
267ede23-c29c-4d21-beee-f7bfce2cc546_d,46.52518,30.7288,942,
267ede23-c29c-4d21-beee-f7bfce2cc546_d,46.525193,30.728803,944,
267ede23-c29c-4d21-beee-f7bfce2cc546_d,46.52519,30.7288,949,
267ede23-c29c-4d21-beee-f7bfce2cc546_d,46.52592,30.72911,951,
267ede23-c29c-4d21-beee-f7bfce2cc546_d,46.52644,30.72934,953,
267ede23-c29c-4d21-beee-f7bfce2cc546_d,46.52658,30.72945,955,
267ede23-c29c-4d21-beee-f7bfce2cc546_d,46.52684,30.7297,957,
267ede23-c29c-4d21-beee-f7bfce2cc546_d,46.5272,30.7303,959,
267ede23-c29c-4d21-beee-f7bfce2cc546_d,46.52751,30.73086,961,
267ede23-c29c-4d21-beee-f7bfce2cc546_d,46.52798,30.73131,963,
267ede23-c29c-4d21-beee-f7bfce2cc546_d,46.52849,30.73176,965,
267ede23-c29c-4d21-beee-f7bfce2cc546_d,46.52887,30.73208,967,
267ede23-c29c-4d21-beee-f7bfce2cc546_d,46.52887,30.732071,969,
267ede23-c29c-4d21-beee-f7bfce2cc546_d,46.52887,30.73207,974,
267ede23-c29c-4d21-beee-f7bfce2cc546_d,46.52916,30.7323,976,
267ede23-c29c-4d21-beee-f7bfce2cc546_d,46.52995,30.7326,978,
267ede23-c29c-4d21-beee-f7bfce2cc546_d,46.53089,30.73295,980,
267ede23-c29c-4d21-beee-f7bfce2cc546_d,46.53101,30.73294,982,
267ede23-c29c-4d21-beee-f7bfce2cc546_d,46.53111,30.73294,984,
267ede23-c29c-4d21-beee-f7bfce2cc546_d,46.53119,30.7329,986,
267ede23-c29c-4d21-beee-f7bfce2cc546_d,46.53126,30.73286,988,
267ede23-c29c-4d21-beee-f7bfce2cc546_d,46.53156,30.73272,990,
267ede23-c29c-4d21-beee-f7bfce2cc546_d,46.53163,30.73275,992,
267ede23-c29c-4d21-beee-f7bfce2cc546_d,46.53163,30.73275,994,
267ede23-c29c-4d21-beee-f7bfce2cc546_d,46.53163882288476,30.732643604278568,996,
267ede23-c29c-4d21-beee-f7bfce2cc546_d,46.53163,30.73276,1001,
267ede23-c29c-4d21-beee-f7bfce2cc546_d,46.53166,30.73265,1003,
267ede23-c29c-4d21-beee-f7bfce2cc546_d,46.53173,30.73263,1005,
267ede23-c29c-4d21-beee-f7bfce2cc546_d,46.5318,30.73262,1007,
267ede23-c29c-4d21-beee-f7bfce2cc546_d,46.53194,30.73263,1009,
267ede23-c29c-4d21-beee-f7bfce2cc546_d,46.53201,30.73268,1011,
267ede23-c29c-4d21-beee-f7bfce2cc546_d,46.53207,30.73274,1013,
267ede23-c29c-4d21-beee-f7bfce2cc546_d,46.53216,30.73284,1015,
267ede23-c29c-4d21-beee-f7bfce2cc546_d,46.53225,30.73294,1017,
267ede23-c29c-4d21-beee-f7bfce2cc546_d,46.53271,30.73356,1019,
267ede23-c29c-4d21-beee-f7bfce2cc546_d,46.53291,30.73373,1021,
267ede23-c29c-4d21-beee-f7bfce2cc546_d,46.53327,30.7342,1023,
267ede23-c29c-4d21-beee-f7bfce2cc546_d,46.53418,30.7353,1025,
267ede23-c29c-4d21-beee-f7bfce2cc546_d,46.534179,30.735297,1027,
267ede23-c29c-4d21-beee-f7bfce2cc546_d,46.53418,30.7353,1032,
267ede23-c29c-4d21-beee-f7bfce2cc546_d,46.53601,30.73759,1034,
267ede23-c29c-4d21-beee-f7bfce2cc546_d,46.5375,30.73937,1036,
267ede23-c29c-4d21-beee-f7bfce2cc546_d,46.53848,30.74053,1038,
267ede23-c29c-4d21-beee-f7bfce2cc546_d,46.538487,30.740533,1040,
267ede23-c29c-4d21-beee-f7bfce2cc546_d,46.53849,30.74053,1045,
267ede23-c29c-4d21-beee-f7bfce2cc546_d,46.53933,30.74157,1047,
267ede23-c29c-4d21-beee-f7bfce2cc546_d,46.54002,30.74239,1049,
267ede23-c29c-4d21-beee-f7bfce2cc546_d,46.54101,30.74357,1051,
267ede23-c29c-4d21-beee-f7bfce2cc546_d,46.54225,30.74511,1053,
267ede23-c29c-4d21-beee-f7bfce2cc546_d,46.54276,30.74567,1055,
267ede23-c29c-4d21-beee-f7bfce2cc546_d,46.542758,30.745674,1057,
267ede23-c29c-4d21-beee-f7bfce2cc546_d,46.54276,30.74567,1062,
267ede23-c29c-4d21-beee-f7bfce2cc546_d,46.54417,30.74746,1064,
267ede23-c29c-4d21-beee-f7bfce2cc546_d,46.54473,30.74814,1066,
267ede23-c29c-4d21-beee-f7bfce2cc546_d,46.54584,30.7495,1068,
267ede23-c29c-4d21-beee-f7bfce2cc546_d,46.54733,30.7513,1070,
267ede23-c29c-4d21-beee-f7bfce2cc546_d,46.54783,30.75193,1072,
267ede23-c29c-4d21-beee-f7bfce2cc546_d,46.547568255546636,30.75154781341553,1074,
267ede23-c29c-4d21-beee-f7bfce2cc546_d,46.54784,30.75193,1079,
267ede23-c29c-4d21-beee-f7bfce2cc546_d,46.5492,30.75353,1081,
267ede23-c29c-4d21-beee-f7bfce2cc546_d,46.54927,30.75363,1083,
267ede23-c29c-4d21-beee-f7bfce2cc546_d,46.55081,30.75548,1085,
267ede23-c29c-4d21-beee-f7bfce2cc546_d,46.55085171320204,30.755458474159244,1087,
267ede23-c29c-4d21-beee-f7bfce2cc546_d,46.55081,30.75548,1092,
267ede23-c29c-4d21-beee-f7bfce2cc546_d,46.55098,30.75578,1094,
267ede23-c29c-4d21-beee-f7bfce2cc546_d,46.55124,30.7564,1096,
267ede23-c29c-4d21-beee-f7bfce2cc546_d,46.55225,30.75929,1098,
267ede23-c29c-4d21-beee-f7bfce2cc546_d,46.55342,30.76258,1100,
267ede23-c29c-4d21-beee-f7bfce2cc546_d,46.55346,30.76272,1102,
267ede23-c29c-4d21-beee-f7bfce2cc546_d,46.55344,30.76286,1104,
267ede23-c29c-4d21-beee-f7bfce2cc546_d,46.55342,30.76293,1106,
267ede23-c29c-4d21-beee-f7bfce2cc546_d,46.55338,30.76298,1108,
267ede23-c29c-4d21-beee-f7bfce2cc546_d,46.55332,30.76307,1110,
267ede23-c29c-4d21-beee-f7bfce2cc546_d,46.55323,30.76324,1112,
267ede23-c29c-4d21-beee-f7bfce2cc546_d,46.55318,30.76338,1114,
267ede23-c29c-4d21-beee-f7bfce2cc546_d,46.55319,30.76355,1116,
267ede23-c29c-4d21-beee-f7bfce2cc546_d,46.553319709593964,30.762223005294803,1118,
267ede23-c29c-4d21-beee-f7bfce2cc546_d,46.55319,30.76355,1123,
267ede23-c29c-4d21-beee-f7bfce2cc546_d,46.55323,30.76375,1125,
267ede23-c29c-4d21-beee-f7bfce2cc546_d,46.55328,30.76386,1127,
267ede23-c29c-4d21-beee-f7bfce2cc546_d,46.55334,30.76402,1129,
267ede23-c29c-4d21-beee-f7bfce2cc546_d,46.55353,30.76412,1131,
267ede23-c29c-4d21-beee-f7bfce2cc546_d,46.55374,30.7642,1133,
267ede23-c29c-4d21-beee-f7bfce2cc546_d,46.55385,30.76423,1135,
267ede23-c29c-4d21-beee-f7bfce2cc546_d,46.55394,30.76431,1137,
267ede23-c29c-4d21-beee-f7bfce2cc546_d,46.55399,30.76442,1139,
267ede23-c29c-4d21-beee-f7bfce2cc546_d,46.55403,30.76454,1141,
267ede23-c29c-4d21-beee-f7bfce2cc546_d,46.55448,30.76587,1143,
267ede23-c29c-4d21-beee-f7bfce2cc546_d,46.555,30.76744,1145,
267ede23-c29c-4d21-beee-f7bfce2cc546_d,46.55553,30.76898,1147,
267ede23-c29c-4d21-beee-f7bfce2cc546_d,46.55579,30.76973,1149,
267ede23-c29c-4d21-beee-f7bfce2cc546_d,46.55599,30.77017,1151,
267ede23-c29c-4d21-beee-f7bfce2cc546_d,46.55626,30.77059,1153,
267ede23-c29c-4d21-beee-f7bfce2cc546_d,46.55677,30.77137,1155,
267ede23-c29c-4d21-beee-f7bfce2cc546_d,46.55691,30.77161,1157,
267ede23-c29c-4d21-beee-f7bfce2cc546_d,46.55695,30.77174,1159,
267ede23-c29c-4d21-beee-f7bfce2cc546_d,46.55702,30.7719,1161,
267ede23-c29c-4d21-beee-f7bfce2cc546_d,46.55712,30.77198,1163,
267ede23-c29c-4d21-beee-f7bfce2cc546_d,46.55722,30.77198,1165,
267ede23-c29c-4d21-beee-f7bfce2cc546_d,46.55729,30.77196,1167,
267ede23-c29c-4d21-beee-f7bfce2cc546_d,46.55739,30.77189,1169,
267ede23-c29c-4d21-beee-f7bfce2cc546_d,46.55748,30.77182,1171,
267ede23-c29c-4d21-beee-f7bfce2cc546_d,46.55758,30.77177,1173,
267ede23-c29c-4d21-beee-f7bfce2cc546_d,46.55769,30.77181,1175,
267ede23-c29c-4d21-beee-f7bfce2cc546_d,46.55783,30.77191,1177,
267ede23-c29c-4d21-beee-f7bfce2cc546_d,46.55783,30.77191,1179,
267ede23-c29c-4d21-beee-f7bfce2cc546_d,46.55782747904811,30.771889686584476,1181,
267ede23-c29c-4d21-beee-f7bfce2cc546_d,46.55783,30.77189,1186,
267ede23-c29c-4d21-beee-f7bfce2cc546_d,46.55822,30.77204,1188,
267ede23-c29c-4d21-beee-f7bfce2cc546_d,46.5586,30.77225,1190,
267ede23-c29c-4d21-beee-f7bfce2cc546_d,46.55907,30.77249,1192,
267ede23-c29c-4d21-beee-f7bfce2cc546_d,46.55956,30.77277,1194,
267ede23-c29c-4d21-beee-f7bfce2cc546_d,46.55997,30.77301,1196,
267ede23-c29c-4d21-beee-f7bfce2cc546_d,46.56102,30.77354,1198,
267ede23-c29c-4d21-beee-f7bfce2cc546_d,46.56168,30.77392,1200,
267ede23-c29c-4d21-beee-f7bfce2cc546_d,46.56246,30.77434,1202,
267ede23-c29c-4d21-beee-f7bfce2cc546_d,46.56259,30.77447,1204,
267ede23-c29c-4d21-beee-f7bfce2cc546_d,46.56259,30.77447,1206,
267ede23-c29c-4d21-beee-f7bfce2cc546_d,46.56258937209552,30.774469971656803,1208,
267ede23-c29c-4d21-beee-f7bfce2cc546_d,46.56259,30.77447,1213,
267ede23-c29c-4d21-beee-f7bfce2cc546_d,46.56259,30.77447,1215,
267ede23-c29c-4d21-beee-f7bfce2cc546_d,46.56283,30.77455,1217,
267ede23-c29c-4d21-beee-f7bfce2cc546_d,46.56314,30.77471,1219,
267ede23-c29c-4d21-beee-f7bfce2cc546_d,46.5641,30.77525,1221,
267ede23-c29c-4d21-beee-f7bfce2cc546_d,46.56489,30.77568,1223,
267ede23-c29c-4d21-beee-f7bfce2cc546_d,46.56508,30.7758,1225,
267ede23-c29c-4d21-beee-f7bfce2cc546_d,46.56516,30.77587,1227,
267ede23-c29c-4d21-beee-f7bfce2cc546_d,46.565164,30.775873,1229,
267ede23-c29c-4d21-beee-f7bfce2cc546_d,46.56516,30.77587,1234,
267ede23-c29c-4d21-beee-f7bfce2cc546_d,46.56539,30.77597,1236,
267ede23-c29c-4d21-beee-f7bfce2cc546_d,46.56577,30.77616,1238,
267ede23-c29c-4d21-beee-f7bfce2cc546_d,46.56686,30.77677,1240,
267ede23-c29c-4d21-beee-f7bfce2cc546_d,46.56758,30.77716,1242,
267ede23-c29c-4d21-beee-f7bfce2cc546_d,46.56802,30.77741,1244,
267ede23-c29c-4d21-beee-f7bfce2cc546_d,46.56936,30.77811,1246,
267ede23-c29c-4d21-beee-f7bfce2cc546_d,46.57063,30.77887,1248,
267ede23-c29c-4d21-beee-f7bfce2cc546_d,46.57069,30.77895,1250,
267ede23-c29c-4d21-beee-f7bfce2cc546_d,46.57069,30.77896,1252,
267ede23-c29c-4d21-beee-f7bfce2cc546_d,46.570685,30.778944,1254,
267ede23-c29c-4d21-beee-f7bfce2cc546_d,46.57069,30.77894,1259,
267ede23-c29c-4d21-beee-f7bfce2cc546_d,46.57086,30.779,1261,
267ede23-c29c-4d21-beee-f7bfce2cc546_d,46.57159,30.77938,1263,
267ede23-c29c-4d21-beee-f7bfce2cc546_d,46.57254,30.77989,1265,
267ede23-c29c-4d21-beee-f7bfce2cc546_d,46.57388,30.78061,1267,
267ede23-c29c-4d21-beee-f7bfce2cc546_d,46.57388935697318,30.780585408210758,1269,
267ede23-c29c-4d21-beee-f7bfce2cc546_d,46.57388,30.78062,1274,
267ede23-c29c-4d21-beee-f7bfce2cc546_d,46.57469,30.78108,1276,
267ede23-c29c-4d21-beee-f7bfce2cc546_d,46.57571,30.78166,1278,
267ede23-c29c-4d21-beee-f7bfce2cc546_d,46.57732,30.78256,1280,
267ede23-c29c-4d21-beee-f7bfce2cc546_d,46.577313,30.782554,1282,
267ede23-c29c-4d21-beee-f7bfce2cc546_d,46.57731,30.78255,1287,
267ede23-c29c-4d21-beee-f7bfce2cc546_d,46.57748,30.78261,1289,
267ede23-c29c-4d21-beee-f7bfce2cc546_d,46.57885,30.78337,1291,
267ede23-c29c-4d21-beee-f7bfce2cc546_d,46.57997,30.78398,1293,
267ede23-c29c-4d21-beee-f7bfce2cc546_d,46.58052,30.78427,1295,
267ede23-c29c-4d21-beee-f7bfce2cc546_d,46.58112,30.7846,1297,
267ede23-c29c-4d21-beee-f7bfce2cc546_d,46.58127,30.78471,1299,
267ede23-c29c-4d21-beee-f7bfce2cc546_d,46.58128249191699,30.784667730331424,1301,
267ede23-c29c-4d21-beee-f7bfce2cc546_d,46.58128,30.78471,1306,
267ede23-c29c-4d21-beee-f7bfce2cc546_d,46.5814,30.78473,1308,
267ede23-c29c-4d21-beee-f7bfce2cc546_d,46.58166,30.78486,1310,
267ede23-c29c-4d21-beee-f7bfce2cc546_d,46.58184,30.785,1312,
267ede23-c29c-4d21-beee-f7bfce2cc546_d,46.58198,30.78516,1314,
267ede23-c29c-4d21-beee-f7bfce2cc546_d,46.58263,30.78579,1316,
267ede23-c29c-4d21-beee-f7bfce2cc546_d,46.58355,30.78694,1318,
267ede23-c29c-4d21-beee-f7bfce2cc546_d,46.58468,30.78836,1320,
267ede23-c29c-4d21-beee-f7bfce2cc546_d,46.584669,30.788361,1322,
267ede23-c29c-4d21-beee-f7bfce2cc546_d,46.58467,30.78836,1327,
267ede23-c29c-4d21-beee-f7bfce2cc546_d,46.58535,30.78919,1329,
267ede23-c29c-4d21-beee-f7bfce2cc546_d,46.58605,30.79009,1331,
267ede23-c29c-4d21-beee-f7bfce2cc546_d,46.58692,30.79119,1333,
267ede23-c29c-4d21-beee-f7bfce2cc546_d,46.58849,30.79319,1335,
267ede23-c29c-4d21-beee-f7bfce2cc546_d,46.58865,30.79343,1337,
267ede23-c29c-4d21-beee-f7bfce2cc546_d,46.588658,30.793428,1339,
267ede23-c29c-4d21-beee-f7bfce2cc546_d,46.58866,30.79343,1344,
267ede23-c29c-4d21-beee-f7bfce2cc546_d,46.58924,30.79414,1346,
267ede23-c29c-4d21-beee-f7bfce2cc546_d,46.59005,30.79518,1348,
267ede23-c29c-4d21-beee-f7bfce2cc546_d,46.59103,30.79642,1350,
267ede23-c29c-4d21-beee-f7bfce2cc546_d,46.59131,30.79669,1352,
267ede23-c29c-4d21-beee-f7bfce2cc546_d,46.59174,30.7972,1354,
267ede23-c29c-4d21-beee-f7bfce2cc546_d,46.59182,30.79736,1356,
267ede23-c29c-4d21-beee-f7bfce2cc546_d,46.59182,30.797365,1358,
267ede23-c29c-4d21-beee-f7bfce2cc546_d,46.59182,30.79737,1363,
267ede23-c29c-4d21-beee-f7bfce2cc546_d,46.59191,30.79745,1365,
267ede23-c29c-4d21-beee-f7bfce2cc546_d,46.59222,30.79781,1367,
267ede23-c29c-4d21-beee-f7bfce2cc546_d,46.59313,30.79896,1369,
267ede23-c29c-4d21-beee-f7bfce2cc546_d,46.59405,30.80015,1371,
267ede23-c29c-4d21-beee-f7bfce2cc546_d,46.59483,30.8012,1373,
267ede23-c29c-4d21-beee-f7bfce2cc546_d,46.59483,30.80118,1375,
267ede23-c29c-4d21-beee-f7bfce2cc546_d,46.59483,30.80118,1380,
267ede23-c29c-4d21-beee-f7bfce2cc546_d,46.59621,30.80287,1382,
267ede23-c29c-4d21-beee-f7bfce2cc546_d,46.59664,30.80357,1384,
267ede23-c29c-4d21-beee-f7bfce2cc546_d,46.59707,30.80427,1386,
267ede23-c29c-4d21-beee-f7bfce2cc546_d,46.59717,30.80434,1388,
267ede23-c29c-4d21-beee-f7bfce2cc546_d,46.59728,30.80433,1390,
267ede23-c29c-4d21-beee-f7bfce2cc546_d,46.59738,30.80427,1392,
267ede23-c29c-4d21-beee-f7bfce2cc546_d,46.59748,30.80421,1394,
267ede23-c29c-4d21-beee-f7bfce2cc546_d,46.597451690791615,30.804178118705753,1396,
c67502d3-0ec8-486a-b8c3-3831432c41ac_d,46.424657578154445,30.706062912940983,1,
c67502d3-0ec8-486a-b8c3-3831432c41ac_d,46.42463,30.70609,6,
c67502d3-0ec8-486a-b8c3-3831432c41ac_d,46.4247,30.70599,8,
c67502d3-0ec8-486a-b8c3-3831432c41ac_d,46.42494,30.70634,10,
c67502d3-0ec8-486a-b8c3-3831432c41ac_d,46.4255,30.70715,12,
c67502d3-0ec8-486a-b8c3-3831432c41ac_d,46.42618,30.70814,14,
c67502d3-0ec8-486a-b8c3-3831432c41ac_d,46.42666,30.70885,16,
c67502d3-0ec8-486a-b8c3-3831432c41ac_d,46.42681,30.70908,18,
c67502d3-0ec8-486a-b8c3-3831432c41ac_d,46.42687,30.70915,20,
c67502d3-0ec8-486a-b8c3-3831432c41ac_d,46.42696,30.7093,22,
c67502d3-0ec8-486a-b8c3-3831432c41ac_d,46.42699,30.70934,24,
c67502d3-0ec8-486a-b8c3-3831432c41ac_d,46.42693,30.70942,26,
c67502d3-0ec8-486a-b8c3-3831432c41ac_d,46.426920545212866,30.70937812328339,28,
c67502d3-0ec8-486a-b8c3-3831432c41ac_d,46.42693,30.70942,33,
c67502d3-0ec8-486a-b8c3-3831432c41ac_d,46.42699,30.70934,35,
c67502d3-0ec8-486a-b8c3-3831432c41ac_d,46.42777,30.7105,37,
c67502d3-0ec8-486a-b8c3-3831432c41ac_d,46.42805,30.71093,39,
c67502d3-0ec8-486a-b8c3-3831432c41ac_d,46.42846,30.71157,41,
c67502d3-0ec8-486a-b8c3-3831432c41ac_d,46.42887,30.71217,43,
c67502d3-0ec8-486a-b8c3-3831432c41ac_d,46.42915,30.71258,45,
c67502d3-0ec8-486a-b8c3-3831432c41ac_d,46.42934,30.7129,47,
c67502d3-0ec8-486a-b8c3-3831432c41ac_d,46.42975,30.71348,49,
c67502d3-0ec8-486a-b8c3-3831432c41ac_d,46.42977,30.7135,51,
c67502d3-0ec8-486a-b8c3-3831432c41ac_d,46.42972,30.71357,53,
c67502d3-0ec8-486a-b8c3-3831432c41ac_d,46.42967147668638,30.713428258895878,55,
c67502d3-0ec8-486a-b8c3-3831432c41ac_d,46.42972,30.71357,60,
c67502d3-0ec8-486a-b8c3-3831432c41ac_d,46.42977,30.7135,62,
c67502d3-0ec8-486a-b8c3-3831432c41ac_d,46.43011,30.71402,64,
c67502d3-0ec8-486a-b8c3-3831432c41ac_d,46.43037,30.71438,66,
c67502d3-0ec8-486a-b8c3-3831432c41ac_d,46.43065,30.71481,68,
c67502d3-0ec8-486a-b8c3-3831432c41ac_d,46.43075,30.71494,70,
c67502d3-0ec8-486a-b8c3-3831432c41ac_d,46.4308,30.71503,72,
c67502d3-0ec8-486a-b8c3-3831432c41ac_d,46.43121,30.71558,74,
c67502d3-0ec8-486a-b8c3-3831432c41ac_d,46.43161,30.71619,76,
c67502d3-0ec8-486a-b8c3-3831432c41ac_d,46.43209,30.71683,78,
c67502d3-0ec8-486a-b8c3-3831432c41ac_d,46.43219,30.71698,80,
c67502d3-0ec8-486a-b8c3-3831432c41ac_d,46.43226,30.71707,82,
c67502d3-0ec8-486a-b8c3-3831432c41ac_d,46.43246,30.71737,84,
c67502d3-0ec8-486a-b8c3-3831432c41ac_d,46.4324,30.71747,86,
c67502d3-0ec8-486a-b8c3-3831432c41ac_d,46.432396,30.71747,88,
c67502d3-0ec8-486a-b8c3-3831432c41ac_d,46.4324,30.71747,93,
c67502d3-0ec8-486a-b8c3-3831432c41ac_d,46.43246,30.71737,95,
c67502d3-0ec8-486a-b8c3-3831432c41ac_d,46.43249,30.71741,97,
c67502d3-0ec8-486a-b8c3-3831432c41ac_d,46.43318,30.71846,99,
c67502d3-0ec8-486a-b8c3-3831432c41ac_d,46.43327,30.71855,101,
c67502d3-0ec8-486a-b8c3-3831432c41ac_d,46.43342,30.71878,103,
c67502d3-0ec8-486a-b8c3-3831432c41ac_d,46.43399,30.71962,105,
c67502d3-0ec8-486a-b8c3-3831432c41ac_d,46.4346,30.7205,107,
c67502d3-0ec8-486a-b8c3-3831432c41ac_d,46.43485,30.72088,109,
c67502d3-0ec8-486a-b8c3-3831432c41ac_d,46.43496,30.72103,111,
c67502d3-0ec8-486a-b8c3-3831432c41ac_d,46.43509,30.72123,113,
c67502d3-0ec8-486a-b8c3-3831432c41ac_d,46.43528,30.72152,115,
c67502d3-0ec8-486a-b8c3-3831432c41ac_d,46.43522,30.72161,117,
c67502d3-0ec8-486a-b8c3-3831432c41ac_d,46.435215,30.721609,119,
c67502d3-0ec8-486a-b8c3-3831432c41ac_d,46.43522,30.72161,124,
c67502d3-0ec8-486a-b8c3-3831432c41ac_d,46.43528,30.72152,126,
c67502d3-0ec8-486a-b8c3-3831432c41ac_d,46.4353,30.72155,128,
c67502d3-0ec8-486a-b8c3-3831432c41ac_d,46.43558,30.72194,130,
c67502d3-0ec8-486a-b8c3-3831432c41ac_d,46.43567,30.72209,132,
c67502d3-0ec8-486a-b8c3-3831432c41ac_d,46.43625,30.72292,134,
c67502d3-0ec8-486a-b8c3-3831432c41ac_d,46.4364,30.72316,136,
c67502d3-0ec8-486a-b8c3-3831432c41ac_d,46.43644,30.7232,138,
c67502d3-0ec8-486a-b8c3-3831432c41ac_d,46.43661,30.72346,140,
c67502d3-0ec8-486a-b8c3-3831432c41ac_d,46.43685,30.72382,142,
c67502d3-0ec8-486a-b8c3-3831432c41ac_d,46.43702,30.72406,144,
c67502d3-0ec8-486a-b8c3-3831432c41ac_d,46.43736,30.72455,146,
c67502d3-0ec8-486a-b8c3-3831432c41ac_d,46.43758,30.72488,148,
c67502d3-0ec8-486a-b8c3-3831432c41ac_d,46.4377,30.72507,150,
c67502d3-0ec8-486a-b8c3-3831432c41ac_d,46.43773,30.72531,152,
c67502d3-0ec8-486a-b8c3-3831432c41ac_d,46.43767,30.72548,154,
c67502d3-0ec8-486a-b8c3-3831432c41ac_d,46.43761,30.72569,156,
c67502d3-0ec8-486a-b8c3-3831432c41ac_d,46.43758,30.72604,158,
c67502d3-0ec8-486a-b8c3-3831432c41ac_d,46.43755,30.72624,160,
c67502d3-0ec8-486a-b8c3-3831432c41ac_d,46.43755,30.72651,162,
c67502d3-0ec8-486a-b8c3-3831432c41ac_d,46.43752,30.72664,164,
c67502d3-0ec8-486a-b8c3-3831432c41ac_d,46.43751,30.72679,166,
c67502d3-0ec8-486a-b8c3-3831432c41ac_d,46.43743,30.72705,168,
c67502d3-0ec8-486a-b8c3-3831432c41ac_d,46.43750569409824,30.726909041404728,170,
c67502d3-0ec8-486a-b8c3-3831432c41ac_d,46.43745,30.72706,175,
c67502d3-0ec8-486a-b8c3-3831432c41ac_d,46.43739,30.72816,177,
c67502d3-0ec8-486a-b8c3-3831432c41ac_d,46.4373,30.72911,179,
c67502d3-0ec8-486a-b8c3-3831432c41ac_d,46.43726,30.72961,181,
c67502d3-0ec8-486a-b8c3-3831432c41ac_d,46.43713,30.73081,183,
c67502d3-0ec8-486a-b8c3-3831432c41ac_d,46.43706,30.73152,185,
c67502d3-0ec8-486a-b8c3-3831432c41ac_d,46.43708424999919,30.731441974639893,187,
c67502d3-0ec8-486a-b8c3-3831432c41ac_d,46.43706,30.73152,192,
c67502d3-0ec8-486a-b8c3-3831432c41ac_d,46.43696,30.73283,194,
c67502d3-0ec8-486a-b8c3-3831432c41ac_d,46.43677,30.7346,196,
c67502d3-0ec8-486a-b8c3-3831432c41ac_d,46.43658,30.73622,198,
c67502d3-0ec8-486a-b8c3-3831432c41ac_d,46.43655,30.73696,200,
c67502d3-0ec8-486a-b8c3-3831432c41ac_d,46.43657777339239,30.736924409866337,202,
c67502d3-0ec8-486a-b8c3-3831432c41ac_d,46.43655,30.73696,207,
c67502d3-0ec8-486a-b8c3-3831432c41ac_d,46.43653,30.73727,209,
c67502d3-0ec8-486a-b8c3-3831432c41ac_d,46.4364,30.73884,211,
c67502d3-0ec8-486a-b8c3-3831432c41ac_d,46.43624,30.7405,213,
c67502d3-0ec8-486a-b8c3-3831432c41ac_d,46.43612,30.74141,215,
c67502d3-0ec8-486a-b8c3-3831432c41ac_d,46.43614,30.74166,217,
c67502d3-0ec8-486a-b8c3-3831432c41ac_d,46.43616,30.74186,219,
c67502d3-0ec8-486a-b8c3-3831432c41ac_d,46.4362117764181,30.74182748794556,221,
c67502d3-0ec8-486a-b8c3-3831432c41ac_d,46.43616,30.74186,226,
c67502d3-0ec8-486a-b8c3-3831432c41ac_d,46.43641,30.74243,228,
c67502d3-0ec8-486a-b8c3-3831432c41ac_d,46.43685,30.74354,230,
c67502d3-0ec8-486a-b8c3-3831432c41ac_d,46.43724,30.74455,232,
c67502d3-0ec8-486a-b8c3-3831432c41ac_d,46.43767,30.74561,234,
c67502d3-0ec8-486a-b8c3-3831432c41ac_d,46.43776,30.74584,236,
c67502d3-0ec8-486a-b8c3-3831432c41ac_d,46.4378,30.746,238,
c67502d3-0ec8-486a-b8c3-3831432c41ac_d,46.43794,30.74653,240,
c67502d3-0ec8-486a-b8c3-3831432c41ac_d,46.43794,30.74678,242,
c67502d3-0ec8-486a-b8c3-3831432c41ac_d,46.437934,30.746774,244,
c67502d3-0ec8-486a-b8c3-3831432c41ac_d,46.43793,30.74677,249,
c67502d3-0ec8-486a-b8c3-3831432c41ac_d,46.43802,30.74693,251,
c67502d3-0ec8-486a-b8c3-3831432c41ac_d,46.43809,30.74715,253,
c67502d3-0ec8-486a-b8c3-3831432c41ac_d,46.43822,30.74775,255,
c67502d3-0ec8-486a-b8c3-3831432c41ac_d,46.43839,30.74857,257,
c67502d3-0ec8-486a-b8c3-3831432c41ac_d,46.43852,30.74912,259,
c67502d3-0ec8-486a-b8c3-3831432c41ac_d,46.43865,30.74993,261,
c67502d3-0ec8-486a-b8c3-3831432c41ac_d,46.43873,30.75026,263,
c67502d3-0ec8-486a-b8c3-3831432c41ac_d,46.43881,30.7506,265,
c67502d3-0ec8-486a-b8c3-3831432c41ac_d,46.43903,30.75152,267,
c67502d3-0ec8-486a-b8c3-3831432c41ac_d,46.43934,30.75282,269,
c67502d3-0ec8-486a-b8c3-3831432c41ac_d,46.43946,30.75344,271,
c67502d3-0ec8-486a-b8c3-3831432c41ac_d,46.43957,30.75378,273,
c67502d3-0ec8-486a-b8c3-3831432c41ac_d,46.4395,30.75381,275,
c67502d3-0ec8-486a-b8c3-3831432c41ac_d,46.43954632468552,30.75380623340607,277,
c67502d3-0ec8-486a-b8c3-3831432c41ac_d,46.43951,30.75382,282,
c67502d3-0ec8-486a-b8c3-3831432c41ac_d,46.43958,30.75379,284,
c67502d3-0ec8-486a-b8c3-3831432c41ac_d,46.43958,30.7538,286,
c67502d3-0ec8-486a-b8c3-3831432c41ac_d,46.43977,30.75471,288,
c67502d3-0ec8-486a-b8c3-3831432c41ac_d,46.43981,30.75489,290,
c67502d3-0ec8-486a-b8c3-3831432c41ac_d,46.43996,30.75558,292,
c67502d3-0ec8-486a-b8c3-3831432c41ac_d,46.43999,30.75571,294,
c67502d3-0ec8-486a-b8c3-3831432c41ac_d,46.44001,30.75581,296,
c67502d3-0ec8-486a-b8c3-3831432c41ac_d,46.44004,30.75593,298,
c67502d3-0ec8-486a-b8c3-3831432c41ac_d,46.44005,30.75604,300,
c67502d3-0ec8-486a-b8c3-3831432c41ac_d,46.44002,30.75612,302,
c67502d3-0ec8-486a-b8c3-3831432c41ac_d,46.43998,30.75618,304,
c67502d3-0ec8-486a-b8c3-3831432c41ac_d,46.43995,30.75623,306,
c67502d3-0ec8-486a-b8c3-3831432c41ac_d,46.43992,30.75627,308,
c67502d3-0ec8-486a-b8c3-3831432c41ac_d,46.43988,30.7563,310,
c67502d3-0ec8-486a-b8c3-3831432c41ac_d,46.4398,30.75635,312,
c67502d3-0ec8-486a-b8c3-3831432c41ac_d,46.43976,30.75635,314,
c67502d3-0ec8-486a-b8c3-3831432c41ac_d,46.43969,30.75635,316,
c67502d3-0ec8-486a-b8c3-3831432c41ac_d,46.43963,30.75638,318,
c67502d3-0ec8-486a-b8c3-3831432c41ac_d,46.43956,30.75642,320,
c67502d3-0ec8-486a-b8c3-3831432c41ac_d,46.43952,30.75648,322,
c67502d3-0ec8-486a-b8c3-3831432c41ac_d,46.43948,30.75655,324,
c67502d3-0ec8-486a-b8c3-3831432c41ac_d,46.43943,30.75663,326,
c67502d3-0ec8-486a-b8c3-3831432c41ac_d,46.4394,30.75673,328,
c67502d3-0ec8-486a-b8c3-3831432c41ac_d,46.43939,30.75683,330,
c67502d3-0ec8-486a-b8c3-3831432c41ac_d,46.43939,30.75692,332,
c67502d3-0ec8-486a-b8c3-3831432c41ac_d,46.43942,30.75704,334,
c67502d3-0ec8-486a-b8c3-3831432c41ac_d,46.43946,30.75712,336,
c67502d3-0ec8-486a-b8c3-3831432c41ac_d,46.4395,30.75719,338,
c67502d3-0ec8-486a-b8c3-3831432c41ac_d,46.43955,30.75725,340,
c67502d3-0ec8-486a-b8c3-3831432c41ac_d,46.43962,30.75729,342,
c67502d3-0ec8-486a-b8c3-3831432c41ac_d,46.43971,30.75732,344,
c67502d3-0ec8-486a-b8c3-3831432c41ac_d,46.44022,30.75742,346,
c67502d3-0ec8-486a-b8c3-3831432c41ac_d,46.44037,30.75742,348,
c67502d3-0ec8-486a-b8c3-3831432c41ac_d,46.44046,30.75736,350,
c67502d3-0ec8-486a-b8c3-3831432c41ac_d,46.44062,30.75727,352,
c67502d3-0ec8-486a-b8c3-3831432c41ac_d,46.44071,30.75724,354,
c67502d3-0ec8-486a-b8c3-3831432c41ac_d,46.44078,30.7572,356,
c67502d3-0ec8-486a-b8c3-3831432c41ac_d,46.44088,30.75718,358,
c67502d3-0ec8-486a-b8c3-3831432c41ac_d,46.44095,30.75716,360,
c67502d3-0ec8-486a-b8c3-3831432c41ac_d,46.44111,30.7572,362,
c67502d3-0ec8-486a-b8c3-3831432c41ac_d,46.4411,30.75728,364,
c67502d3-0ec8-486a-b8c3-3831432c41ac_d,46.44111741029474,30.757250189781193,366,
c67502d3-0ec8-486a-b8c3-3831432c41ac_d,46.44111,30.75727,371,
c67502d3-0ec8-486a-b8c3-3831432c41ac_d,46.44112,30.75719,373,
c67502d3-0ec8-486a-b8c3-3831432c41ac_d,46.44113,30.75719,375,
c67502d3-0ec8-486a-b8c3-3831432c41ac_d,46.44197,30.75741,377,
c67502d3-0ec8-486a-b8c3-3831432c41ac_d,46.44394,30.75794,379,
c67502d3-0ec8-486a-b8c3-3831432c41ac_d,46.44445,30.75809,381,
c67502d3-0ec8-486a-b8c3-3831432c41ac_d,46.44525,30.75833,383,
c67502d3-0ec8-486a-b8c3-3831432c41ac_d,46.44581,30.75846,385,
c67502d3-0ec8-486a-b8c3-3831432c41ac_d,46.44589,30.75848,387,
c67502d3-0ec8-486a-b8c3-3831432c41ac_d,46.44596,30.75846,389,
c67502d3-0ec8-486a-b8c3-3831432c41ac_d,46.44602,30.75841,391,
c67502d3-0ec8-486a-b8c3-3831432c41ac_d,46.44611,30.75837,393,
c67502d3-0ec8-486a-b8c3-3831432c41ac_d,46.44621,30.75831,395,
c67502d3-0ec8-486a-b8c3-3831432c41ac_d,46.44634,30.75822,397,
c67502d3-0ec8-486a-b8c3-3831432c41ac_d,46.44645,30.75814,399,
c67502d3-0ec8-486a-b8c3-3831432c41ac_d,46.44664,30.75801,401,
c67502d3-0ec8-486a-b8c3-3831432c41ac_d,46.4467,30.75797,403,
c67502d3-0ec8-486a-b8c3-3831432c41ac_d,46.44674,30.75808,405,
c67502d3-0ec8-486a-b8c3-3831432c41ac_d,46.44673228478528,30.7580441236496,407,
c67502d3-0ec8-486a-b8c3-3831432c41ac_d,46.44673,30.75808,412,
c67502d3-0ec8-486a-b8c3-3831432c41ac_d,46.44669,30.75797,414,
c67502d3-0ec8-486a-b8c3-3831432c41ac_d,46.44861,30.75661,416,
c67502d3-0ec8-486a-b8c3-3831432c41ac_d,46.44955,30.75597,418,
c67502d3-0ec8-486a-b8c3-3831432c41ac_d,46.45022,30.75552,420,
c67502d3-0ec8-486a-b8c3-3831432c41ac_d,46.4503,30.75545,422,
c67502d3-0ec8-486a-b8c3-3831432c41ac_d,46.45077,30.75513,424,
c67502d3-0ec8-486a-b8c3-3831432c41ac_d,46.45082,30.75511,426,
c67502d3-0ec8-486a-b8c3-3831432c41ac_d,46.45112,30.7549,428,
c67502d3-0ec8-486a-b8c3-3831432c41ac_d,46.4515,30.75462,430,
c67502d3-0ec8-486a-b8c3-3831432c41ac_d,46.45152,30.75461,432,
c67502d3-0ec8-486a-b8c3-3831432c41ac_d,46.45155,30.75471,434,
c67502d3-0ec8-486a-b8c3-3831432c41ac_d,46.451522398278016,30.754664540290836,436,
c67502d3-0ec8-486a-b8c3-3831432c41ac_d,46.45155,30.75471,441,
c67502d3-0ec8-486a-b8c3-3831432c41ac_d,46.45152,30.75461,443,
c67502d3-0ec8-486a-b8c3-3831432c41ac_d,46.45161,30.75455,445,
c67502d3-0ec8-486a-b8c3-3831432c41ac_d,46.45241,30.75399,447,
c67502d3-0ec8-486a-b8c3-3831432c41ac_d,46.45277,30.75372,449,
c67502d3-0ec8-486a-b8c3-3831432c41ac_d,46.45298,30.75359,451,
c67502d3-0ec8-486a-b8c3-3831432c41ac_d,46.45324,30.75339,453,
c67502d3-0ec8-486a-b8c3-3831432c41ac_d,46.45359,30.75314,455,
c67502d3-0ec8-486a-b8c3-3831432c41ac_d,46.45378,30.75301,457,
c67502d3-0ec8-486a-b8c3-3831432c41ac_d,46.45389,30.75292,459,
c67502d3-0ec8-486a-b8c3-3831432c41ac_d,46.45405,30.75281,461,
c67502d3-0ec8-486a-b8c3-3831432c41ac_d,46.45407,30.75286,463,
c67502d3-0ec8-486a-b8c3-3831432c41ac_d,46.454071,30.752865,465,
c67502d3-0ec8-486a-b8c3-3831432c41ac_d,46.45407,30.75287,470,
c67502d3-0ec8-486a-b8c3-3831432c41ac_d,46.45405,30.75282,472,
c67502d3-0ec8-486a-b8c3-3831432c41ac_d,46.45414,30.75276,474,
c67502d3-0ec8-486a-b8c3-3831432c41ac_d,46.45464,30.75242,476,
c67502d3-0ec8-486a-b8c3-3831432c41ac_d,46.4547,30.75235,478,
c67502d3-0ec8-486a-b8c3-3831432c41ac_d,46.45584,30.75156,480,
c67502d3-0ec8-486a-b8c3-3831432c41ac_d,46.45642,30.75113,482,
c67502d3-0ec8-486a-b8c3-3831432c41ac_d,46.45697,30.75071,484,
c67502d3-0ec8-486a-b8c3-3831432c41ac_d,46.4573,30.75048,486,
c67502d3-0ec8-486a-b8c3-3831432c41ac_d,46.45754,30.7503,488,
c67502d3-0ec8-486a-b8c3-3831432c41ac_d,46.45758,30.75042,490,
c67502d3-0ec8-486a-b8c3-3831432c41ac_d,46.45758,30.750412,492,
c67502d3-0ec8-486a-b8c3-3831432c41ac_d,46.45758,30.75041,497,
c67502d3-0ec8-486a-b8c3-3831432c41ac_d,46.45754,30.75029,499,
c67502d3-0ec8-486a-b8c3-3831432c41ac_d,46.45803,30.74992,501,
c67502d3-0ec8-486a-b8c3-3831432c41ac_d,46.45816,30.74983,503,
c67502d3-0ec8-486a-b8c3-3831432c41ac_d,46.45826,30.74977,505,
c67502d3-0ec8-486a-b8c3-3831432c41ac_d,46.45835,30.74975,507,
c67502d3-0ec8-486a-b8c3-3831432c41ac_d,46.45839,30.74972,509,
c67502d3-0ec8-486a-b8c3-3831432c41ac_d,46.45844,30.7497,511,
c67502d3-0ec8-486a-b8c3-3831432c41ac_d,46.45914,30.74979,513,
c67502d3-0ec8-486a-b8c3-3831432c41ac_d,46.45981,30.74987,515,
c67502d3-0ec8-486a-b8c3-3831432c41ac_d,46.46007,30.74992,517,
c67502d3-0ec8-486a-b8c3-3831432c41ac_d,46.46028,30.74994,519,
c67502d3-0ec8-486a-b8c3-3831432c41ac_d,46.46039,30.74996,521,
c67502d3-0ec8-486a-b8c3-3831432c41ac_d,46.46071,30.75,523,
c67502d3-0ec8-486a-b8c3-3831432c41ac_d,46.46092,30.75005,525,
c67502d3-0ec8-486a-b8c3-3831432c41ac_d,46.46096,30.75006,527,
c67502d3-0ec8-486a-b8c3-3831432c41ac_d,46.46095,30.75021,529,
c67502d3-0ec8-486a-b8c3-3831432c41ac_d,46.46095,30.750207,531,
c67502d3-0ec8-486a-b8c3-3831432c41ac_d,46.46095,30.75021,536,
c67502d3-0ec8-486a-b8c3-3831432c41ac_d,46.46096,30.75006,538,
c67502d3-0ec8-486a-b8c3-3831432c41ac_d,46.46105,30.75007,540,
c67502d3-0ec8-486a-b8c3-3831432c41ac_d,46.46185,30.75017,542,
c67502d3-0ec8-486a-b8c3-3831432c41ac_d,46.46202,30.75017,544,
c67502d3-0ec8-486a-b8c3-3831432c41ac_d,46.46215,30.75015,546,
c67502d3-0ec8-486a-b8c3-3831432c41ac_d,46.46221,30.75015,548,
c67502d3-0ec8-486a-b8c3-3831432c41ac_d,46.46311,30.75028,550,
c67502d3-0ec8-486a-b8c3-3831432c41ac_d,46.4631,30.75051,552,
c67502d3-0ec8-486a-b8c3-3831432c41ac_d,46.463118937512256,30.750378370285038,554,
c67502d3-0ec8-486a-b8c3-3831432c41ac_d,46.4631,30.75051,559,
c67502d3-0ec8-486a-b8c3-3831432c41ac_d,46.46311,30.75028,561,
c67502d3-0ec8-486a-b8c3-3831432c41ac_d,46.46322,30.7503,563,
c67502d3-0ec8-486a-b8c3-3831432c41ac_d,46.46404,30.75043,565,
c67502d3-0ec8-486a-b8c3-3831432c41ac_d,46.46412,30.7504,567,
c67502d3-0ec8-486a-b8c3-3831432c41ac_d,46.46418,30.74922,569,
c67502d3-0ec8-486a-b8c3-3831432c41ac_d,46.46421,30.74875,571,
c67502d3-0ec8-486a-b8c3-3831432c41ac_d,46.46494,30.74881,573,
c67502d3-0ec8-486a-b8c3-3831432c41ac_d,46.46518,30.74884,575,
c67502d3-0ec8-486a-b8c3-3831432c41ac_d,46.46627,30.74895,577,
c67502d3-0ec8-486a-b8c3-3831432c41ac_d,46.46706,30.74906,579,
c67502d3-0ec8-486a-b8c3-3831432c41ac_d,46.46706,30.74911,581,
c67502d3-0ec8-486a-b8c3-3831432c41ac_d,46.467056,30.749112,583,
c67502d3-0ec8-486a-b8c3-3831432c41ac_d,46.46706,30.74911,588,
c67502d3-0ec8-486a-b8c3-3831432c41ac_d,46.46706,30.74906,590,
c67502d3-0ec8-486a-b8c3-3831432c41ac_d,46.4673,30.74908,592,
c67502d3-0ec8-486a-b8c3-3831432c41ac_d,46.46775,30.74912,594,
c67502d3-0ec8-486a-b8c3-3831432c41ac_d,46.46775,30.74904,596,
c67502d3-0ec8-486a-b8c3-3831432c41ac_d,46.46777,30.74803,598,
c67502d3-0ec8-486a-b8c3-3831432c41ac_d,46.46779,30.74693,600,
c67502d3-0ec8-486a-b8c3-3831432c41ac_d,46.4679,30.7467,602,
c67502d3-0ec8-486a-b8c3-3831432c41ac_d,46.46796,30.74661,604,
c67502d3-0ec8-486a-b8c3-3831432c41ac_d,46.46803,30.74657,606,
c67502d3-0ec8-486a-b8c3-3831432c41ac_d,46.46813,30.74653,608,
c67502d3-0ec8-486a-b8c3-3831432c41ac_d,46.46828,30.74653,610,
c67502d3-0ec8-486a-b8c3-3831432c41ac_d,46.46831,30.74655,612,
c67502d3-0ec8-486a-b8c3-3831432c41ac_d,46.46831,30.74662,614,
c67502d3-0ec8-486a-b8c3-3831432c41ac_d,46.468308,30.746617,616,
c67502d3-0ec8-486a-b8c3-3831432c41ac_d,46.46831,30.74662,621,
c67502d3-0ec8-486a-b8c3-3831432c41ac_d,46.46831,30.74655,623,
c67502d3-0ec8-486a-b8c3-3831432c41ac_d,46.46914,30.74666,625,
c67502d3-0ec8-486a-b8c3-3831432c41ac_d,46.47049,30.74687,627,
c67502d3-0ec8-486a-b8c3-3831432c41ac_d,46.47067,30.74689,629,
c67502d3-0ec8-486a-b8c3-3831432c41ac_d,46.47107,30.74696,631,
c67502d3-0ec8-486a-b8c3-3831432c41ac_d,46.47127,30.74698,633,
c67502d3-0ec8-486a-b8c3-3831432c41ac_d,46.4714,30.747,635,
c67502d3-0ec8-486a-b8c3-3831432c41ac_d,46.47182,30.74706,637,
c67502d3-0ec8-486a-b8c3-3831432c41ac_d,46.47193,30.74708,639,
c67502d3-0ec8-486a-b8c3-3831432c41ac_d,46.472,30.74711,641,
c67502d3-0ec8-486a-b8c3-3831432c41ac_d,46.47208,30.74711,643,
c67502d3-0ec8-486a-b8c3-3831432c41ac_d,46.47258,30.74719,645,
c67502d3-0ec8-486a-b8c3-3831432c41ac_d,46.47257,30.74726,647,
c67502d3-0ec8-486a-b8c3-3831432c41ac_d,46.47259,30.74727,649,
c67502d3-0ec8-486a-b8c3-3831432c41ac_d,46.472588,30.747268,651,
c67502d3-0ec8-486a-b8c3-3831432c41ac_d,46.47259,30.74727,656,
c67502d3-0ec8-486a-b8c3-3831432c41ac_d,46.47257,30.74726,658,
c67502d3-0ec8-486a-b8c3-3831432c41ac_d,46.47258,30.74719,660,
c67502d3-0ec8-486a-b8c3-3831432c41ac_d,46.47264,30.74719,662,
c67502d3-0ec8-486a-b8c3-3831432c41ac_d,46.47356,30.74734,664,
c67502d3-0ec8-486a-b8c3-3831432c41ac_d,46.47386,30.74741,666,
c67502d3-0ec8-486a-b8c3-3831432c41ac_d,46.47416,30.74745,668,
c67502d3-0ec8-486a-b8c3-3831432c41ac_d,46.47436,30.74747,670,
c67502d3-0ec8-486a-b8c3-3831432c41ac_d,46.47442,30.74749,672,
c67502d3-0ec8-486a-b8c3-3831432c41ac_d,46.47464,30.74751,674,
c67502d3-0ec8-486a-b8c3-3831432c41ac_d,46.47487,30.74756,676,
c67502d3-0ec8-486a-b8c3-3831432c41ac_d,46.47496,30.74758,678,
c67502d3-0ec8-486a-b8c3-3831432c41ac_d,46.47511,30.7476,680,
c67502d3-0ec8-486a-b8c3-3831432c41ac_d,46.47524,30.74762,682,
c67502d3-0ec8-486a-b8c3-3831432c41ac_d,46.47556,30.74766,684,
c67502d3-0ec8-486a-b8c3-3831432c41ac_d,46.47614,30.74777,686,
c67502d3-0ec8-486a-b8c3-3831432c41ac_d,46.47657,30.74784,688,
c67502d3-0ec8-486a-b8c3-3831432c41ac_d,46.47658,30.74784,690,
c67502d3-0ec8-486a-b8c3-3831432c41ac_d,46.47658,30.74784,692,
c67502d3-0ec8-486a-b8c3-3831432c41ac_d,46.476578,30.747842,694,
c67502d3-0ec8-486a-b8c3-3831432c41ac_d,46.47658,30.74784,699,
c67502d3-0ec8-486a-b8c3-3831432c41ac_d,46.47658,30.74784,701,
c67502d3-0ec8-486a-b8c3-3831432c41ac_d,46.47758,30.74799,703,
c67502d3-0ec8-486a-b8c3-3831432c41ac_d,46.47766,30.74801,705,
c67502d3-0ec8-486a-b8c3-3831432c41ac_d,46.47876,30.74816,707,
c67502d3-0ec8-486a-b8c3-3831432c41ac_d,46.47903,30.7482,709,
c67502d3-0ec8-486a-b8c3-3831432c41ac_d,46.47946,30.74826,711,
c67502d3-0ec8-486a-b8c3-3831432c41ac_d,46.4797,30.74831,713,
c67502d3-0ec8-486a-b8c3-3831432c41ac_d,46.47978,30.74832,715,
c67502d3-0ec8-486a-b8c3-3831432c41ac_d,46.47978,30.74832,717,
c67502d3-0ec8-486a-b8c3-3831432c41ac_d,46.479778,30.74832,719,
c67502d3-0ec8-486a-b8c3-3831432c41ac_d,46.47978,30.74832,724,
c67502d3-0ec8-486a-b8c3-3831432c41ac_d,46.47978,30.74832,726,
c67502d3-0ec8-486a-b8c3-3831432c41ac_d,46.47983,30.74833,728,
c67502d3-0ec8-486a-b8c3-3831432c41ac_d,46.47998,30.74835,730,
c67502d3-0ec8-486a-b8c3-3831432c41ac_d,46.48047,30.74841,732,
c67502d3-0ec8-486a-b8c3-3831432c41ac_d,46.48073,30.74846,734,
c67502d3-0ec8-486a-b8c3-3831432c41ac_d,46.48101,30.7485,736,
c67502d3-0ec8-486a-b8c3-3831432c41ac_d,46.48129,30.74857,738,
c67502d3-0ec8-486a-b8c3-3831432c41ac_d,46.4817,30.74864,740,
c67502d3-0ec8-486a-b8c3-3831432c41ac_d,46.48181,30.74867,742,
c67502d3-0ec8-486a-b8c3-3831432c41ac_d,46.48197,30.74865,744,
c67502d3-0ec8-486a-b8c3-3831432c41ac_d,46.482,30.7479,746,
c67502d3-0ec8-486a-b8c3-3831432c41ac_d,46.482,30.74784,748,
c67502d3-0ec8-486a-b8c3-3831432c41ac_d,46.48202,30.7476,750,
c67502d3-0ec8-486a-b8c3-3831432c41ac_d,46.48203,30.74757,752,
c67502d3-0ec8-486a-b8c3-3831432c41ac_d,46.48209,30.74759,754,
c67502d3-0ec8-486a-b8c3-3831432c41ac_d,46.482087,30.747585,756,
c67502d3-0ec8-486a-b8c3-3831432c41ac_d,46.48209,30.74759,761,
c67502d3-0ec8-486a-b8c3-3831432c41ac_d,46.48203,30.74757,763,
c67502d3-0ec8-486a-b8c3-3831432c41ac_d,46.48206,30.74713,765,
c67502d3-0ec8-486a-b8c3-3831432c41ac_d,46.48208,30.74683,767,
c67502d3-0ec8-486a-b8c3-3831432c41ac_d,46.48212,30.74605,769,
c67502d3-0ec8-486a-b8c3-3831432c41ac_d,46.48219,30.74511,771,
c67502d3-0ec8-486a-b8c3-3831432c41ac_d,46.48221,30.74481,773,
c67502d3-0ec8-486a-b8c3-3831432c41ac_d,46.48225,30.74425,775,
c67502d3-0ec8-486a-b8c3-3831432c41ac_d,46.48227,30.74408,777,
c67502d3-0ec8-486a-b8c3-3831432c41ac_d,46.48227,30.74387,779,
c67502d3-0ec8-486a-b8c3-3831432c41ac_d,46.4823,30.74365,781,
c67502d3-0ec8-486a-b8c3-3831432c41ac_d,46.48232,30.74346,783,
c67502d3-0ec8-486a-b8c3-3831432c41ac_d,46.48234,30.74327,785,
c67502d3-0ec8-486a-b8c3-3831432c41ac_d,46.48236,30.74284,787,
c67502d3-0ec8-486a-b8c3-3831432c41ac_d,46.48242,30.74198,789,
c67502d3-0ec8-486a-b8c3-3831432c41ac_d,46.48245,30.74153,791,
c67502d3-0ec8-486a-b8c3-3831432c41ac_d,46.48247,30.74136,793,
c67502d3-0ec8-486a-b8c3-3831432c41ac_d,46.48247,30.74131,795,
c67502d3-0ec8-486a-b8c3-3831432c41ac_d,46.48251,30.74075,797,
c67502d3-0ec8-486a-b8c3-3831432c41ac_d,46.48242,30.74073,799,
c67502d3-0ec8-486a-b8c3-3831432c41ac_d,46.48223,30.74071,801,
c67502d3-0ec8-486a-b8c3-3831432c41ac_d,46.48191,30.74067,803,
c67502d3-0ec8-486a-b8c3-3831432c41ac_d,46.48193,30.74048,805,
c67502d3-0ec8-486a-b8c3-3831432c41ac_d,46.48202,30.74048,807,
c67502d3-0ec8-486a-b8c3-3831432c41ac_d,46.482022,30.740477,809,
cb12e0f6-9943-4b52-841d-8a02614cf762_d,46.466847191574054,30.738241648496377,1,
cb12e0f6-9943-4b52-841d-8a02614cf762_d,46.46671,30.73823,6,
cb12e0f6-9943-4b52-841d-8a02614cf762_d,46.46684,30.73825,8,
cb12e0f6-9943-4b52-841d-8a02614cf762_d,46.46681,30.73887,10,
cb12e0f6-9943-4b52-841d-8a02614cf762_d,46.46689,30.73904,12,
cb12e0f6-9943-4b52-841d-8a02614cf762_d,46.46703,30.73909,14,
cb12e0f6-9943-4b52-841d-8a02614cf762_d,46.46733,30.73915,16,
cb12e0f6-9943-4b52-841d-8a02614cf762_d,46.46753,30.73916,18,
cb12e0f6-9943-4b52-841d-8a02614cf762_d,46.46764,30.73908,20,
cb12e0f6-9943-4b52-841d-8a02614cf762_d,46.46769,30.73894,22,
cb12e0f6-9943-4b52-841d-8a02614cf762_d,46.46774,30.7385,24,
cb12e0f6-9943-4b52-841d-8a02614cf762_d,46.46775,30.73824,26,
cb12e0f6-9943-4b52-841d-8a02614cf762_d,46.46774,30.73801,28,
cb12e0f6-9943-4b52-841d-8a02614cf762_d,46.46773,30.73783,30,
cb12e0f6-9943-4b52-841d-8a02614cf762_d,46.46767,30.73773,32,
cb12e0f6-9943-4b52-841d-8a02614cf762_d,46.46759,30.73765,34,
cb12e0f6-9943-4b52-841d-8a02614cf762_d,46.46579,30.73604,36,
cb12e0f6-9943-4b52-841d-8a02614cf762_d,46.46548,30.73572,38,
cb12e0f6-9943-4b52-841d-8a02614cf762_d,46.4654,30.73559,40,
cb12e0f6-9943-4b52-841d-8a02614cf762_d,46.46534,30.73543,42,
cb12e0f6-9943-4b52-841d-8a02614cf762_d,46.46523,30.7352,44,
cb12e0f6-9943-4b52-841d-8a02614cf762_d,46.46517,30.73506,46,
cb12e0f6-9943-4b52-841d-8a02614cf762_d,46.4649,30.73479,48,
cb12e0f6-9943-4b52-841d-8a02614cf762_d,46.46474,30.73457,50,
cb12e0f6-9943-4b52-841d-8a02614cf762_d,46.46474846355313,30.73460698127747,52,
cb12e0f6-9943-4b52-841d-8a02614cf762_d,46.46476,30.73458,57,
cb12e0f6-9943-4b52-841d-8a02614cf762_d,46.46466,30.73456,59,
cb12e0f6-9943-4b52-841d-8a02614cf762_d,46.46279,30.73295,61,
cb12e0f6-9943-4b52-841d-8a02614cf762_d,46.46261,30.73274,63,
cb12e0f6-9943-4b52-841d-8a02614cf762_d,46.46252,30.73259,65,
cb12e0f6-9943-4b52-841d-8a02614cf762_d,46.46206,30.73218,67,
cb12e0f6-9943-4b52-841d-8a02614cf762_d,46.46163,30.73179,69,
cb12e0f6-9943-4b52-841d-8a02614cf762_d,46.46111,30.73131,71,
cb12e0f6-9943-4b52-841d-8a02614cf762_d,46.46069,30.73088,73,
cb12e0f6-9943-4b52-841d-8a02614cf762_d,46.460686,30.730871,75,
cb12e0f6-9943-4b52-841d-8a02614cf762_d,46.46069,30.73087,80,
cb12e0f6-9943-4b52-841d-8a02614cf762_d,46.4606,30.73084,82,
cb12e0f6-9943-4b52-841d-8a02614cf762_d,46.4604,30.73068,84,
cb12e0f6-9943-4b52-841d-8a02614cf762_d,46.46016,30.73052,86,
cb12e0f6-9943-4b52-841d-8a02614cf762_d,46.46001,30.73043,88,
cb12e0f6-9943-4b52-841d-8a02614cf762_d,46.45987,30.73029,90,
cb12e0f6-9943-4b52-841d-8a02614cf762_d,46.45925,30.72972,92,
cb12e0f6-9943-4b52-841d-8a02614cf762_d,46.45891,30.72944,94,
cb12e0f6-9943-4b52-841d-8a02614cf762_d,46.45872,30.72931,96,
cb12e0f6-9943-4b52-841d-8a02614cf762_d,46.45831,30.72915,98,
cb12e0f6-9943-4b52-841d-8a02614cf762_d,46.45808,30.72911,100,
cb12e0f6-9943-4b52-841d-8a02614cf762_d,46.45634,30.72897,102,
cb12e0f6-9943-4b52-841d-8a02614cf762_d,46.45616,30.7289,104,
cb12e0f6-9943-4b52-841d-8a02614cf762_d,46.45598,30.72876,106,
cb12e0f6-9943-4b52-841d-8a02614cf762_d,46.45583,30.72868,108,
cb12e0f6-9943-4b52-841d-8a02614cf762_d,46.45568,30.72864,110,
cb12e0f6-9943-4b52-841d-8a02614cf762_d,46.45506,30.72856,112,
cb12e0f6-9943-4b52-841d-8a02614cf762_d,46.45466,30.72853,114,
cb12e0f6-9943-4b52-841d-8a02614cf762_d,46.45437,30.72855,116,
cb12e0f6-9943-4b52-841d-8a02614cf762_d,46.4542,30.72861,118,
cb12e0f6-9943-4b52-841d-8a02614cf762_d,46.45409,30.72866,120,
cb12e0f6-9943-4b52-841d-8a02614cf762_d,46.45395,30.72865,122,
cb12e0f6-9943-4b52-841d-8a02614cf762_d,46.45347,30.72854,124,
cb12e0f6-9943-4b52-841d-8a02614cf762_d,46.45345902210269,30.728545188903812,126,
cb12e0f6-9943-4b52-841d-8a02614cf762_d,46.45346,30.72855,131,
cb12e0f6-9943-4b52-841d-8a02614cf762_d,46.45106,30.7281,133,
cb12e0f6-9943-4b52-841d-8a02614cf762_d,46.451059,30.728105,135,
cb12e0f6-9943-4b52-841d-8a02614cf762_d,46.45106,30.72811,140,
cb12e0f6-9943-4b52-841d-8a02614cf762_d,46.44652,30.7273,142,
cb12e0f6-9943-4b52-841d-8a02614cf762_d,46.44652168039975,30.727299405738613,144,
cb12e0f6-9943-4b52-841d-8a02614cf762_d,46.44652,30.7273,149,
cb12e0f6-9943-4b52-841d-8a02614cf762_d,46.44315,30.7267,151,
cb12e0f6-9943-4b52-841d-8a02614cf762_d,46.44314681617764,30.726694464683536,153,
cb12e0f6-9943-4b52-841d-8a02614cf762_d,46.44315,30.72669,158,
cb12e0f6-9943-4b52-841d-8a02614cf762_d,46.4429,30.72667,160,
cb12e0f6-9943-4b52-841d-8a02614cf762_d,46.44224,30.72659,162,
cb12e0f6-9943-4b52-841d-8a02614cf762_d,46.43925,30.72609,164,
cb12e0f6-9943-4b52-841d-8a02614cf762_d,46.43878,30.72597,166,
cb12e0f6-9943-4b52-841d-8a02614cf762_d,46.43867,30.72594,168,
cb12e0f6-9943-4b52-841d-8a02614cf762_d,46.4386,30.72588,170,
cb12e0f6-9943-4b52-841d-8a02614cf762_d,46.438592,30.725886,172,
cb12e0f6-9943-4b52-841d-8a02614cf762_d,46.43859,30.72589,177,
cb12e0f6-9943-4b52-841d-8a02614cf762_d,46.43841,30.72591,179,
cb12e0f6-9943-4b52-841d-8a02614cf762_d,46.43823,30.72596,181,
cb12e0f6-9943-4b52-841d-8a02614cf762_d,46.43738,30.72624,183,
cb12e0f6-9943-4b52-841d-8a02614cf762_d,46.43647,30.72652,185,
cb12e0f6-9943-4b52-841d-8a02614cf762_d,46.43433,30.72718,187,
cb12e0f6-9943-4b52-841d-8a02614cf762_d,46.43432,30.727183,189,
cb12e0f6-9943-4b52-841d-8a02614cf762_d,46.43432,30.72718,194,
cb12e0f6-9943-4b52-841d-8a02614cf762_d,46.43086,30.7283,196,
cb12e0f6-9943-4b52-841d-8a02614cf762_d,46.43058,30.72838,198,
cb12e0f6-9943-4b52-841d-8a02614cf762_d,46.43047,30.72841,200,
cb12e0f6-9943-4b52-841d-8a02614cf762_d,46.43037,30.72838,202,
cb12e0f6-9943-4b52-841d-8a02614cf762_d,46.43037,30.7284,204,
cb12e0f6-9943-4b52-841d-8a02614cf762_d,46.43037767460163,30.728448629379276,206,
cb12e0f6-9943-4b52-841d-8a02614cf762_d,46.43038,30.7284,211,
cb12e0f6-9943-4b52-841d-8a02614cf762_d,46.43038,30.72838,213,
cb12e0f6-9943-4b52-841d-8a02614cf762_d,46.43029,30.72845,215,
cb12e0f6-9943-4b52-841d-8a02614cf762_d,46.43016,30.7285,217,
cb12e0f6-9943-4b52-841d-8a02614cf762_d,46.42952,30.72873,219,
cb12e0f6-9943-4b52-841d-8a02614cf762_d,46.42936,30.72872,221,
cb12e0f6-9943-4b52-841d-8a02614cf762_d,46.42922,30.72866,223,
cb12e0f6-9943-4b52-841d-8a02614cf762_d,46.42761,30.72659,225,
cb12e0f6-9943-4b52-841d-8a02614cf762_d,46.4256,30.72391,227,
cb12e0f6-9943-4b52-841d-8a02614cf762_d,46.42545,30.72384,229,
cb12e0f6-9943-4b52-841d-8a02614cf762_d,46.42529,30.72386,231,
cb12e0f6-9943-4b52-841d-8a02614cf762_d,46.42508,30.72389,233,
cb12e0f6-9943-4b52-841d-8a02614cf762_d,46.42509390917858,30.72386741638184,235,
cb12e0f6-9943-4b52-841d-8a02614cf762_d,46.42509,30.72387,240,
cb12e0f6-9943-4b52-841d-8a02614cf762_d,46.42504,30.72399,242,
cb12e0f6-9943-4b52-841d-8a02614cf762_d,46.42482,30.72407,244,
cb12e0f6-9943-4b52-841d-8a02614cf762_d,46.42427,30.72421,246,
cb12e0f6-9943-4b52-841d-8a02614cf762_d,46.42397,30.72431,248,
cb12e0f6-9943-4b52-841d-8a02614cf762_d,46.42355,30.72447,250,
cb12e0f6-9943-4b52-841d-8a02614cf762_d,46.42338,30.72453,252,
cb12e0f6-9943-4b52-841d-8a02614cf762_d,46.4232,30.72458,254,
cb12e0f6-9943-4b52-841d-8a02614cf762_d,46.42282,30.72469,256,
cb12e0f6-9943-4b52-841d-8a02614cf762_d,46.42255,30.72481,258,
cb12e0f6-9943-4b52-841d-8a02614cf762_d,46.42232,30.72489,260,
cb12e0f6-9943-4b52-841d-8a02614cf762_d,46.42211,30.72495,262,
cb12e0f6-9943-4b52-841d-8a02614cf762_d,46.42178,30.72506,264,
cb12e0f6-9943-4b52-841d-8a02614cf762_d,46.4215,30.72517,266,
cb12e0f6-9943-4b52-841d-8a02614cf762_d,46.4212,30.7253,268,
cb12e0f6-9943-4b52-841d-8a02614cf762_d,46.42097,30.72539,270,
cb12e0f6-9943-4b52-841d-8a02614cf762_d,46.42035,30.72558,272,
cb12e0f6-9943-4b52-841d-8a02614cf762_d,46.42002,30.72569,274,
cb12e0f6-9943-4b52-841d-8a02614cf762_d,46.41984,30.72577,276,
cb12e0f6-9943-4b52-841d-8a02614cf762_d,46.41964,30.72583,278,
cb12e0f6-9943-4b52-841d-8a02614cf762_d,46.41931,30.72594,280,
cb12e0f6-9943-4b52-841d-8a02614cf762_d,46.41911,30.72601,282,
cb12e0f6-9943-4b52-841d-8a02614cf762_d,46.41892,30.72604,284,
cb12e0f6-9943-4b52-841d-8a02614cf762_d,46.41871,30.72609,286,
cb12e0f6-9943-4b52-841d-8a02614cf762_d,46.41817,30.72614,288,
cb12e0f6-9943-4b52-841d-8a02614cf762_d,46.4179,30.72615,290,
cb12e0f6-9943-4b52-841d-8a02614cf762_d,46.41772,30.72613,292,
cb12e0f6-9943-4b52-841d-8a02614cf762_d,46.41766,30.72606,294,
cb12e0f6-9943-4b52-841d-8a02614cf762_d,46.41765731575718,30.726056098937992,296,
cb12e0f6-9943-4b52-841d-8a02614cf762_d,46.41766,30.72606,301,
cb12e0f6-9943-4b52-841d-8a02614cf762_d,46.41757,30.72617,303,
cb12e0f6-9943-4b52-841d-8a02614cf762_d,46.41727,30.72624,305,
cb12e0f6-9943-4b52-841d-8a02614cf762_d,46.41613,30.72662,307,
cb12e0f6-9943-4b52-841d-8a02614cf762_d,46.41491,30.72705,309,
cb12e0f6-9943-4b52-841d-8a02614cf762_d,46.41464,30.72717,311,
cb12e0f6-9943-4b52-841d-8a02614cf762_d,46.41448,30.72724,313,
cb12e0f6-9943-4b52-841d-8a02614cf762_d,46.4144,30.72714,315,
cb12e0f6-9943-4b52-841d-8a02614cf762_d,46.4144,30.72718,317,
cb12e0f6-9943-4b52-841d-8a02614cf762_d,46.414391698423344,30.727193355560306,319,
cb12e0f6-9943-4b52-841d-8a02614cf762_d,46.41439,30.72719,324,
cb12e0f6-9943-4b52-841d-8a02614cf762_d,46.41439,30.72715,326,
cb12e0f6-9943-4b52-841d-8a02614cf762_d,46.41431,30.72727,328,
cb12e0f6-9943-4b52-841d-8a02614cf762_d,46.41385,30.72746,330,
cb12e0f6-9943-4b52-841d-8a02614cf762_d,46.41155,30.72827,332,
cb12e0f6-9943-4b52-841d-8a02614cf762_d,46.41082,30.72853,334,
cb12e0f6-9943-4b52-841d-8a02614cf762_d,46.41072,30.72852,336,
cb12e0f6-9943-4b52-841d-8a02614cf762_d,46.41071903217025,30.72857201099396,338,
cb12e0f6-9943-4b52-841d-8a02614cf762_d,46.41072,30.72852,343,
cb12e0f6-9943-4b52-841d-8a02614cf762_d,46.41065,30.7286,345,
cb12e0f6-9943-4b52-841d-8a02614cf762_d,46.40921,30.72911,347,
cb12e0f6-9943-4b52-841d-8a02614cf762_d,46.40784,30.7296,349,
cb12e0f6-9943-4b52-841d-8a02614cf762_d,46.40774,30.72959,351,
cb12e0f6-9943-4b52-841d-8a02614cf762_d,46.40774891071867,30.72963953018189,353,
cb12e0f6-9943-4b52-841d-8a02614cf762_d,46.40774,30.72959,358,
cb12e0f6-9943-4b52-841d-8a02614cf762_d,46.40764,30.72967,360,
cb12e0f6-9943-4b52-841d-8a02614cf762_d,46.40584,30.73027,362,
cb12e0f6-9943-4b52-841d-8a02614cf762_d,46.405840254168766,30.73031544685364,364,
cb12e0f6-9943-4b52-841d-8a02614cf762_d,46.40584,30.73027,369,
cb12e0f6-9943-4b52-841d-8a02614cf762_d,46.40257,30.73157,371,
cb12e0f6-9943-4b52-841d-8a02614cf762_d,46.402573929218576,30.73156535625458,373,
cb12e0f6-9943-4b52-841d-8a02614cf762_d,46.40257,30.73157,378,
cb12e0f6-9943-4b52-841d-8a02614cf762_d,46.40048,30.73228,380,
cb12e0f6-9943-4b52-841d-8a02614cf762_d,46.40018,30.7324,382,
cb12e0f6-9943-4b52-841d-8a02614cf762_d,46.39958,30.7328,384,
cb12e0f6-9943-4b52-841d-8a02614cf762_d,46.39899,30.73313,386,
cb12e0f6-9943-4b52-841d-8a02614cf762_d,46.39899295416615,30.733163952827457,388,
cb12e0f6-9943-4b52-841d-8a02614cf762_d,46.39899,30.73313,393,
cb12e0f6-9943-4b52-841d-8a02614cf762_d,46.39888,30.73321,395,
cb12e0f6-9943-4b52-841d-8a02614cf762_d,46.39757,30.7339,397,
cb12e0f6-9943-4b52-841d-8a02614cf762_d,46.39689,30.73425,399,
cb12e0f6-9943-4b52-841d-8a02614cf762_d,46.39643,30.73446,401,
cb12e0f6-9943-4b52-841d-8a02614cf762_d,46.39631,30.73451,403,
cb12e0f6-9943-4b52-841d-8a02614cf762_d,46.39621,30.73451,405,
cb12e0f6-9943-4b52-841d-8a02614cf762_d,46.39621457711201,30.734526515007023,407,
cb12e0f6-9943-4b52-841d-8a02614cf762_d,46.39621,30.73453,412,
cb12e0f6-9943-4b52-841d-8a02614cf762_d,46.39612,30.73456,414,
cb12e0f6-9943-4b52-841d-8a02614cf762_d,46.3953,30.73464,416,
cb12e0f6-9943-4b52-841d-8a02614cf762_d,46.39376,30.73483,418,
cb12e0f6-9943-4b52-841d-8a02614cf762_d,46.393764,30.73483,420,
cb12e0f6-9943-4b52-841d-8a02614cf762_d,46.39376,30.73483,425,
cb12e0f6-9943-4b52-841d-8a02614cf762_d,46.3934,30.73486,427,
cb12e0f6-9943-4b52-841d-8a02614cf762_d,46.39323,30.73482,429,
cb12e0f6-9943-4b52-841d-8a02614cf762_d,46.39231,30.7344,431,
cb12e0f6-9943-4b52-841d-8a02614cf762_d,46.391,30.73373,433,
cb12e0f6-9943-4b52-841d-8a02614cf762_d,46.390994101285095,30.733727216720585,435,
cb12e0f6-9943-4b52-841d-8a02614cf762_d,46.39099,30.73373,440,
cb12e0f6-9943-4b52-841d-8a02614cf762_d,46.38938,30.733,442,
cb12e0f6-9943-4b52-841d-8a02614cf762_d,46.3886,30.73262,444,
cb12e0f6-9943-4b52-841d-8a02614cf762_d,46.38778,30.73224,446,
cb12e0f6-9943-4b52-841d-8a02614cf762_d,46.38729,30.732,448,
cb12e0f6-9943-4b52-841d-8a02614cf762_d,46.387,30.73184,450,
cb12e0f6-9943-4b52-841d-8a02614cf762_d,46.38689,30.73175,452,
cb12e0f6-9943-4b52-841d-8a02614cf762_d,46.38679,30.73163,454,
cb12e0f6-9943-4b52-841d-8a02614cf762_d,46.38663,30.73142,456,
cb12e0f6-9943-4b52-841d-8a02614cf762_d,46.38661310405771,30.731436610221866,458,
cb12e0f6-9943-4b52-841d-8a02614cf762_d,46.38661,30.73144,463,
cb12e0f6-9943-4b52-841d-8a02614cf762_d,46.38633,30.73093,465,
cb12e0f6-9943-4b52-841d-8a02614cf762_d,46.38622,30.73072,467,
cb12e0f6-9943-4b52-841d-8a02614cf762_d,46.38611,30.73044,469,
cb12e0f6-9943-4b52-841d-8a02614cf762_d,46.38599,30.72986,471,
cb12e0f6-9943-4b52-841d-8a02614cf762_d,46.38578,30.72859,473,
cb12e0f6-9943-4b52-841d-8a02614cf762_d,46.38562,30.72738,475,
cb12e0f6-9943-4b52-841d-8a02614cf762_d,46.38564,30.72738,477,
cb12e0f6-9943-4b52-841d-8a02614cf762_d,46.38560290869656,30.72735965251923,479,
cb12e0f6-9943-4b52-841d-8a02614cf762_d,46.38564,30.72738,484,
cb12e0f6-9943-4b52-841d-8a02614cf762_d,46.38562,30.72738,486,
cb12e0f6-9943-4b52-841d-8a02614cf762_d,46.38533,30.72584,488,
cb12e0f6-9943-4b52-841d-8a02614cf762_d,46.38497,30.72411,490,
cb12e0f6-9943-4b52-841d-8a02614cf762_d,46.38438,30.72135,492,
cb12e0f6-9943-4b52-841d-8a02614cf762_d,46.38437806800176,30.72135150432587,494,
cb12e0f6-9943-4b52-841d-8a02614cf762_d,46.38438,30.72135,499,
cb12e0f6-9943-4b52-841d-8a02614cf762_d,46.38324,30.71632,501,
cb12e0f6-9943-4b52-841d-8a02614cf762_d,46.38320870804117,30.71633577346802,503,
cb12e0f6-9943-4b52-841d-8a02614cf762_d,46.38324,30.71632,508,
cb12e0f6-9943-4b52-841d-8a02614cf762_d,46.38313,30.71596,510,
cb12e0f6-9943-4b52-841d-8a02614cf762_d,46.38307,30.71576,512,
cb12e0f6-9943-4b52-841d-8a02614cf762_d,46.383,30.71557,514,
cb12e0f6-9943-4b52-841d-8a02614cf762_d,46.3829,30.71529,516,
cb12e0f6-9943-4b52-841d-8a02614cf762_d,46.3827,30.7148,518,
cb12e0f6-9943-4b52-841d-8a02614cf762_d,46.38259,30.71459,520,
cb12e0f6-9943-4b52-841d-8a02614cf762_d,46.38249,30.71441,522,
cb12e0f6-9943-4b52-841d-8a02614cf762_d,46.38249079742879,30.71439921855927,524,
cb12e0f6-9943-4b52-841d-8a02614cf762_d,46.38249,30.7144,529,
cb12e0f6-9943-4b52-841d-8a02614cf762_d,46.38232,30.71413,531,
cb12e0f6-9943-4b52-841d-8a02614cf762_d,46.38188,30.71351,533,
cb12e0f6-9943-4b52-841d-8a02614cf762_d,46.37951,30.71026,535,
cb12e0f6-9943-4b52-841d-8a02614cf762_d,46.37950063519404,30.710273981094364,537,
cb12e0f6-9943-4b52-841d-8a02614cf762_d,46.3795,30.71025,542,
cb12e0f6-9943-4b52-841d-8a02614cf762_d,46.3771,30.70705,544,
cb12e0f6-9943-4b52-841d-8a02614cf762_d,46.3746,30.70364,546,
cb12e0f6-9943-4b52-841d-8a02614cf762_d,46.3746005598829,30.70364356040955,548,
cb12e0f6-9943-4b52-841d-8a02614cf762_d,46.3746,30.70364,553,
cb12e0f6-9943-4b52-841d-8a02614cf762_d,46.37418,30.70321,555,
cb12e0f6-9943-4b52-841d-8a02614cf762_d,46.37388,30.70294,557,
cb12e0f6-9943-4b52-841d-8a02614cf762_d,46.3735,30.70267,559,
cb12e0f6-9943-4b52-841d-8a02614cf762_d,46.37302,30.70241,561,
cb12e0f6-9943-4b52-841d-8a02614cf762_d,46.37258,30.70225,563,
cb12e0f6-9943-4b52-841d-8a02614cf762_d,46.37214,30.70215,565,
cb12e0f6-9943-4b52-841d-8a02614cf762_d,46.37162,30.70214,567,
cb12e0f6-9943-4b52-841d-8a02614cf762_d,46.37119,30.70215,569,
cb12e0f6-9943-4b52-841d-8a02614cf762_d,46.37119171343057,30.70214688777924,571,
cb12e0f6-9943-4b52-841d-8a02614cf762_d,46.37119,30.70215,576,
cb12e0f6-9943-4b52-841d-8a02614cf762_d,46.37104,30.70214,578,
cb12e0f6-9943-4b52-841d-8a02614cf762_d,46.37083,30.70213,580,
cb12e0f6-9943-4b52-841d-8a02614cf762_d,46.37024,30.70212,582,
cb12e0f6-9943-4b52-841d-8a02614cf762_d,46.36983,30.7021,584,
cb12e0f6-9943-4b52-841d-8a02614cf762_d,46.36941,30.7021,586,
cb12e0f6-9943-4b52-841d-8a02614cf762_d,46.36864,30.70211,588,
cb12e0f6-9943-4b52-841d-8a02614cf762_d,46.36791,30.70212,590,
cb12e0f6-9943-4b52-841d-8a02614cf762_d,46.36767,30.70211,592,
cb12e0f6-9943-4b52-841d-8a02614cf762_d,46.36698,30.70214,594,
cb12e0f6-9943-4b52-841d-8a02614cf762_d,46.36609,30.70217,596,
cb12e0f6-9943-4b52-841d-8a02614cf762_d,46.36561,30.70219,598,
cb12e0f6-9943-4b52-841d-8a02614cf762_d,46.36523,30.70219,600,
cb12e0f6-9943-4b52-841d-8a02614cf762_d,46.36494,30.70215,602,
cb12e0f6-9943-4b52-841d-8a02614cf762_d,46.36483,30.70209,604,
cb12e0f6-9943-4b52-841d-8a02614cf762_d,46.36488793309248,30.70214152336121,606,
cb12e0f6-9943-4b52-841d-8a02614cf762_d,46.36483,30.70209,611,
cb12e0f6-9943-4b52-841d-8a02614cf762_d,46.36473,30.70211,613,
cb12e0f6-9943-4b52-841d-8a02614cf762_d,46.36461,30.70208,615,
cb12e0f6-9943-4b52-841d-8a02614cf762_d,46.3645,30.70207,617,
cb12e0f6-9943-4b52-841d-8a02614cf762_d,46.36435,30.70201,619,
cb12e0f6-9943-4b52-841d-8a02614cf762_d,46.36423,30.70198,621,
cb12e0f6-9943-4b52-841d-8a02614cf762_d,46.36408,30.70196,623,
cb12e0f6-9943-4b52-841d-8a02614cf762_d,46.36308,30.70198,625,
cb12e0f6-9943-4b52-841d-8a02614cf762_d,46.36252,30.70199,627,
cb12e0f6-9943-4b52-841d-8a02614cf762_d,46.36196,30.70202,629,
cb12e0f6-9943-4b52-841d-8a02614cf762_d,46.36114,30.70205,631,
cb12e0f6-9943-4b52-841d-8a02614cf762_d,46.36108,30.70212,633,
cb12e0f6-9943-4b52-841d-8a02614cf762_d,46.36108,30.7021,635,
cb12e0f6-9943-4b52-841d-8a02614cf762_d,46.361067790299586,30.702114688025578,637,
cb12e0f6-9943-4b52-841d-8a02614cf762_d,46.36107,30.70211,642,
cb12e0f6-9943-4b52-841d-8a02614cf762_d,46.36107,30.70213,644,
cb12e0f6-9943-4b52-841d-8a02614cf762_d,46.361,30.70203,646,
cb12e0f6-9943-4b52-841d-8a02614cf762_d,46.36021,30.70205,648,
cb12e0f6-9943-4b52-841d-8a02614cf762_d,46.35885,30.702,650,
cb12e0f6-9943-4b52-841d-8a02614cf762_d,46.35865,30.70196,652,
cb12e0f6-9943-4b52-841d-8a02614cf762_d,46.35849,30.70189,654,
cb12e0f6-9943-4b52-841d-8a02614cf762_d,46.35837,30.70184,656,
cb12e0f6-9943-4b52-841d-8a02614cf762_d,46.35829,30.70181,658,
cb12e0f6-9943-4b52-841d-8a02614cf762_d,46.35826,30.70178,660,
cb12e0f6-9943-4b52-841d-8a02614cf762_d,46.35833,30.70167,662,
cb12e0f6-9943-4b52-841d-8a02614cf762_d,46.35833,30.701674,664,
cb12e0f6-9943-4b52-841d-8a02614cf762_d,46.35833,30.70167,669,
cb12e0f6-9943-4b52-841d-8a02614cf762_d,46.35826,30.70178,671,
cb12e0f6-9943-4b52-841d-8a02614cf762_d,46.35817,30.70165,673,
cb12e0f6-9943-4b52-841d-8a02614cf762_d,46.35799,30.70137,675,
cb12e0f6-9943-4b52-841d-8a02614cf762_d,46.3578,30.70114,677,
cb12e0f6-9943-4b52-841d-8a02614cf762_d,46.35753,30.70093,679,
cb12e0f6-9943-4b52-841d-8a02614cf762_d,46.35723,30.70079,681,
cb12e0f6-9943-4b52-841d-8a02614cf762_d,46.35626,30.70082,683,
cb12e0f6-9943-4b52-841d-8a02614cf762_d,46.35532,30.70089,685,
cb12e0f6-9943-4b52-841d-8a02614cf762_d,46.35438,30.70096,687,
cb12e0f6-9943-4b52-841d-8a02614cf762_d,46.35384,30.70098,689,
cb12e0f6-9943-4b52-841d-8a02614cf762_d,46.3535,30.701,691,
cb12e0f6-9943-4b52-841d-8a02614cf762_d,46.35339,30.70093,693,
cb12e0f6-9943-4b52-841d-8a02614cf762_d,46.35337,30.70093,695,
cb12e0f6-9943-4b52-841d-8a02614cf762_d,46.353363053226765,30.700982809066776,697,
cb12e0f6-9943-4b52-841d-8a02614cf762_d,46.35336,30.70092,702,
cb12e0f6-9943-4b52-841d-8a02614cf762_d,46.35338,30.70092,704,
cb12e0f6-9943-4b52-841d-8a02614cf762_d,46.35327,30.70099,706,
cb12e0f6-9943-4b52-841d-8a02614cf762_d,46.35181,30.70111,708,
cb12e0f6-9943-4b52-841d-8a02614cf762_d,46.35093,30.70117,710,
cb12e0f6-9943-4b52-841d-8a02614cf762_d,46.35034,30.70118,712,
cb12e0f6-9943-4b52-841d-8a02614cf762_d,46.35031575451349,30.701240301132206,714,
cb12e0f6-9943-4b52-841d-8a02614cf762_d,46.35034,30.70118,719,
cb12e0f6-9943-4b52-841d-8a02614cf762_d,46.35026,30.70121,721,
cb12e0f6-9943-4b52-841d-8a02614cf762_d,46.35018,30.70121,723,
cb12e0f6-9943-4b52-841d-8a02614cf762_d,46.35006,30.70115,725,
cb12e0f6-9943-4b52-841d-8a02614cf762_d,46.34999,30.70095,727,
cb12e0f6-9943-4b52-841d-8a02614cf762_d,46.34991,30.69884,729,
cb12e0f6-9943-4b52-841d-8a02614cf762_d,46.34986,30.69771,731,
cb12e0f6-9943-4b52-841d-8a02614cf762_d,46.34983,30.6971,733,
cb12e0f6-9943-4b52-841d-8a02614cf762_d,46.34982,30.69686,735,
cb12e0f6-9943-4b52-841d-8a02614cf762_d,46.34978,30.69666,737,
cb12e0f6-9943-4b52-841d-8a02614cf762_d,46.349789957961825,30.69665372371674,739,
cb12e0f6-9943-4b52-841d-8a02614cf762_d,46.34979,30.69665,744,
cb12e0f6-9943-4b52-841d-8a02614cf762_d,46.34978,30.69622,746,
cb12e0f6-9943-4b52-841d-8a02614cf762_d,46.34975,30.69575,748,
cb12e0f6-9943-4b52-841d-8a02614cf762_d,46.34971,30.69476,750,
cb12e0f6-9943-4b52-841d-8a02614cf762_d,46.34965,30.69275,752,
cb12e0f6-9943-4b52-841d-8a02614cf762_d,46.34965,30.69248,754,
cb12e0f6-9943-4b52-841d-8a02614cf762_d,46.34965,30.69233,756,
cb12e0f6-9943-4b52-841d-8a02614cf762_d,46.34957,30.69228,758,
cb12e0f6-9943-4b52-841d-8a02614cf762_d,46.34960851994972,30.69215834140778,760,
cb12e0f6-9943-4b52-841d-8a02614cf762_d,46.34957,30.69228,765,
cb12e0f6-9943-4b52-841d-8a02614cf762_d,46.34963,30.69217,767,
cb12e0f6-9943-4b52-841d-8a02614cf762_d,46.34962,30.69184,769,
cb12e0f6-9943-4b52-841d-8a02614cf762_d,46.34943,30.68408,771,
cb12e0f6-9943-4b52-841d-8a02614cf762_d,46.34942,30.68373,773,
cb12e0f6-9943-4b52-841d-8a02614cf762_d,46.34939,30.68342,775,
cb12e0f6-9943-4b52-841d-8a02614cf762_d,46.34935,30.68314,777,
cb12e0f6-9943-4b52-841d-8a02614cf762_d,46.34929,30.68285,779,
cb12e0f6-9943-4b52-841d-8a02614cf762_d,46.34918,30.68249,781,
cb12e0f6-9943-4b52-841d-8a02614cf762_d,46.3491,30.68229,783,
cb12e0f6-9943-4b52-841d-8a02614cf762_d,46.34897,30.68201,785,
cb12e0f6-9943-4b52-841d-8a02614cf762_d,46.34886,30.68181,787,
cb12e0f6-9943-4b52-841d-8a02614cf762_d,46.34872,30.6816,789,
cb12e0f6-9943-4b52-841d-8a02614cf762_d,46.34859,30.68144,791,
cb12e0f6-9943-4b52-841d-8a02614cf762_d,46.34685,30.67925,793,
cb12e0f6-9943-4b52-841d-8a02614cf762_d,46.346820223325615,30.679235458374027,795,
cb12e0f6-9943-4b52-841d-8a02614cf762_d,46.34682,30.67924,800,
cb12e0f6-9943-4b52-841d-8a02614cf762_d,46.34239,30.67381,802,
cb12e0f6-9943-4b52-841d-8a02614cf762_d,46.342394945344225,30.673806667327884,804,
cb12e0f6-9943-4b52-841d-8a02614cf762_d,46.34239,30.67381,809,
cb12e0f6-9943-4b52-841d-8a02614cf762_d,46.34111,30.67217,811,
cb12e0f6-9943-4b52-841d-8a02614cf762_d,46.34111358459347,30.67216515541077,813,
cb12e0f6-9943-4b52-841d-8a02614cf762_d,46.34111,30.67217,818,
cb12e0f6-9943-4b52-841d-8a02614cf762_d,46.33917,30.66985,820,
cb12e0f6-9943-4b52-841d-8a02614cf762_d,46.33881,30.6695,822,
cb12e0f6-9943-4b52-841d-8a02614cf762_d,46.33832,30.66912,824,
cb12e0f6-9943-4b52-841d-8a02614cf762_d,46.33701,30.66817,826,
cb12e0f6-9943-4b52-841d-8a02614cf762_d,46.33585,30.6673,828,
cb12e0f6-9943-4b52-841d-8a02614cf762_d,46.33521,30.66688,830,
cb12e0f6-9943-4b52-841d-8a02614cf762_d,46.3349,30.66665,832,
cb12e0f6-9943-4b52-841d-8a02614cf762_d,46.33481,30.66658,834,
cb12e0f6-9943-4b52-841d-8a02614cf762_d,46.33474,30.66658,836,
cb12e0f6-9943-4b52-841d-8a02614cf762_d,46.33476188782844,30.66646277904511,838,
1ed6554f-dc71-4d49-9cf4-f43ab61711c0_r,46.46879065997577,30.741435885429386,1,
1ed6554f-dc71-4d49-9cf4-f43ab61711c0_r,46.46881,30.74148,6,
1ed6554f-dc71-4d49-9cf4-f43ab61711c0_r,46.46881,30.74148,8,
1ed6554f-dc71-4d49-9cf4-f43ab61711c0_r,46.46888,30.74144,10,
1ed6554f-dc71-4d49-9cf4-f43ab61711c0_r,46.469,30.74137,12,
1ed6554f-dc71-4d49-9cf4-f43ab61711c0_r,46.46912,30.74131,14,
1ed6554f-dc71-4d49-9cf4-f43ab61711c0_r,46.46923,30.74121,16,
1ed6554f-dc71-4d49-9cf4-f43ab61711c0_r,46.46936,30.74105,18,
1ed6554f-dc71-4d49-9cf4-f43ab61711c0_r,46.46952,30.74095,20,
1ed6554f-dc71-4d49-9cf4-f43ab61711c0_r,46.46967,30.74094,22,
1ed6554f-dc71-4d49-9cf4-f43ab61711c0_r,46.47021,30.741,24,
1ed6554f-dc71-4d49-9cf4-f43ab61711c0_r,46.47046,30.74104,26,
1ed6554f-dc71-4d49-9cf4-f43ab61711c0_r,46.47106,30.74113,28,
1ed6554f-dc71-4d49-9cf4-f43ab61711c0_r,46.47147,30.74119,30,
1ed6554f-dc71-4d49-9cf4-f43ab61711c0_r,46.47166,30.74122,32,
1ed6554f-dc71-4d49-9cf4-f43ab61711c0_r,46.47166,30.74132,34,
1ed6554f-dc71-4d49-9cf4-f43ab61711c0_r,46.47169,30.74132,36,
1ed6554f-dc71-4d49-9cf4-f43ab61711c0_r,46.471698,30.741313,38,
1ed6554f-dc71-4d49-9cf4-f43ab61711c0_r,46.4717,30.74131,43,
1ed6554f-dc71-4d49-9cf4-f43ab61711c0_r,46.47167,30.74131,45,
1ed6554f-dc71-4d49-9cf4-f43ab61711c0_r,46.47167,30.74121,47,
1ed6554f-dc71-4d49-9cf4-f43ab61711c0_r,46.4724,30.74131,49,
1ed6554f-dc71-4d49-9cf4-f43ab61711c0_r,46.47251,30.74131,51,
1ed6554f-dc71-4d49-9cf4-f43ab61711c0_r,46.47253,30.7411,53,
1ed6554f-dc71-4d49-9cf4-f43ab61711c0_r,46.47255,30.74079,55,
1ed6554f-dc71-4d49-9cf4-f43ab61711c0_r,46.47257,30.74055,57,
1ed6554f-dc71-4d49-9cf4-f43ab61711c0_r,46.47258,30.7403,59,
1ed6554f-dc71-4d49-9cf4-f43ab61711c0_r,46.47262,30.73987,61,
1ed6554f-dc71-4d49-9cf4-f43ab61711c0_r,46.47266,30.73942,63,
1ed6554f-dc71-4d49-9cf4-f43ab61711c0_r,46.47266,30.73925,65,
1ed6554f-dc71-4d49-9cf4-f43ab61711c0_r,46.47268,30.73902,67,
1ed6554f-dc71-4d49-9cf4-f43ab61711c0_r,46.47277,30.73792,69,
1ed6554f-dc71-4d49-9cf4-f43ab61711c0_r,46.47279,30.7376,71,
1ed6554f-dc71-4d49-9cf4-f43ab61711c0_r,46.47281,30.73719,73,
1ed6554f-dc71-4d49-9cf4-f43ab61711c0_r,46.47283,30.73685,75,
1ed6554f-dc71-4d49-9cf4-f43ab61711c0_r,46.47285,30.73668,77,
1ed6554f-dc71-4d49-9cf4-f43ab61711c0_r,46.47285,30.73663,79,
1ed6554f-dc71-4d49-9cf4-f43ab61711c0_r,46.472913834434905,30.736645460128788,81,
1ed6554f-dc71-4d49-9cf4-f43ab61711c0_r,46.47286,30.73663,86,
1ed6554f-dc71-4d49-9cf4-f43ab61711c0_r,46.47286,30.73655,88,
1ed6554f-dc71-4d49-9cf4-f43ab61711c0_r,46.47286,30.7364,90,
1ed6554f-dc71-4d49-9cf4-f43ab61711c0_r,46.47289,30.73623,92,
1ed6554f-dc71-4d49-9cf4-f43ab61711c0_r,46.47291,30.73608,94,
1ed6554f-dc71-4d49-9cf4-f43ab61711c0_r,46.47291,30.73599,96,
1ed6554f-dc71-4d49-9cf4-f43ab61711c0_r,46.47293,30.73573,98,
1ed6554f-dc71-4d49-9cf4-f43ab61711c0_r,46.47295,30.73537,100,
1ed6554f-dc71-4d49-9cf4-f43ab61711c0_r,46.47297,30.735,102,
1ed6554f-dc71-4d49-9cf4-f43ab61711c0_r,46.47299,30.7349,104,
1ed6554f-dc71-4d49-9cf4-f43ab61711c0_r,46.47299,30.7347,106,
1ed6554f-dc71-4d49-9cf4-f43ab61711c0_r,46.47304,30.73425,108,
1ed6554f-dc71-4d49-9cf4-f43ab61711c0_r,46.47312,30.73316,110,
1ed6554f-dc71-4d49-9cf4-f43ab61711c0_r,46.47312,30.73303,112,
1ed6554f-dc71-4d49-9cf4-f43ab61711c0_r,46.47314,30.73275,114,
1ed6554f-dc71-4d49-9cf4-f43ab61711c0_r,46.47317,30.7323,116,
1ed6554f-dc71-4d49-9cf4-f43ab61711c0_r,46.47321,30.73194,118,
1ed6554f-dc71-4d49-9cf4-f43ab61711c0_r,46.47323,30.73166,120,
1ed6554f-dc71-4d49-9cf4-f43ab61711c0_r,46.47323,30.73146,122,
1ed6554f-dc71-4d49-9cf4-f43ab61711c0_r,46.47327,30.73108,124,
1ed6554f-dc71-4d49-9cf4-f43ab61711c0_r,46.47329,30.73073,126,
1ed6554f-dc71-4d49-9cf4-f43ab61711c0_r,46.47329,30.73065,128,
1ed6554f-dc71-4d49-9cf4-f43ab61711c0_r,46.47335347349748,30.730685591697696,130,
1ed6554f-dc71-4d49-9cf4-f43ab61711c0_r,46.47328,30.73065,135,
1ed6554f-dc71-4d49-9cf4-f43ab61711c0_r,46.47331,30.73039,137,
1ed6554f-dc71-4d49-9cf4-f43ab61711c0_r,46.47333,30.73026,139,
1ed6554f-dc71-4d49-9cf4-f43ab61711c0_r,46.47333,30.73007,141,
1ed6554f-dc71-4d49-9cf4-f43ab61711c0_r,46.47335,30.72985,143,
1ed6554f-dc71-4d49-9cf4-f43ab61711c0_r,46.47337,30.7297,145,
1ed6554f-dc71-4d49-9cf4-f43ab61711c0_r,46.47337,30.72947,147,
1ed6554f-dc71-4d49-9cf4-f43ab61711c0_r,46.47341,30.72902,149,
1ed6554f-dc71-4d49-9cf4-f43ab61711c0_r,46.47343,30.72865,151,
1ed6554f-dc71-4d49-9cf4-f43ab61711c0_r,46.47346,30.72835,153,
1ed6554f-dc71-4d49-9cf4-f43ab61711c0_r,46.47348,30.72827,155,
1ed6554f-dc71-4d49-9cf4-f43ab61711c0_r,46.47348,30.72818,157,
1ed6554f-dc71-4d49-9cf4-f43ab61711c0_r,46.47348,30.72805,159,
1ed6554f-dc71-4d49-9cf4-f43ab61711c0_r,46.4735,30.72777,161,
1ed6554f-dc71-4d49-9cf4-f43ab61711c0_r,46.47352,30.72764,163,
1ed6554f-dc71-4d49-9cf4-f43ab61711c0_r,46.47354,30.72741,165,
1ed6554f-dc71-4d49-9cf4-f43ab61711c0_r,46.47358,30.72691,167,
1ed6554f-dc71-4d49-9cf4-f43ab61711c0_r,46.47365,30.7258,169,
1ed6554f-dc71-4d49-9cf4-f43ab61711c0_r,46.47367,30.72565,171,
1ed6554f-dc71-4d49-9cf4-f43ab61711c0_r,46.47367,30.72558,173,
1ed6554f-dc71-4d49-9cf4-f43ab61711c0_r,46.47369,30.72533,175,
1ed6554f-dc71-4d49-9cf4-f43ab61711c0_r,46.47371,30.72513,177,
1ed6554f-dc71-4d49-9cf4-f43ab61711c0_r,46.47371,30.72507,179,
1ed6554f-dc71-4d49-9cf4-f43ab61711c0_r,46.47372,30.72501,181,
1ed6554f-dc71-4d49-9cf4-f43ab61711c0_r,46.47375247058086,30.725020766258243,183,
1ed6554f-dc71-4d49-9cf4-f43ab61711c0_r,46.47372,30.72501,188,
1ed6554f-dc71-4d49-9cf4-f43ab61711c0_r,46.47376,30.72466,190,
1ed6554f-dc71-4d49-9cf4-f43ab61711c0_r,46.47378,30.72417,192,
1ed6554f-dc71-4d49-9cf4-f43ab61711c0_r,46.4738,30.72391,194,
1ed6554f-dc71-4d49-9cf4-f43ab61711c0_r,46.47391,30.72254,196,
1ed6554f-dc71-4d49-9cf4-f43ab61711c0_r,46.47393,30.72222,198,
1ed6554f-dc71-4d49-9cf4-f43ab61711c0_r,46.47395,30.72196,200,
1ed6554f-dc71-4d49-9cf4-f43ab61711c0_r,46.474,30.72129,202,
1ed6554f-dc71-4d49-9cf4-f43ab61711c0_r,46.47411,30.72004,204,
1ed6554f-dc71-4d49-9cf4-f43ab61711c0_r,46.47415,30.71958,206,
1ed6554f-dc71-4d49-9cf4-f43ab61711c0_r,46.4742,30.71877,208,
1ed6554f-dc71-4d49-9cf4-f43ab61711c0_r,46.47425,30.71813,210,
1ed6554f-dc71-4d49-9cf4-f43ab61711c0_r,46.47433,30.71814,212,
1ed6554f-dc71-4d49-9cf4-f43ab61711c0_r,46.47430662834378,30.718132853508,214,
1ed6554f-dc71-4d49-9cf4-f43ab61711c0_r,46.47434,30.71815,219,
1ed6554f-dc71-4d49-9cf4-f43ab61711c0_r,46.47426,30.71814,221,
1ed6554f-dc71-4d49-9cf4-f43ab61711c0_r,46.47428,30.71791,223,
1ed6554f-dc71-4d49-9cf4-f43ab61711c0_r,46.47444,30.71602,225,
1ed6554f-dc71-4d49-9cf4-f43ab61711c0_r,46.47451,30.7153,227,
1ed6554f-dc71-4d49-9cf4-f43ab61711c0_r,46.47472,30.71284,229,
1ed6554f-dc71-4d49-9cf4-f43ab61711c0_r,46.47481,30.71206,231,
1ed6554f-dc71-4d49-9cf4-f43ab61711c0_r,46.47487,30.71149,233,
1ed6554f-dc71-4d49-9cf4-f43ab61711c0_r,46.47493,30.71102,235,
1ed6554f-dc71-4d49-9cf4-f43ab61711c0_r,46.474927278339045,30.711019635200504,237,
1ed6554f-dc71-4d49-9cf4-f43ab61711c0_r,46.47493,30.71102,242,
1ed6554f-dc71-4d49-9cf4-f43ab61711c0_r,46.47505,30.70977,244,
1ed6554f-dc71-4d49-9cf4-f43ab61711c0_r,46.47513,30.70944,246,
1ed6554f-dc71-4d49-9cf4-f43ab61711c0_r,46.47533,30.70898,248,
1ed6554f-dc71-4d49-9cf4-f43ab61711c0_r,46.47565,30.70851,250,
1ed6554f-dc71-4d49-9cf4-f43ab61711c0_r,46.47633,30.70761,252,
1ed6554f-dc71-4d49-9cf4-f43ab61711c0_r,46.476308938028595,30.707672238349918,254,
1ed6554f-dc71-4d49-9cf4-f43ab61711c0_r,46.47634,30.70761,259,
1ed6554f-dc71-4d49-9cf4-f43ab61711c0_r,46.47653,30.7073,261,
1ed6554f-dc71-4d49-9cf4-f43ab61711c0_r,46.47661,30.70716,263,
1ed6554f-dc71-4d49-9cf4-f43ab61711c0_r,46.47671,30.70693,265,
1ed6554f-dc71-4d49-9cf4-f43ab61711c0_r,46.47691,30.70647,267,
1ed6554f-dc71-4d49-9cf4-f43ab61711c0_r,46.47701,30.70624,269,
1ed6554f-dc71-4d49-9cf4-f43ab61711c0_r,46.47711,30.70591,271,
1ed6554f-dc71-4d49-9cf4-f43ab61711c0_r,46.4772,30.70558,273,
1ed6554f-dc71-4d49-9cf4-f43ab61711c0_r,46.4773,30.70515,275,
1ed6554f-dc71-4d49-9cf4-f43ab61711c0_r,46.47735,30.70482,277,
1ed6554f-dc71-4d49-9cf4-f43ab61711c0_r,46.47741,30.70454,279,
1ed6554f-dc71-4d49-9cf4-f43ab61711c0_r,46.47742,30.70436,281,
1ed6554f-dc71-4d49-9cf4-f43ab61711c0_r,46.47745,30.70401,283,
1ed6554f-dc71-4d49-9cf4-f43ab61711c0_r,46.47744,30.70367,285,
1ed6554f-dc71-4d49-9cf4-f43ab61711c0_r,46.4774,30.70315,287,
1ed6554f-dc71-4d49-9cf4-f43ab61711c0_r,46.47732,30.70251,289,
1ed6554f-dc71-4d49-9cf4-f43ab61711c0_r,46.47715,30.70179,291,
1ed6554f-dc71-4d49-9cf4-f43ab61711c0_r,46.47701,30.70127,293,
1ed6554f-dc71-4d49-9cf4-f43ab61711c0_r,46.47687,30.70088,295,
1ed6554f-dc71-4d49-9cf4-f43ab61711c0_r,46.47676,30.70046,297,
1ed6554f-dc71-4d49-9cf4-f43ab61711c0_r,46.47669,30.70023,299,
1ed6554f-dc71-4d49-9cf4-f43ab61711c0_r,46.47665,30.70001,301,
1ed6554f-dc71-4d49-9cf4-f43ab61711c0_r,46.47662,30.69982,303,
1ed6554f-dc71-4d49-9cf4-f43ab61711c0_r,46.4766,30.6996,305,
1ed6554f-dc71-4d49-9cf4-f43ab61711c0_r,46.47658,30.69936,307,
1ed6554f-dc71-4d49-9cf4-f43ab61711c0_r,46.47656,30.69913,309,
1ed6554f-dc71-4d49-9cf4-f43ab61711c0_r,46.47654,30.69887,311,
1ed6554f-dc71-4d49-9cf4-f43ab61711c0_r,46.47654,30.69868,313,
1ed6554f-dc71-4d49-9cf4-f43ab61711c0_r,46.47653,30.69847,315,
1ed6554f-dc71-4d49-9cf4-f43ab61711c0_r,46.47654,30.69827,317,
1ed6554f-dc71-4d49-9cf4-f43ab61711c0_r,46.4766,30.69769,319,
1ed6554f-dc71-4d49-9cf4-f43ab61711c0_r,46.47667,30.69721,321,
1ed6554f-dc71-4d49-9cf4-f43ab61711c0_r,46.47681,30.6967,323,
1ed6554f-dc71-4d49-9cf4-f43ab61711c0_r,46.47687,30.69648,325,
1ed6554f-dc71-4d49-9cf4-f43ab61711c0_r,46.47696,30.6963,327,
1ed6554f-dc71-4d49-9cf4-f43ab61711c0_r,46.476984977982596,30.696288943290714,329,
1ed6554f-dc71-4d49-9cf4-f43ab61711c0_r,46.47698,30.69629,334,
1ed6554f-dc71-4d49-9cf4-f43ab61711c0_r,46.47701,30.69611,336,
1ed6554f-dc71-4d49-9cf4-f43ab61711c0_r,46.47708,30.69592,338,
1ed6554f-dc71-4d49-9cf4-f43ab61711c0_r,46.47725,30.69558,340,
1ed6554f-dc71-4d49-9cf4-f43ab61711c0_r,46.47745,30.69523,342,
1ed6554f-dc71-4d49-9cf4-f43ab61711c0_r,46.47762,30.69494,344,
1ed6554f-dc71-4d49-9cf4-f43ab61711c0_r,46.47814,30.69406,346,
1ed6554f-dc71-4d49-9cf4-f43ab61711c0_r,46.47823,30.69393,348,
1ed6554f-dc71-4d49-9cf4-f43ab61711c0_r,46.47876,30.69312,350,
1ed6554f-dc71-4d49-9cf4-f43ab61711c0_r,46.47926,30.69229,352,
1ed6554f-dc71-4d49-9cf4-f43ab61711c0_r,46.47939,30.69205,354,
1ed6554f-dc71-4d49-9cf4-f43ab61711c0_r,46.47943,30.69194,356,
1ed6554f-dc71-4d49-9cf4-f43ab61711c0_r,46.47945,30.6919,358,
1ed6554f-dc71-4d49-9cf4-f43ab61711c0_r,46.47948,30.69183,360,
1ed6554f-dc71-4d49-9cf4-f43ab61711c0_r,46.4795,30.69177,362,
1ed6554f-dc71-4d49-9cf4-f43ab61711c0_r,46.47955,30.6917,364,
1ed6554f-dc71-4d49-9cf4-f43ab61711c0_r,46.47958,30.69153,366,
1ed6554f-dc71-4d49-9cf4-f43ab61711c0_r,46.47964,30.69133,368,
1ed6554f-dc71-4d49-9cf4-f43ab61711c0_r,46.47975,30.6909,370,
1ed6554f-dc71-4d49-9cf4-f43ab61711c0_r,46.479766627773685,30.69089770317078,372,
1ed6554f-dc71-4d49-9cf4-f43ab61711c0_r,46.47977,30.6909,377,
1ed6554f-dc71-4d49-9cf4-f43ab61711c0_r,46.47979,30.69066,379,
1ed6554f-dc71-4d49-9cf4-f43ab61711c0_r,46.47982,30.69045,381,
1ed6554f-dc71-4d49-9cf4-f43ab61711c0_r,46.47988,30.69013,383,
1ed6554f-dc71-4d49-9cf4-f43ab61711c0_r,46.47994,30.68992,385,
1ed6554f-dc71-4d49-9cf4-f43ab61711c0_r,46.47999,30.68971,387,
1ed6554f-dc71-4d49-9cf4-f43ab61711c0_r,46.48003,30.68959,389,
1ed6554f-dc71-4d49-9cf4-f43ab61711c0_r,46.48006,30.68947,391,
1ed6554f-dc71-4d49-9cf4-f43ab61711c0_r,46.48018,30.68917,393,
1ed6554f-dc71-4d49-9cf4-f43ab61711c0_r,46.4803,30.68891,395,
1ed6554f-dc71-4d49-9cf4-f43ab61711c0_r,46.48038,30.68871,397,
1ed6554f-dc71-4d49-9cf4-f43ab61711c0_r,46.48045,30.68857,399,
1ed6554f-dc71-4d49-9cf4-f43ab61711c0_r,46.48053,30.68846,401,
1ed6554f-dc71-4d49-9cf4-f43ab61711c0_r,46.48064,30.68824,403,
1ed6554f-dc71-4d49-9cf4-f43ab61711c0_r,46.48078,30.68804,405,
1ed6554f-dc71-4d49-9cf4-f43ab61711c0_r,46.48099,30.68776,407,
1ed6554f-dc71-4d49-9cf4-f43ab61711c0_r,46.48164,30.68685,409,
1ed6554f-dc71-4d49-9cf4-f43ab61711c0_r,46.48226,30.68602,411,
1ed6554f-dc71-4d49-9cf4-f43ab61711c0_r,46.48264,30.68553,413,
1ed6554f-dc71-4d49-9cf4-f43ab61711c0_r,46.48265525565426,30.685511827468876,415,
1ed6554f-dc71-4d49-9cf4-f43ab61711c0_r,46.48266,30.68551,420,
1ed6554f-dc71-4d49-9cf4-f43ab61711c0_r,46.48335,30.68449,422,
1ed6554f-dc71-4d49-9cf4-f43ab61711c0_r,46.48376,30.68393,424,
1ed6554f-dc71-4d49-9cf4-f43ab61711c0_r,46.48455,30.68281,426,
1ed6554f-dc71-4d49-9cf4-f43ab61711c0_r,46.48498,30.68223,428,
1ed6554f-dc71-4d49-9cf4-f43ab61711c0_r,46.48576,30.68112,430,
1ed6554f-dc71-4d49-9cf4-f43ab61711c0_r,46.48616,30.68058,432,
1ed6554f-dc71-4d49-9cf4-f43ab61711c0_r,46.48627,30.68049,434,
1ed6554f-dc71-4d49-9cf4-f43ab61711c0_r,46.486271365167724,30.680480003356937,436,
1ed6554f-dc71-4d49-9cf4-f43ab61711c0_r,46.4863,30.6805,441,
1ed6554f-dc71-4d49-9cf4-f43ab61711c0_r,46.48633,30.68032,443,
1ed6554f-dc71-4d49-9cf4-f43ab61711c0_r,46.48656,30.67999,445,
1ed6554f-dc71-4d49-9cf4-f43ab61711c0_r,46.48688,30.67955,447,
1ed6554f-dc71-4d49-9cf4-f43ab61711c0_r,46.48778,30.67827,449,
1ed6554f-dc71-4d49-9cf4-f43ab61711c0_r,46.48825,30.67761,451,
1ed6554f-dc71-4d49-9cf4-f43ab61711c0_r,46.48866,30.67704,453,
1ed6554f-dc71-4d49-9cf4-f43ab61711c0_r,46.48867,30.67698,455,
1ed6554f-dc71-4d49-9cf4-f43ab61711c0_r,46.48865,30.67692,457,
1ed6554f-dc71-4d49-9cf4-f43ab61711c0_r,46.48862,30.67682,459,
1ed6554f-dc71-4d49-9cf4-f43ab61711c0_r,46.48857,30.67678,461,
1ed6554f-dc71-4d49-9cf4-f43ab61711c0_r,46.48819,30.67655,463,
1ed6554f-dc71-4d49-9cf4-f43ab61711c0_r,46.4873,30.67599,465,
1ed6554f-dc71-4d49-9cf4-f43ab61711c0_r,46.487294469994225,30.675968527793888,467,
1ed6554f-dc71-4d49-9cf4-f43ab61711c0_r,46.4873,30.676,472,
1ed6554f-dc71-4d49-9cf4-f43ab61711c0_r,46.48691,30.67579,474,
1ed6554f-dc71-4d49-9cf4-f43ab61711c0_r,46.48649,30.67553,476,
1ed6554f-dc71-4d49-9cf4-f43ab61711c0_r,46.48593,30.67519,478,
1ed6554f-dc71-4d49-9cf4-f43ab61711c0_r,46.4848,30.67446,480,
1ed6554f-dc71-4d49-9cf4-f43ab61711c0_r,46.4841,30.67402,482,
1ed6554f-dc71-4d49-9cf4-f43ab61711c0_r,46.48312,30.6734,484,
1ed6554f-dc71-4d49-9cf4-f43ab61711c0_r,46.4829,30.67329,486,
1ed6554f-dc71-4d49-9cf4-f43ab61711c0_r,46.48275,30.67325,488,
1ed6554f-dc71-4d49-9cf4-f43ab61711c0_r,46.48258,30.67323,490,
1ed6554f-dc71-4d49-9cf4-f43ab61711c0_r,46.4825,30.67317,492,
1ed6554f-dc71-4d49-9cf4-f43ab61711c0_r,46.48243,30.67308,494,
1ed6554f-dc71-4d49-9cf4-f43ab61711c0_r,46.4824,30.67299,496,
1ed6554f-dc71-4d49-9cf4-f43ab61711c0_r,46.48236,30.67285,498,
1ed6554f-dc71-4d49-9cf4-f43ab61711c0_r,46.48238,30.67269,500,
1ed6554f-dc71-4d49-9cf4-f43ab61711c0_r,46.48243,30.67257,502,
1ed6554f-dc71-4d49-9cf4-f43ab61711c0_r,46.48247,30.67236,504,
1ed6554f-dc71-4d49-9cf4-f43ab61711c0_r,46.48250011585463,30.67238509654999,506,
1ed6554f-dc71-4d49-9cf4-f43ab61711c0_r,46.48247,30.67237,511,
1ed6554f-dc71-4d49-9cf4-f43ab61711c0_r,46.48298,30.6705,513,
1ed6554f-dc71-4d49-9cf4-f43ab61711c0_r,46.48355,30.66832,515,
1ed6554f-dc71-4d49-9cf4-f43ab61711c0_r,46.48362,30.66802,517,
1ed6554f-dc71-4d49-9cf4-f43ab61711c0_r,46.48451,30.6645,519,
1ed6554f-dc71-4d49-9cf4-f43ab61711c0_r,46.484546448119666,30.664531588554386,521,
1ed6554f-dc71-4d49-9cf4-f43ab61711c0_r,46.48455,30.66453,526,
1ed6554f-dc71-4d49-9cf4-f43ab61711c0_r,46.48463,30.66402,528,
1ed6554f-dc71-4d49-9cf4-f43ab61711c0_r,46.48481,30.66338,530,
1ed6554f-dc71-4d49-9cf4-f43ab61711c0_r,46.48491,30.66306,532,
1ed6554f-dc71-4d49-9cf4-f43ab61711c0_r,46.48498,30.66288,534,
1ed6554f-dc71-4d49-9cf4-f43ab61711c0_r,46.48512,30.66255,536,
1ed6554f-dc71-4d49-9cf4-f43ab61711c0_r,46.48517,30.66243,538,
1ed6554f-dc71-4d49-9cf4-f43ab61711c0_r,46.48518,30.66232,540,
1ed6554f-dc71-4d49-9cf4-f43ab61711c0_r,46.4851,30.6622,542,
1ed6554f-dc71-4d49-9cf4-f43ab61711c0_r,46.48499,30.66226,544,
1ed6554f-dc71-4d49-9cf4-f43ab61711c0_r,46.48492,30.6625,546,
1ed6554f-dc71-4d49-9cf4-f43ab61711c0_r,46.48491,30.66273,548,
1ed6554f-dc71-4d49-9cf4-f43ab61711c0_r,46.48487,30.66272,550,
1ed6554f-dc71-4d49-9cf4-f43ab61711c0_r,46.484908426681415,30.662739872932438,552,
1ed6554f-dc71-4d49-9cf4-f43ab61711c0_r,46.48488,30.66272,557,
1ed6554f-dc71-4d49-9cf4-f43ab61711c0_r,46.48492,30.66273,559,
1ed6554f-dc71-4d49-9cf4-f43ab61711c0_r,46.48491,30.6628,561,
1ed6554f-dc71-4d49-9cf4-f43ab61711c0_r,46.48478,30.66317,563,
1ed6554f-dc71-4d49-9cf4-f43ab61711c0_r,46.4845,30.66428,565,
1ed6554f-dc71-4d49-9cf4-f43ab61711c0_r,46.48403,30.6661,567,
1ed6554f-dc71-4d49-9cf4-f43ab61711c0_r,46.48339,30.66859,569,
1ed6554f-dc71-4d49-9cf4-f43ab61711c0_r,46.48325,30.66913,571,
1ed6554f-dc71-4d49-9cf4-f43ab61711c0_r,46.48326103539736,30.66913962364197,573,
1ed6554f-dc71-4d49-9cf4-f43ab61711c0_r,46.48326,30.66914,578,
1ed6554f-dc71-4d49-9cf4-f43ab61711c0_r,46.48317,30.66947,580,
1ed6554f-dc71-4d49-9cf4-f43ab61711c0_r,46.4826,30.67173,582,
1ed6554f-dc71-4d49-9cf4-f43ab61711c0_r,46.48229,30.6728,584,
1ed6554f-dc71-4d49-9cf4-f43ab61711c0_r,46.48227,30.67311,586,
1ed6554f-dc71-4d49-9cf4-f43ab61711c0_r,46.48219,30.6732,588,
1ed6554f-dc71-4d49-9cf4-f43ab61711c0_r,46.48078,30.67328,590,
1ed6554f-dc71-4d49-9cf4-f43ab61711c0_r,46.48015,30.67327,592,
1ed6554f-dc71-4d49-9cf4-f43ab61711c0_r,46.48014710799065,30.673270225524906,594,
1ed6554f-dc71-4d49-9cf4-f43ab61711c0_r,46.48015,30.67327,599,
1ed6554f-dc71-4d49-9cf4-f43ab61711c0_r,46.47965,30.6733,601,
1ed6554f-dc71-4d49-9cf4-f43ab61711c0_r,46.47951,30.67329,603,
1ed6554f-dc71-4d49-9cf4-f43ab61711c0_r,46.47932,30.67331,605,
1ed6554f-dc71-4d49-9cf4-f43ab61711c0_r,46.47907,30.6733,607,
1ed6554f-dc71-4d49-9cf4-f43ab61711c0_r,46.47874,30.67332,609,
1ed6554f-dc71-4d49-9cf4-f43ab61711c0_r,46.47856,30.67333,611,
1ed6554f-dc71-4d49-9cf4-f43ab61711c0_r,46.47763,30.67336,613,
1ed6554f-dc71-4d49-9cf4-f43ab61711c0_r,46.4769,30.67339,615,
1ed6554f-dc71-4d49-9cf4-f43ab61711c0_r,46.47431,30.67346,617,
1ed6554f-dc71-4d49-9cf4-f43ab61711c0_r,46.4742,30.67342,619,
1ed6554f-dc71-4d49-9cf4-f43ab61711c0_r,46.47412,30.67336,621,
1ed6554f-dc71-4d49-9cf4-f43ab61711c0_r,46.47407,30.67328,623,
1ed6554f-dc71-4d49-9cf4-f43ab61711c0_r,46.47401,30.67319,625,
1ed6554f-dc71-4d49-9cf4-f43ab61711c0_r,46.4739,30.67311,627,
1ed6554f-dc71-4d49-9cf4-f43ab61711c0_r,46.47376,30.67307,629,
1ed6554f-dc71-4d49-9cf4-f43ab61711c0_r,46.47359,30.67307,631,
1ed6554f-dc71-4d49-9cf4-f43ab61711c0_r,46.47358622215161,30.673066377639774,633,
102446be-726c-446b-8c1c-8e5d8dc48cfa_r,46.46564634481444,30.688564181327823,1,
102446be-726c-446b-8c1c-8e5d8dc48cfa_r,46.46565,30.68856,6,
102446be-726c-446b-8c1c-8e5d8dc48cfa_r,46.4655,30.6886,8,
102446be-726c-446b-8c1c-8e5d8dc48cfa_r,46.46539,30.68873,10,
102446be-726c-446b-8c1c-8e5d8dc48cfa_r,46.46535,30.68897,12,
102446be-726c-446b-8c1c-8e5d8dc48cfa_r,46.46538,30.6892,14,
102446be-726c-446b-8c1c-8e5d8dc48cfa_r,46.4655,30.68929,16,
102446be-726c-446b-8c1c-8e5d8dc48cfa_r,46.46566,30.68933,18,
102446be-726c-446b-8c1c-8e5d8dc48cfa_r,46.46599,30.68941,20,
102446be-726c-446b-8c1c-8e5d8dc48cfa_r,46.46613,30.68946,22,
102446be-726c-446b-8c1c-8e5d8dc48cfa_r,46.4662,30.68961,24,
102446be-726c-446b-8c1c-8e5d8dc48cfa_r,46.46621,30.68971,26,
102446be-726c-446b-8c1c-8e5d8dc48cfa_r,46.46603,30.692,28,
102446be-726c-446b-8c1c-8e5d8dc48cfa_r,46.46593,30.69321,30,
102446be-726c-446b-8c1c-8e5d8dc48cfa_r,46.46587,30.69388,32,
102446be-726c-446b-8c1c-8e5d8dc48cfa_r,46.46584,30.69408,34,
102446be-726c-446b-8c1c-8e5d8dc48cfa_r,46.46577,30.69419,36,
102446be-726c-446b-8c1c-8e5d8dc48cfa_r,46.46579044783526,30.69416463375092,38,
102446be-726c-446b-8c1c-8e5d8dc48cfa_r,46.46579,30.69416,43,
102446be-726c-446b-8c1c-8e5d8dc48cfa_r,46.46582,30.69433,45,
102446be-726c-446b-8c1c-8e5d8dc48cfa_r,46.4658,30.69463,47,
102446be-726c-446b-8c1c-8e5d8dc48cfa_r,46.46576,30.69527,49,
102446be-726c-446b-8c1c-8e5d8dc48cfa_r,46.46563,30.69673,51,
102446be-726c-446b-8c1c-8e5d8dc48cfa_r,46.46551,30.69811,53,
102446be-726c-446b-8c1c-8e5d8dc48cfa_r,46.46544,30.69895,55,
102446be-726c-446b-8c1c-8e5d8dc48cfa_r,46.4654,30.69937,57,
102446be-726c-446b-8c1c-8e5d8dc48cfa_r,46.46532,30.69946,59,
102446be-726c-446b-8c1c-8e5d8dc48cfa_r,46.4653248828549,30.699470043182377,61,
102446be-726c-446b-8c1c-8e5d8dc48cfa_r,46.46532,30.69947,66,
102446be-726c-446b-8c1c-8e5d8dc48cfa_r,46.46539,30.69972,68,
102446be-726c-446b-8c1c-8e5d8dc48cfa_r,46.46536,30.70019,70,
102446be-726c-446b-8c1c-8e5d8dc48cfa_r,46.46528,30.70109,72,
102446be-726c-446b-8c1c-8e5d8dc48cfa_r,46.46514,30.70281,74,
102446be-726c-446b-8c1c-8e5d8dc48cfa_r,46.465,30.70459,76,
102446be-726c-446b-8c1c-8e5d8dc48cfa_r,46.46493,30.70546,78,
102446be-726c-446b-8c1c-8e5d8dc48cfa_r,46.46487,30.70608,80,
102446be-726c-446b-8c1c-8e5d8dc48cfa_r,46.46487039891441,30.7060843706131,82,
102446be-726c-446b-8c1c-8e5d8dc48cfa_r,46.46487,30.70608,87,
102446be-726c-446b-8c1c-8e5d8dc48cfa_r,46.46483,30.70656,89,
102446be-726c-446b-8c1c-8e5d8dc48cfa_r,46.4648,30.70695,91,
102446be-726c-446b-8c1c-8e5d8dc48cfa_r,46.46473,30.70787,93,
102446be-726c-446b-8c1c-8e5d8dc48cfa_r,46.46457,30.70967,95,
102446be-726c-446b-8c1c-8e5d8dc48cfa_r,46.46443,30.71146,97,
102446be-726c-446b-8c1c-8e5d8dc48cfa_r,46.46435,30.71241,99,
102446be-726c-446b-8c1c-8e5d8dc48cfa_r,46.46431,30.71293,101,
102446be-726c-446b-8c1c-8e5d8dc48cfa_r,46.46428,30.71299,103,
102446be-726c-446b-8c1c-8e5d8dc48cfa_r,46.46431,30.71293,105,
102446be-726c-446b-8c1c-8e5d8dc48cfa_r,46.464305059937026,30.712929368019108,107,
102446be-726c-446b-8c1c-8e5d8dc48cfa_r,46.46431,30.71293,112,
102446be-726c-446b-8c1c-8e5d8dc48cfa_r,46.46428,30.71299,114,
102446be-726c-446b-8c1c-8e5d8dc48cfa_r,46.4643,30.71326,116,
102446be-726c-446b-8c1c-8e5d8dc48cfa_r,46.46436,30.71339,118,
102446be-726c-446b-8c1c-8e5d8dc48cfa_r,46.46441,30.71348,120,
102446be-726c-446b-8c1c-8e5d8dc48cfa_r,46.46639,30.71603,122,
102446be-726c-446b-8c1c-8e5d8dc48cfa_r,46.4674,30.71729,124,
102446be-726c-446b-8c1c-8e5d8dc48cfa_r,46.46797,30.71801,126,
102446be-726c-446b-8c1c-8e5d8dc48cfa_r,46.46819,30.7183,128,
102446be-726c-446b-8c1c-8e5d8dc48cfa_r,46.46821058259272,30.71834206581116,130,
102446be-726c-446b-8c1c-8e5d8dc48cfa_r,46.46821,30.71834,135,
102446be-726c-446b-8c1c-8e5d8dc48cfa_r,46.46838,30.71858,137,
102446be-726c-446b-8c1c-8e5d8dc48cfa_r,46.46856,30.71878,139,
102446be-726c-446b-8c1c-8e5d8dc48cfa_r,46.46892,30.7193,141,
102446be-726c-446b-8c1c-8e5d8dc48cfa_r,46.46952,30.72022,143,
102446be-726c-446b-8c1c-8e5d8dc48cfa_r,46.4701,30.72117,145,
102446be-726c-446b-8c1c-8e5d8dc48cfa_r,46.47068,30.7221,147,
102446be-726c-446b-8c1c-8e5d8dc48cfa_r,46.470678639736505,30.72210252285004,149,
102446be-726c-446b-8c1c-8e5d8dc48cfa_r,46.47068,30.7221,154,
102446be-726c-446b-8c1c-8e5d8dc48cfa_r,46.47092,30.72248,156,
102446be-726c-446b-8c1c-8e5d8dc48cfa_r,46.4712,30.7229,158,
102446be-726c-446b-8c1c-8e5d8dc48cfa_r,46.47153,30.72342,160,
102446be-726c-446b-8c1c-8e5d8dc48cfa_r,46.47184,30.72392,162,
102446be-726c-446b-8c1c-8e5d8dc48cfa_r,46.47283,30.72561,164,
102446be-726c-446b-8c1c-8e5d8dc48cfa_r,46.47319091829153,30.725803971290592,166,
102446be-726c-446b-8c1c-8e5d8dc48cfa_r,46.47283,30.72561,171,
102446be-726c-446b-8c1c-8e5d8dc48cfa_r,46.47295,30.72572,173,
102446be-726c-446b-8c1c-8e5d8dc48cfa_r,46.47308,30.72578,175,
102446be-726c-446b-8c1c-8e5d8dc48cfa_r,46.47331,30.72582,177,
102446be-726c-446b-8c1c-8e5d8dc48cfa_r,46.47342,30.72579,179,
102446be-726c-446b-8c1c-8e5d8dc48cfa_r,46.47354,30.72577,181,
102446be-726c-446b-8c1c-8e5d8dc48cfa_r,46.47523,30.72386,183,
102446be-726c-446b-8c1c-8e5d8dc48cfa_r,46.47531,30.72379,185,
102446be-726c-446b-8c1c-8e5d8dc48cfa_r,46.47544,30.72376,187,
102446be-726c-446b-8c1c-8e5d8dc48cfa_r,46.47553,30.7238,189,
102446be-726c-446b-8c1c-8e5d8dc48cfa_r,46.47563,30.72394,191,
102446be-726c-446b-8c1c-8e5d8dc48cfa_r,46.4757,30.72408,193,
102446be-726c-446b-8c1c-8e5d8dc48cfa_r,46.47572524650347,30.72410345077515,195,
102446be-726c-446b-8c1c-8e5d8dc48cfa_r,46.47573,30.7241,200,
102446be-726c-446b-8c1c-8e5d8dc48cfa_r,46.47591,30.72446,202,
102446be-726c-446b-8c1c-8e5d8dc48cfa_r,46.47633,30.72523,204,
102446be-726c-446b-8c1c-8e5d8dc48cfa_r,46.47692,30.72625,206,
102446be-726c-446b-8c1c-8e5d8dc48cfa_r,46.47697,30.72638,208,
102446be-726c-446b-8c1c-8e5d8dc48cfa_r,46.4769775896132,30.72632968425751,210,
102446be-726c-446b-8c1c-8e5d8dc48cfa_r,46.47698,30.72633,215,
102446be-726c-446b-8c1c-8e5d8dc48cfa_r,46.47722,30.72674,217,
102446be-726c-446b-8c1c-8e5d8dc48cfa_r,46.47752,30.72726,219,
102446be-726c-446b-8c1c-8e5d8dc48cfa_r,46.47834,30.72868,221,
102446be-726c-446b-8c1c-8e5d8dc48cfa_r,46.47906,30.7299,223,
102446be-726c-446b-8c1c-8e5d8dc48cfa_r,46.47944,30.73055,225,
102446be-726c-446b-8c1c-8e5d8dc48cfa_r,46.47961,30.73085,227,
102446be-726c-446b-8c1c-8e5d8dc48cfa_r,46.47965,30.73098,229,
102446be-726c-446b-8c1c-8e5d8dc48cfa_r,46.47964472578217,30.730980634689335,231,
1ed6554f-dc71-4d49-9cf4-f43ab61711c0_d,46.47358622215161,30.673066377639774,1,
1ed6554f-dc71-4d49-9cf4-f43ab61711c0_d,46.47351,30.67304,6,
1ed6554f-dc71-4d49-9cf4-f43ab61711c0_d,46.47353,30.67316,8,
1ed6554f-dc71-4d49-9cf4-f43ab61711c0_d,46.47352,30.67316,10,
1ed6554f-dc71-4d49-9cf4-f43ab61711c0_d,46.47338,30.6733,12,
1ed6554f-dc71-4d49-9cf4-f43ab61711c0_d,46.47334,30.6734,14,
1ed6554f-dc71-4d49-9cf4-f43ab61711c0_d,46.47337,30.67351,16,
1ed6554f-dc71-4d49-9cf4-f43ab61711c0_d,46.47343,30.67357,18,
1ed6554f-dc71-4d49-9cf4-f43ab61711c0_d,46.47348,30.67357,20,
1ed6554f-dc71-4d49-9cf4-f43ab61711c0_d,46.47362,30.67356,22,
1ed6554f-dc71-4d49-9cf4-f43ab61711c0_d,46.47436,30.67351,24,
1ed6554f-dc71-4d49-9cf4-f43ab61711c0_d,46.47689,30.67344,26,
1ed6554f-dc71-4d49-9cf4-f43ab61711c0_d,46.4776,30.67342,28,
1ed6554f-dc71-4d49-9cf4-f43ab61711c0_d,46.47854,30.67339,30,
1ed6554f-dc71-4d49-9cf4-f43ab61711c0_d,46.47871,30.67338,32,
1ed6554f-dc71-4d49-9cf4-f43ab61711c0_d,46.47906,30.67338,34,
1ed6554f-dc71-4d49-9cf4-f43ab61711c0_d,46.47931,30.67336,36,
1ed6554f-dc71-4d49-9cf4-f43ab61711c0_d,46.47934,30.67336,38,
1ed6554f-dc71-4d49-9cf4-f43ab61711c0_d,46.47935,30.67347,40,
1ed6554f-dc71-4d49-9cf4-f43ab61711c0_d,46.479352898692994,30.67338287830353,42,
1ed6554f-dc71-4d49-9cf4-f43ab61711c0_d,46.47935,30.67347,47,
1ed6554f-dc71-4d49-9cf4-f43ab61711c0_d,46.47934,30.67336,49,
1ed6554f-dc71-4d49-9cf4-f43ab61711c0_d,46.47949,30.67336,51,
1ed6554f-dc71-4d49-9cf4-f43ab61711c0_d,46.47964,30.67336,53,
1ed6554f-dc71-4d49-9cf4-f43ab61711c0_d,46.47998,30.67336,55,
1ed6554f-dc71-4d49-9cf4-f43ab61711c0_d,46.48013,30.67336,57,
1ed6554f-dc71-4d49-9cf4-f43ab61711c0_d,46.48079,30.67336,59,
1ed6554f-dc71-4d49-9cf4-f43ab61711c0_d,46.48218,30.6733,61,
1ed6554f-dc71-4d49-9cf4-f43ab61711c0_d,46.48238,30.67331,63,
1ed6554f-dc71-4d49-9cf4-f43ab61711c0_d,46.48253,30.67329,65,
1ed6554f-dc71-4d49-9cf4-f43ab61711c0_d,46.48266,30.67329,67,
1ed6554f-dc71-4d49-9cf4-f43ab61711c0_d,46.48275,30.67331,69,
1ed6554f-dc71-4d49-9cf4-f43ab61711c0_d,46.48274390676969,30.673356056213382,71,
1ed6554f-dc71-4d49-9cf4-f43ab61711c0_d,46.48276,30.67331,76,
1ed6554f-dc71-4d49-9cf4-f43ab61711c0_d,46.48282,30.67333,78,
1ed6554f-dc71-4d49-9cf4-f43ab61711c0_d,46.48295,30.67336,80,
1ed6554f-dc71-4d49-9cf4-f43ab61711c0_d,46.48314,30.67348,82,
1ed6554f-dc71-4d49-9cf4-f43ab61711c0_d,46.48415,30.67413,84,
1ed6554f-dc71-4d49-9cf4-f43ab61711c0_d,46.48484,30.67454,86,
1ed6554f-dc71-4d49-9cf4-f43ab61711c0_d,46.48593,30.67524,88,
1ed6554f-dc71-4d49-9cf4-f43ab61711c0_d,46.48649,30.67559,90,
1ed6554f-dc71-4d49-9cf4-f43ab61711c0_d,46.4869,30.67585,92,
1ed6554f-dc71-4d49-9cf4-f43ab61711c0_d,46.48726,30.67608,94,
1ed6554f-dc71-4d49-9cf4-f43ab61711c0_d,46.48821,30.67668,96,
1ed6554f-dc71-4d49-9cf4-f43ab61711c0_d,46.48827,30.67677,98,
1ed6554f-dc71-4d49-9cf4-f43ab61711c0_d,46.48831,30.67685,100,
1ed6554f-dc71-4d49-9cf4-f43ab61711c0_d,46.48831,30.67692,102,
1ed6554f-dc71-4d49-9cf4-f43ab61711c0_d,46.48831,30.67696,104,
1ed6554f-dc71-4d49-9cf4-f43ab61711c0_d,46.48829,30.67716,106,
1ed6554f-dc71-4d49-9cf4-f43ab61711c0_d,46.48830647533179,30.677100419998172,108,
1ed6554f-dc71-4d49-9cf4-f43ab61711c0_d,46.48828,30.67716,113,
1ed6554f-dc71-4d49-9cf4-f43ab61711c0_d,46.48828,30.67722,115,
1ed6554f-dc71-4d49-9cf4-f43ab61711c0_d,46.48828,30.67747,117,
1ed6554f-dc71-4d49-9cf4-f43ab61711c0_d,46.48823,30.6776,119,
1ed6554f-dc71-4d49-9cf4-f43ab61711c0_d,46.48776,30.67825,121,
1ed6554f-dc71-4d49-9cf4-f43ab61711c0_d,46.48724,30.67897,123,
1ed6554f-dc71-4d49-9cf4-f43ab61711c0_d,46.48682,30.67958,125,
1ed6554f-dc71-4d49-9cf4-f43ab61711c0_d,46.48652,30.68001,127,
1ed6554f-dc71-4d49-9cf4-f43ab61711c0_d,46.48624,30.68036,129,
1ed6554f-dc71-4d49-9cf4-f43ab61711c0_d,46.486,30.68067,131,
1ed6554f-dc71-4d49-9cf4-f43ab61711c0_d,46.48568,30.68109,133,
1ed6554f-dc71-4d49-9cf4-f43ab61711c0_d,46.48556,30.68121,135,
1ed6554f-dc71-4d49-9cf4-f43ab61711c0_d,46.48556219818422,30.681204199790958,137,
1ed6554f-dc71-4d49-9cf4-f43ab61711c0_d,46.48556,30.6812,142,
1ed6554f-dc71-4d49-9cf4-f43ab61711c0_d,46.48549,30.68134,144,
1ed6554f-dc71-4d49-9cf4-f43ab61711c0_d,46.48531,30.68161,146,
1ed6554f-dc71-4d49-9cf4-f43ab61711c0_d,46.48479,30.68234,148,
1ed6554f-dc71-4d49-9cf4-f43ab61711c0_d,46.48448,30.68277,150,
1ed6554f-dc71-4d49-9cf4-f43ab61711c0_d,46.48367,30.68392,152,
1ed6554f-dc71-4d49-9cf4-f43ab61711c0_d,46.48328,30.6845,154,
1ed6554f-dc71-4d49-9cf4-f43ab61711c0_d,46.48296,30.68493,156,
1ed6554f-dc71-4d49-9cf4-f43ab61711c0_d,46.48175,30.68648,158,
1ed6554f-dc71-4d49-9cf4-f43ab61711c0_d,46.48175026725327,30.686488151550297,160,
1ed6554f-dc71-4d49-9cf4-f43ab61711c0_d,46.48175,30.68649,165,
1ed6554f-dc71-4d49-9cf4-f43ab61711c0_d,46.48165,30.68667,167,
1ed6554f-dc71-4d49-9cf4-f43ab61711c0_d,46.48107,30.68752,169,
1ed6554f-dc71-4d49-9cf4-f43ab61711c0_d,46.48105,30.68756,171,
1ed6554f-dc71-4d49-9cf4-f43ab61711c0_d,46.48101,30.68763,173,
1ed6554f-dc71-4d49-9cf4-f43ab61711c0_d,46.48097,30.68769,175,
1ed6554f-dc71-4d49-9cf4-f43ab61711c0_d,46.48073,30.68801,177,
1ed6554f-dc71-4d49-9cf4-f43ab61711c0_d,46.48058,30.68825,179,
1ed6554f-dc71-4d49-9cf4-f43ab61711c0_d,46.48049,30.68838,181,
1ed6554f-dc71-4d49-9cf4-f43ab61711c0_d,46.48045,30.68846,183,
1ed6554f-dc71-4d49-9cf4-f43ab61711c0_d,46.48041,30.68853,185,
1ed6554f-dc71-4d49-9cf4-f43ab61711c0_d,46.48032,30.6887,187,
1ed6554f-dc71-4d49-9cf4-f43ab61711c0_d,46.48024,30.68889,189,
1ed6554f-dc71-4d49-9cf4-f43ab61711c0_d,46.48013,30.68911,191,
1ed6554f-dc71-4d49-9cf4-f43ab61711c0_d,46.48006,30.6893,193,
1ed6554f-dc71-4d49-9cf4-f43ab61711c0_d,46.48004,30.68934,195,
1ed6554f-dc71-4d49-9cf4-f43ab61711c0_d,46.48,30.68949,197,
1ed6554f-dc71-4d49-9cf4-f43ab61711c0_d,46.47998,30.68958,199,
1ed6554f-dc71-4d49-9cf4-f43ab61711c0_d,46.47994,30.68971,201,
1ed6554f-dc71-4d49-9cf4-f43ab61711c0_d,46.47986,30.68996,203,
1ed6554f-dc71-4d49-9cf4-f43ab61711c0_d,46.47983,30.69014,205,
1ed6554f-dc71-4d49-9cf4-f43ab61711c0_d,46.47979,30.69041,207,
1ed6554f-dc71-4d49-9cf4-f43ab61711c0_d,46.47974,30.69061,209,
1ed6554f-dc71-4d49-9cf4-f43ab61711c0_d,46.4797,30.69079,211,
1ed6554f-dc71-4d49-9cf4-f43ab61711c0_d,46.47963,30.69076,213,
1ed6554f-dc71-4d49-9cf4-f43ab61711c0_d,46.47965580779269,30.690758228302006,215,
1ed6554f-dc71-4d49-9cf4-f43ab61711c0_d,46.47963,30.69076,220,
1ed6554f-dc71-4d49-9cf4-f43ab61711c0_d,46.4797,30.69079,222,
1ed6554f-dc71-4d49-9cf4-f43ab61711c0_d,46.4797,30.6908,224,
1ed6554f-dc71-4d49-9cf4-f43ab61711c0_d,46.47968,30.69091,226,
1ed6554f-dc71-4d49-9cf4-f43ab61711c0_d,46.47959,30.69132,228,
1ed6554f-dc71-4d49-9cf4-f43ab61711c0_d,46.47957,30.69151,230,
1ed6554f-dc71-4d49-9cf4-f43ab61711c0_d,46.47953,30.6917,232,
1ed6554f-dc71-4d49-9cf4-f43ab61711c0_d,46.47951,30.69177,234,
1ed6554f-dc71-4d49-9cf4-f43ab61711c0_d,46.47949,30.69183,236,
1ed6554f-dc71-4d49-9cf4-f43ab61711c0_d,46.47946,30.6919,238,
1ed6554f-dc71-4d49-9cf4-f43ab61711c0_d,46.47944,30.69194,240,
1ed6554f-dc71-4d49-9cf4-f43ab61711c0_d,46.4794,30.69205,242,
1ed6554f-dc71-4d49-9cf4-f43ab61711c0_d,46.47923,30.69228,244,
1ed6554f-dc71-4d49-9cf4-f43ab61711c0_d,46.47824,30.69393,246,
1ed6554f-dc71-4d49-9cf4-f43ab61711c0_d,46.47815,30.69406,248,
1ed6554f-dc71-4d49-9cf4-f43ab61711c0_d,46.4776,30.69492,250,
1ed6554f-dc71-4d49-9cf4-f43ab61711c0_d,46.47743,30.6952,252,
1ed6554f-dc71-4d49-9cf4-f43ab61711c0_d,46.4773,30.69541,254,
1ed6554f-dc71-4d49-9cf4-f43ab61711c0_d,46.47721,30.69561,256,
1ed6554f-dc71-4d49-9cf4-f43ab61711c0_d,46.47712,30.69576,258,
1ed6554f-dc71-4d49-9cf4-f43ab61711c0_d,46.47706,30.69589,260,
1ed6554f-dc71-4d49-9cf4-f43ab61711c0_d,46.47695,30.69607,262,
1ed6554f-dc71-4d49-9cf4-f43ab61711c0_d,46.47685,30.69615,264,
1ed6554f-dc71-4d49-9cf4-f43ab61711c0_d,46.47687045814412,30.696187019348148,266,
1ed6554f-dc71-4d49-9cf4-f43ab61711c0_d,46.47685,30.69615,271,
1ed6554f-dc71-4d49-9cf4-f43ab61711c0_d,46.47685,30.69631,273,
1ed6554f-dc71-4d49-9cf4-f43ab61711c0_d,46.47682,30.69647,275,
1ed6554f-dc71-4d49-9cf4-f43ab61711c0_d,46.47676,30.69668,277,
1ed6554f-dc71-4d49-9cf4-f43ab61711c0_d,46.47672,30.6969,279,
1ed6554f-dc71-4d49-9cf4-f43ab61711c0_d,46.47665,30.69707,281,
1ed6554f-dc71-4d49-9cf4-f43ab61711c0_d,46.47663,30.6972,283,
1ed6554f-dc71-4d49-9cf4-f43ab61711c0_d,46.47661,30.69732,285,
1ed6554f-dc71-4d49-9cf4-f43ab61711c0_d,46.47659,30.69743,287,
1ed6554f-dc71-4d49-9cf4-f43ab61711c0_d,46.4765,30.69816,289,
1ed6554f-dc71-4d49-9cf4-f43ab61711c0_d,46.47648,30.69823,291,
1ed6554f-dc71-4d49-9cf4-f43ab61711c0_d,46.47648,30.69831,293,
1ed6554f-dc71-4d49-9cf4-f43ab61711c0_d,46.47648,30.6984,295,
1ed6554f-dc71-4d49-9cf4-f43ab61711c0_d,46.47648,30.69848,297,
1ed6554f-dc71-4d49-9cf4-f43ab61711c0_d,46.47648,30.69859,299,
1ed6554f-dc71-4d49-9cf4-f43ab61711c0_d,46.47648,30.69876,301,
1ed6554f-dc71-4d49-9cf4-f43ab61711c0_d,46.4765,30.699,303,
1ed6554f-dc71-4d49-9cf4-f43ab61711c0_d,46.4765,30.69921,305,
1ed6554f-dc71-4d49-9cf4-f43ab61711c0_d,46.47652,30.69949,307,
1ed6554f-dc71-4d49-9cf4-f43ab61711c0_d,46.47655,30.69972,309,
1ed6554f-dc71-4d49-9cf4-f43ab61711c0_d,46.47656,30.69992,311,
1ed6554f-dc71-4d49-9cf4-f43ab61711c0_d,46.4766,30.70011,313,
1ed6554f-dc71-4d49-9cf4-f43ab61711c0_d,46.47664,30.70033,315,
1ed6554f-dc71-4d49-9cf4-f43ab61711c0_d,46.47671,30.70054,317,
1ed6554f-dc71-4d49-9cf4-f43ab61711c0_d,46.47679,30.70084,319,
1ed6554f-dc71-4d49-9cf4-f43ab61711c0_d,46.47696,30.70142,321,
1ed6554f-dc71-4d49-9cf4-f43ab61711c0_d,46.47711,30.70187,323,
1ed6554f-dc71-4d49-9cf4-f43ab61711c0_d,46.47718,30.70215,325,
1ed6554f-dc71-4d49-9cf4-f43ab61711c0_d,46.47724,30.70237,327,
1ed6554f-dc71-4d49-9cf4-f43ab61711c0_d,46.47729,30.7026,329,
1ed6554f-dc71-4d49-9cf4-f43ab61711c0_d,46.47731,30.7028,331,
1ed6554f-dc71-4d49-9cf4-f43ab61711c0_d,46.47733,30.70295,333,
1ed6554f-dc71-4d49-9cf4-f43ab61711c0_d,46.47735,30.70307,335,
1ed6554f-dc71-4d49-9cf4-f43ab61711c0_d,46.47735,30.70324,337,
1ed6554f-dc71-4d49-9cf4-f43ab61711c0_d,46.47735,30.70354,339,
1ed6554f-dc71-4d49-9cf4-f43ab61711c0_d,46.47737,30.70378,341,
1ed6554f-dc71-4d49-9cf4-f43ab61711c0_d,46.47737,30.70406,343,
1ed6554f-dc71-4d49-9cf4-f43ab61711c0_d,46.47737,30.70432,345,
1ed6554f-dc71-4d49-9cf4-f43ab61711c0_d,46.47735,30.70448,347,
1ed6554f-dc71-4d49-9cf4-f43ab61711c0_d,46.47734,30.70461,349,
1ed6554f-dc71-4d49-9cf4-f43ab61711c0_d,46.47729,30.70482,351,
1ed6554f-dc71-4d49-9cf4-f43ab61711c0_d,46.47726,30.70502,353,
1ed6554f-dc71-4d49-9cf4-f43ab61711c0_d,46.47722,30.70521,355,
1ed6554f-dc71-4d49-9cf4-f43ab61711c0_d,46.47717,30.7054,357,
1ed6554f-dc71-4d49-9cf4-f43ab61711c0_d,46.47713,30.70562,359,
1ed6554f-dc71-4d49-9cf4-f43ab61711c0_d,46.47706,30.70583,361,
1ed6554f-dc71-4d49-9cf4-f43ab61711c0_d,46.47702,30.70603,363,
1ed6554f-dc71-4d49-9cf4-f43ab61711c0_d,46.47693,30.70622,365,
1ed6554f-dc71-4d49-9cf4-f43ab61711c0_d,46.47691,30.70631,367,
1ed6554f-dc71-4d49-9cf4-f43ab61711c0_d,46.47687,30.70637,369,
1ed6554f-dc71-4d49-9cf4-f43ab61711c0_d,46.47663,30.70695,371,
1ed6554f-dc71-4d49-9cf4-f43ab61711c0_d,46.47659,30.70703,373,
1ed6554f-dc71-4d49-9cf4-f43ab61711c0_d,46.47655,30.70712,375,
1ed6554f-dc71-4d49-9cf4-f43ab61711c0_d,46.47648,30.70723,377,
1ed6554f-dc71-4d49-9cf4-f43ab61711c0_d,46.47644,30.70731,379,
1ed6554f-dc71-4d49-9cf4-f43ab61711c0_d,46.47622,30.70761,381,
1ed6554f-dc71-4d49-9cf4-f43ab61711c0_d,46.47592,30.70793,383,
1ed6554f-dc71-4d49-9cf4-f43ab61711c0_d,46.475939513739995,30.707935094833378,385,
1ed6554f-dc71-4d49-9cf4-f43ab61711c0_d,46.47594,30.70794,390,
1ed6554f-dc71-4d49-9cf4-f43ab61711c0_d,46.4757,30.7083,392,
1ed6554f-dc71-4d49-9cf4-f43ab61711c0_d,46.47529,30.7089,394,
1ed6554f-dc71-4d49-9cf4-f43ab61711c0_d,46.47521,30.70904,396,
1ed6554f-dc71-4d49-9cf4-f43ab61711c0_d,46.47514,30.70917,398,
1ed6554f-dc71-4d49-9cf4-f43ab61711c0_d,46.4751,30.70925,400,
1ed6554f-dc71-4d49-9cf4-f43ab61711c0_d,46.47505,30.70938,402,
1ed6554f-dc71-4d49-9cf4-f43ab61711c0_d,46.47501,30.70952,404,
1ed6554f-dc71-4d49-9cf4-f43ab61711c0_d,46.47494,30.70978,406,
1ed6554f-dc71-4d49-9cf4-f43ab61711c0_d,46.47481,30.71115,408,
1ed6554f-dc71-4d49-9cf4-f43ab61711c0_d,46.47474,30.71193,410,
1ed6554f-dc71-4d49-9cf4-f43ab61711c0_d,46.47474625615495,30.711920857429508,412,
1ed6554f-dc71-4d49-9cf4-f43ab61711c0_d,46.47475,30.71192,417,
1ed6554f-dc71-4d49-9cf4-f43ab61711c0_d,46.47447,30.71524,419,
1ed6554f-dc71-4d49-9cf4-f43ab61711c0_d,46.47445,30.71549,421,
1ed6554f-dc71-4d49-9cf4-f43ab61711c0_d,46.47443,30.71601,423,
1ed6554f-dc71-4d49-9cf4-f43ab61711c0_d,46.47425,30.71794,425,
1ed6554f-dc71-4d49-9cf4-f43ab61711c0_d,46.47419,30.71868,427,
1ed6554f-dc71-4d49-9cf4-f43ab61711c0_d,46.47413,30.71961,429,
1ed6554f-dc71-4d49-9cf4-f43ab61711c0_d,46.47409974343904,30.719559788703922,431,
1ed6554f-dc71-4d49-9cf4-f43ab61711c0_d,46.47412,30.71961,436,
1ed6554f-dc71-4d49-9cf4-f43ab61711c0_d,46.4741,30.71992,438,
1ed6554f-dc71-4d49-9cf4-f43ab61711c0_d,46.47395,30.72119,440,
1ed6554f-dc71-4d49-9cf4-f43ab61711c0_d,46.4739,30.7219,442,
1ed6554f-dc71-4d49-9cf4-f43ab61711c0_d,46.47386,30.72222,444,
1ed6554f-dc71-4d49-9cf4-f43ab61711c0_d,46.47383,30.72264,446,
1ed6554f-dc71-4d49-9cf4-f43ab61711c0_d,46.47374,30.72393,448,
1ed6554f-dc71-4d49-9cf4-f43ab61711c0_d,46.47374,30.72418,450,
1ed6554f-dc71-4d49-9cf4-f43ab61711c0_d,46.47373,30.72429,452,
1ed6554f-dc71-4d49-9cf4-f43ab61711c0_d,46.47371,30.7244,454,
1ed6554f-dc71-4d49-9cf4-f43ab61711c0_d,46.47367,30.72451,456,
1ed6554f-dc71-4d49-9cf4-f43ab61711c0_d,46.47343,30.72479,458,
1ed6554f-dc71-4d49-9cf4-f43ab61711c0_d,46.47296,30.72528,460,
1ed6554f-dc71-4d49-9cf4-f43ab61711c0_d,46.4729,30.72535,462,
1ed6554f-dc71-4d49-9cf4-f43ab61711c0_d,46.47277,30.72548,464,
1ed6554f-dc71-4d49-9cf4-f43ab61711c0_d,46.47247,30.72574,466,
1ed6554f-dc71-4d49-9cf4-f43ab61711c0_d,46.47247419182088,30.725744962692264,468,
1ed6554f-dc71-4d49-9cf4-f43ab61711c0_d,46.47247,30.72574,473,
1ed6554f-dc71-4d49-9cf4-f43ab61711c0_d,46.4721,30.72619,475,
1ed6554f-dc71-4d49-9cf4-f43ab61711c0_d,46.47176,30.72658,477,
1ed6554f-dc71-4d49-9cf4-f43ab61711c0_d,46.47139,30.72695,479,
1ed6554f-dc71-4d49-9cf4-f43ab61711c0_d,46.47138,30.72709,481,
1ed6554f-dc71-4d49-9cf4-f43ab61711c0_d,46.47139,30.72722,483,
1ed6554f-dc71-4d49-9cf4-f43ab61711c0_d,46.47141,30.72734,485,
1ed6554f-dc71-4d49-9cf4-f43ab61711c0_d,46.47147,30.72745,487,
1ed6554f-dc71-4d49-9cf4-f43ab61711c0_d,46.47155,30.72753,489,
1ed6554f-dc71-4d49-9cf4-f43ab61711c0_d,46.4718,30.72761,491,
1ed6554f-dc71-4d49-9cf4-f43ab61711c0_d,46.47189,30.72766,493,
1ed6554f-dc71-4d49-9cf4-f43ab61711c0_d,46.47193,30.72768,495,
1ed6554f-dc71-4d49-9cf4-f43ab61711c0_d,46.47197,30.72772,497,
1ed6554f-dc71-4d49-9cf4-f43ab61711c0_d,46.47202,30.72783,499,
1ed6554f-dc71-4d49-9cf4-f43ab61711c0_d,46.47204,30.72787,501,
1ed6554f-dc71-4d49-9cf4-f43ab61711c0_d,46.47206,30.72791,503,
1ed6554f-dc71-4d49-9cf4-f43ab61711c0_d,46.47206,30.72802,505,
1ed6554f-dc71-4d49-9cf4-f43ab61711c0_d,46.47204,30.72813,507,
1ed6554f-dc71-4d49-9cf4-f43ab61711c0_d,46.47202,30.72847,509,
1ed6554f-dc71-4d49-9cf4-f43ab61711c0_d,46.47202,30.72871,511,
1ed6554f-dc71-4d49-9cf4-f43ab61711c0_d,46.472,30.72884,513,
1ed6554f-dc71-4d49-9cf4-f43ab61711c0_d,46.47193,30.72974,515,
1ed6554f-dc71-4d49-9cf4-f43ab61711c0_d,46.47188,30.73047,517,
1ed6554f-dc71-4d49-9cf4-f43ab61711c0_d,46.4718,30.73046,519,
1ed6554f-dc71-4d49-9cf4-f43ab61711c0_d,46.4718,30.730467,521,
1ed6554f-dc71-4d49-9cf4-f43ab61711c0_d,46.4718,30.73047,526,
1ed6554f-dc71-4d49-9cf4-f43ab61711c0_d,46.47188,30.73048,528,
1ed6554f-dc71-4d49-9cf4-f43ab61711c0_d,46.47187,30.73056,530,
1ed6554f-dc71-4d49-9cf4-f43ab61711c0_d,46.47185,30.73088,532,
1ed6554f-dc71-4d49-9cf4-f43ab61711c0_d,46.4718,30.73125,534,
1ed6554f-dc71-4d49-9cf4-f43ab61711c0_d,46.4718,30.7314,536,
1ed6554f-dc71-4d49-9cf4-f43ab61711c0_d,46.47178,30.73161,538,
1ed6554f-dc71-4d49-9cf4-f43ab61711c0_d,46.47178,30.73185,540,
1ed6554f-dc71-4d49-9cf4-f43ab61711c0_d,46.47176,30.73198,542,
1ed6554f-dc71-4d49-9cf4-f43ab61711c0_d,46.47174,30.7323,544,
1ed6554f-dc71-4d49-9cf4-f43ab61711c0_d,46.47172,30.73262,546,
1ed6554f-dc71-4d49-9cf4-f43ab61711c0_d,46.47172,30.73282,548,
1ed6554f-dc71-4d49-9cf4-f43ab61711c0_d,46.47167,30.73329,550,
1ed6554f-dc71-4d49-9cf4-f43ab61711c0_d,46.47161,30.73404,552,
1ed6554f-dc71-4d49-9cf4-f43ab61711c0_d,46.47159,30.73449,554,
1ed6554f-dc71-4d49-9cf4-f43ab61711c0_d,46.47155,30.73481,556,
1ed6554f-dc71-4d49-9cf4-f43ab61711c0_d,46.47152,30.7352,558,
1ed6554f-dc71-4d49-9cf4-f43ab61711c0_d,46.47152,30.73524,560,
1ed6554f-dc71-4d49-9cf4-f43ab61711c0_d,46.4715,30.73539,562,
1ed6554f-dc71-4d49-9cf4-f43ab61711c0_d,46.4715,30.73554,564,
1ed6554f-dc71-4d49-9cf4-f43ab61711c0_d,46.47148,30.73563,566,
1ed6554f-dc71-4d49-9cf4-f43ab61711c0_d,46.47148,30.73584,568,
1ed6554f-dc71-4d49-9cf4-f43ab61711c0_d,46.47146,30.73614,570,
1ed6554f-dc71-4d49-9cf4-f43ab61711c0_d,46.4714,30.73698,572,
1ed6554f-dc71-4d49-9cf4-f43ab61711c0_d,46.47137,30.73713,574,
1ed6554f-dc71-4d49-9cf4-f43ab61711c0_d,46.47135,30.73756,576,
1ed6554f-dc71-4d49-9cf4-f43ab61711c0_d,46.47131,30.73799,578,
1ed6554f-dc71-4d49-9cf4-f43ab61711c0_d,46.47125,30.7388,580,
1ed6554f-dc71-4d49-9cf4-f43ab61711c0_d,46.47122,30.73902,582,
1ed6554f-dc71-4d49-9cf4-f43ab61711c0_d,46.47079,30.73895,584,
1ed6554f-dc71-4d49-9cf4-f43ab61711c0_d,46.47031,30.73886,586,
1ed6554f-dc71-4d49-9cf4-f43ab61711c0_d,46.47023,30.73874,588,
1ed6554f-dc71-4d49-9cf4-f43ab61711c0_d,46.470226,30.738741,590,
1ed6554f-dc71-4d49-9cf4-f43ab61711c0_d,46.47023,30.73874,595,
1ed6554f-dc71-4d49-9cf4-f43ab61711c0_d,46.47014,30.73881,597,
1ed6554f-dc71-4d49-9cf4-f43ab61711c0_d,46.46981,30.73877,599,
1ed6554f-dc71-4d49-9cf4-f43ab61711c0_d,46.46966,30.73866,601,
1ed6554f-dc71-4d49-9cf4-f43ab61711c0_d,46.46958,30.73855,603,
1ed6554f-dc71-4d49-9cf4-f43ab61711c0_d,46.46945,30.7384,605,
1ed6554f-dc71-4d49-9cf4-f43ab61711c0_d,46.46918,30.73835,607,
1ed6554f-dc71-4d49-9cf4-f43ab61711c0_d,46.46855,30.73828,609,
1ed6554f-dc71-4d49-9cf4-f43ab61711c0_d,46.46849,30.73837,611,
1ed6554f-dc71-4d49-9cf4-f43ab61711c0_d,46.46846,30.73848,613,
1ed6554f-dc71-4d49-9cf4-f43ab61711c0_d,46.46843,30.73878,615,
1ed6554f-dc71-4d49-9cf4-f43ab61711c0_d,46.46842,30.7391,617,
1ed6554f-dc71-4d49-9cf4-f43ab61711c0_d,46.4684,30.73965,619,
1ed6554f-dc71-4d49-9cf4-f43ab61711c0_d,46.46836,30.74015,621,
1ed6554f-dc71-4d49-9cf4-f43ab61711c0_d,46.46836,30.74042,623,
1ed6554f-dc71-4d49-9cf4-f43ab61711c0_d,46.46837,30.74063,625,
1ed6554f-dc71-4d49-9cf4-f43ab61711c0_d,46.46836,30.74084,627,
1ed6554f-dc71-4d49-9cf4-f43ab61711c0_d,46.46838,30.74098,629,
1ed6554f-dc71-4d49-9cf4-f43ab61711c0_d,46.4684,30.74109,631,
1ed6554f-dc71-4d49-9cf4-f43ab61711c0_d,46.46844,30.7412,633,
1ed6554f-dc71-4d49-9cf4-f43ab61711c0_d,46.46848,30.74132,635,
1ed6554f-dc71-4d49-9cf4-f43ab61711c0_d,46.46853,30.74141,637,
1ed6554f-dc71-4d49-9cf4-f43ab61711c0_d,46.46866,30.74147,639,
1ed6554f-dc71-4d49-9cf4-f43ab61711c0_d,46.46882,30.7415,641,
1ed6554f-dc71-4d49-9cf4-f43ab61711c0_d,46.46879065997577,30.741435885429386,643,
102446be-726c-446b-8c1c-8e5d8dc48cfa_d,46.47960409172432,30.730680227279667,1,
102446be-726c-446b-8c1c-8e5d8dc48cfa_d,46.4796,30.73068,6,
102446be-726c-446b-8c1c-8e5d8dc48cfa_d,46.4795,30.73057,8,
102446be-726c-446b-8c1c-8e5d8dc48cfa_d,46.47934,30.73029,10,
102446be-726c-446b-8c1c-8e5d8dc48cfa_d,46.47914,30.72995,12,
102446be-726c-446b-8c1c-8e5d8dc48cfa_d,46.47827,30.72846,14,
102446be-726c-446b-8c1c-8e5d8dc48cfa_d,46.47746,30.72696,16,
102446be-726c-446b-8c1c-8e5d8dc48cfa_d,46.47723,30.72661,18,
102446be-726c-446b-8c1c-8e5d8dc48cfa_d,46.47651,30.72538,20,
102446be-726c-446b-8c1c-8e5d8dc48cfa_d,46.47572,30.72395,22,
102446be-726c-446b-8c1c-8e5d8dc48cfa_d,46.47571785796302,30.723942518234256,24,
102446be-726c-446b-8c1c-8e5d8dc48cfa_d,46.47572,30.72394,29,
102446be-726c-446b-8c1c-8e5d8dc48cfa_d,46.47569,30.72398,31,
102446be-726c-446b-8c1c-8e5d8dc48cfa_d,46.47573,30.72406,33,
102446be-726c-446b-8c1c-8e5d8dc48cfa_d,46.47582,30.72423,35,
102446be-726c-446b-8c1c-8e5d8dc48cfa_d,46.47592,30.7244,37,
102446be-726c-446b-8c1c-8e5d8dc48cfa_d,46.47605,30.72462,39,
102446be-726c-446b-8c1c-8e5d8dc48cfa_d,46.47622,30.72494,41,
102446be-726c-446b-8c1c-8e5d8dc48cfa_d,46.47627,30.72503,43,
102446be-726c-446b-8c1c-8e5d8dc48cfa_d,46.47637,30.7252,45,
102446be-726c-446b-8c1c-8e5d8dc48cfa_d,46.47652,30.72546,47,
102446be-726c-446b-8c1c-8e5d8dc48cfa_d,46.47674,30.72582,49,
102446be-726c-446b-8c1c-8e5d8dc48cfa_d,46.47682,30.72597,51,
102446be-726c-446b-8c1c-8e5d8dc48cfa_d,46.47693,30.72616,53,
102446be-726c-446b-8c1c-8e5d8dc48cfa_d,46.47721,30.72666,55,
102446be-726c-446b-8c1c-8e5d8dc48cfa_d,46.4773,30.72681,57,
102446be-726c-446b-8c1c-8e5d8dc48cfa_d,46.47742,30.72701,59,
102446be-726c-446b-8c1c-8e5d8dc48cfa_d,46.47746,30.72696,61,
102446be-726c-446b-8c1c-8e5d8dc48cfa_d,46.47745783153788,30.726957321166996,63,
102446be-726c-446b-8c1c-8e5d8dc48cfa_d,46.47562,30.72385,68,
102446be-726c-446b-8c1c-8e5d8dc48cfa_d,46.47555,30.72373,70,
102446be-726c-446b-8c1c-8e5d8dc48cfa_d,46.47543,30.72369,72,
102446be-726c-446b-8c1c-8e5d8dc48cfa_d,46.47534,30.7237,74,
102446be-726c-446b-8c1c-8e5d8dc48cfa_d,46.47527,30.72377,76,
102446be-726c-446b-8c1c-8e5d8dc48cfa_d,46.47484,30.72429,78,
102446be-726c-446b-8c1c-8e5d8dc48cfa_d,46.47357,30.72569,80,
102446be-726c-446b-8c1c-8e5d8dc48cfa_d,46.4735,30.72576,82,
102446be-726c-446b-8c1c-8e5d8dc48cfa_d,46.47323,30.72573,84,
102446be-726c-446b-8c1c-8e5d8dc48cfa_d,46.47301,30.72565,86,
102446be-726c-446b-8c1c-8e5d8dc48cfa_d,46.473002501422506,30.725664496421818,88,
102446be-726c-446b-8c1c-8e5d8dc48cfa_d,46.47303,30.72566,93,
102446be-726c-446b-8c1c-8e5d8dc48cfa_d,46.4729,30.72559,95,
102446be-726c-446b-8c1c-8e5d8dc48cfa_d,46.4728,30.72547,97,
102446be-726c-446b-8c1c-8e5d8dc48cfa_d,46.47186,30.72394,99,
102446be-726c-446b-8c1c-8e5d8dc48cfa_d,46.47138,30.72315,101,
102446be-726c-446b-8c1c-8e5d8dc48cfa_d,46.47111,30.72272,103,
102446be-726c-446b-8c1c-8e5d8dc48cfa_d,46.471114602272216,30.722719430923465,105,
102446be-726c-446b-8c1c-8e5d8dc48cfa_d,46.47111,30.72272,110,
102446be-726c-446b-8c1c-8e5d8dc48cfa_d,46.47078,30.72217,112,
102446be-726c-446b-8c1c-8e5d8dc48cfa_d,46.46998,30.72088,114,
102446be-726c-446b-8c1c-8e5d8dc48cfa_d,46.46928,30.71979,116,
102446be-726c-446b-8c1c-8e5d8dc48cfa_d,46.46896,30.71927,118,
102446be-726c-446b-8c1c-8e5d8dc48cfa_d,46.46876,30.71895,120,
102446be-726c-446b-8c1c-8e5d8dc48cfa_d,46.468764796784626,30.718948245048527,122,
102446be-726c-446b-8c1c-8e5d8dc48cfa_d,46.46876,30.71895,127,
102446be-726c-446b-8c1c-8e5d8dc48cfa_d,46.46858,30.71874,129,
102446be-726c-446b-8c1c-8e5d8dc48cfa_d,46.46834,30.71844,131,
102446be-726c-446b-8c1c-8e5d8dc48cfa_d,46.4678,30.71775,133,
102446be-726c-446b-8c1c-8e5d8dc48cfa_d,46.46683,30.71648,135,
102446be-726c-446b-8c1c-8e5d8dc48cfa_d,46.4658,30.7152,137,
102446be-726c-446b-8c1c-8e5d8dc48cfa_d,46.4652,30.71445,139,
102446be-726c-446b-8c1c-8e5d8dc48cfa_d,46.46494,30.7141,141,
102446be-726c-446b-8c1c-8e5d8dc48cfa_d,46.46482,30.71393,143,
102446be-726c-446b-8c1c-8e5d8dc48cfa_d,46.46476,30.71383,145,
102446be-726c-446b-8c1c-8e5d8dc48cfa_d,46.46485192387723,30.713970065116886,147,
102446be-726c-446b-8c1c-8e5d8dc48cfa_d,46.46476,30.71383,152,
102446be-726c-446b-8c1c-8e5d8dc48cfa_d,46.46464,30.71371,154,
102446be-726c-446b-8c1c-8e5d8dc48cfa_d,46.46449,30.71354,156,
102446be-726c-446b-8c1c-8e5d8dc48cfa_d,46.46436,30.71336,158,
102446be-726c-446b-8c1c-8e5d8dc48cfa_d,46.46433,30.7132,160,
102446be-726c-446b-8c1c-8e5d8dc48cfa_d,46.46434,30.71303,162,
102446be-726c-446b-8c1c-8e5d8dc48cfa_d,46.46455,30.71033,164,
102446be-726c-446b-8c1c-8e5d8dc48cfa_d,46.46484,30.70699,166,
102446be-726c-446b-8c1c-8e5d8dc48cfa_d,46.46484083885192,30.707001686096195,168,
102446be-726c-446b-8c1c-8e5d8dc48cfa_d,46.46484,30.70699,173,
102446be-726c-446b-8c1c-8e5d8dc48cfa_d,46.46546,30.69909,175,
102446be-726c-446b-8c1c-8e5d8dc48cfa_d,46.46555,30.69912,177,
102446be-726c-446b-8c1c-8e5d8dc48cfa_d,46.46555027592197,30.69911599159241,179,
102446be-726c-446b-8c1c-8e5d8dc48cfa_d,46.46555,30.69912,184,
102446be-726c-446b-8c1c-8e5d8dc48cfa_d,46.46546,30.69909,186,
102446be-726c-446b-8c1c-8e5d8dc48cfa_d,46.46582,30.69511,188,
102446be-726c-446b-8c1c-8e5d8dc48cfa_d,46.46586434667231,30.695226788520817,190,
102446be-726c-446b-8c1c-8e5d8dc48cfa_d,46.46582,30.69511,195,
102446be-726c-446b-8c1c-8e5d8dc48cfa_d,46.46603,30.69236,197,
102446be-726c-446b-8c1c-8e5d8dc48cfa_d,46.46615,30.69086,199,
102446be-726c-446b-8c1c-8e5d8dc48cfa_d,46.46624,30.68966,201,
102446be-726c-446b-8c1c-8e5d8dc48cfa_d,46.46621,30.68952,203,
102446be-726c-446b-8c1c-8e5d8dc48cfa_d,46.46616,30.68944,205,
102446be-726c-446b-8c1c-8e5d8dc48cfa_d,46.46607,30.68937,207,
102446be-726c-446b-8c1c-8e5d8dc48cfa_d,46.46603,30.68925,209,
102446be-726c-446b-8c1c-8e5d8dc48cfa_d,46.46603,30.68908,211,
102446be-726c-446b-8c1c-8e5d8dc48cfa_d,46.46605,30.68894,213,
102446be-726c-446b-8c1c-8e5d8dc48cfa_d,46.46603,30.68877,215,
102446be-726c-446b-8c1c-8e5d8dc48cfa_d,46.46597,30.68868,217,
102446be-726c-446b-8c1c-8e5d8dc48cfa_d,46.46591,30.68862,219,
102446be-726c-446b-8c1c-8e5d8dc48cfa_d,46.46577,30.6886,221,
102446be-726c-446b-8c1c-8e5d8dc48cfa_d,46.46562,30.68856,223,
102446be-726c-446b-8c1c-8e5d8dc48cfa_d,46.46564634481444,30.688564181327823,225,
b4fbb605-7341-4f86-b3cb-3aabfbf9ddeb_r,46.49284918703226,30.704061985015873,1,
b4fbb605-7341-4f86-b3cb-3aabfbf9ddeb_r,46.49285,30.70406,6,
b4fbb605-7341-4f86-b3cb-3aabfbf9ddeb_r,46.4925,30.7043,8,
b4fbb605-7341-4f86-b3cb-3aabfbf9ddeb_r,46.49225,30.70442,10,
b4fbb605-7341-4f86-b3cb-3aabfbf9ddeb_r,46.49199,30.70444,12,
b4fbb605-7341-4f86-b3cb-3aabfbf9ddeb_r,46.49161,30.70414,14,
b4fbb605-7341-4f86-b3cb-3aabfbf9ddeb_r,46.49125,30.70378,16,
b4fbb605-7341-4f86-b3cb-3aabfbf9ddeb_r,46.49095,30.70279,18,
b4fbb605-7341-4f86-b3cb-3aabfbf9ddeb_r,46.49091,30.70249,20,
b4fbb605-7341-4f86-b3cb-3aabfbf9ddeb_r,46.49089549817439,30.702522397041324,22,
b4fbb605-7341-4f86-b3cb-3aabfbf9ddeb_r,46.49091,30.70249,27,
b4fbb605-7341-4f86-b3cb-3aabfbf9ddeb_r,46.49075,30.70215,29,
b4fbb605-7341-4f86-b3cb-3aabfbf9ddeb_r,46.49031,30.70073,31,
b4fbb605-7341-4f86-b3cb-3aabfbf9ddeb_r,46.48981,30.69897,33,
b4fbb605-7341-4f86-b3cb-3aabfbf9ddeb_r,46.489806,30.698977,35,
b4fbb605-7341-4f86-b3cb-3aabfbf9ddeb_r,46.48981,30.69898,40,
b4fbb605-7341-4f86-b3cb-3aabfbf9ddeb_r,46.48968,30.69856,42,
b4fbb605-7341-4f86-b3cb-3aabfbf9ddeb_r,46.48958,30.69829,44,
b4fbb605-7341-4f86-b3cb-3aabfbf9ddeb_r,46.48945,30.69804,46,
b4fbb605-7341-4f86-b3cb-3aabfbf9ddeb_r,46.48808,30.69882,48,
b4fbb605-7341-4f86-b3cb-3aabfbf9ddeb_r,46.48801838813811,30.69887459278107,50,
b4fbb605-7341-4f86-b3cb-3aabfbf9ddeb_r,46.48809,30.69882,55,
b4fbb605-7341-4f86-b3cb-3aabfbf9ddeb_r,46.48781,30.69904,57,
b4fbb605-7341-4f86-b3cb-3aabfbf9ddeb_r,46.48771,30.69918,59,
b4fbb605-7341-4f86-b3cb-3aabfbf9ddeb_r,46.48767,30.69943,61,
b4fbb605-7341-4f86-b3cb-3aabfbf9ddeb_r,46.48553,30.70488,63,
b4fbb605-7341-4f86-b3cb-3aabfbf9ddeb_r,46.48493,30.70617,65,
b4fbb605-7341-4f86-b3cb-3aabfbf9ddeb_r,46.484915,30.706171,67,
b4fbb605-7341-4f86-b3cb-3aabfbf9ddeb_r,46.48492,30.70617,72,
b4fbb605-7341-4f86-b3cb-3aabfbf9ddeb_r,46.48464,30.70698,74,
b4fbb605-7341-4f86-b3cb-3aabfbf9ddeb_r,46.48451,30.70746,76,
b4fbb605-7341-4f86-b3cb-3aabfbf9ddeb_r,46.4845,30.70769,78,
b4fbb605-7341-4f86-b3cb-3aabfbf9ddeb_r,46.48446,30.70788,80,
b4fbb605-7341-4f86-b3cb-3aabfbf9ddeb_r,46.48437,30.70799,82,
b4fbb605-7341-4f86-b3cb-3aabfbf9ddeb_r,46.48424,30.70807,84,
b4fbb605-7341-4f86-b3cb-3aabfbf9ddeb_r,46.48417,30.70824,86,
b4fbb605-7341-4f86-b3cb-3aabfbf9ddeb_r,46.48421,30.7084,88,
b4fbb605-7341-4f86-b3cb-3aabfbf9ddeb_r,46.48425,30.70852,90,
b4fbb605-7341-4f86-b3cb-3aabfbf9ddeb_r,46.48436,30.70854,92,
b4fbb605-7341-4f86-b3cb-3aabfbf9ddeb_r,46.48447,30.70857,94,
b4fbb605-7341-4f86-b3cb-3aabfbf9ddeb_r,46.48478,30.70867,96,
b4fbb605-7341-4f86-b3cb-3aabfbf9ddeb_r,46.48479761717343,30.708670020103455,98,
b4fbb605-7341-4f86-b3cb-3aabfbf9ddeb_r,46.4848,30.70867,103,
b4fbb605-7341-4f86-b3cb-3aabfbf9ddeb_r,46.48498,30.70867,105,
b4fbb605-7341-4f86-b3cb-3aabfbf9ddeb_r,46.48516,30.70873,107,
b4fbb605-7341-4f86-b3cb-3aabfbf9ddeb_r,46.48547,30.70884,109,
b4fbb605-7341-4f86-b3cb-3aabfbf9ddeb_r,46.48579,30.70902,111,
b4fbb605-7341-4f86-b3cb-3aabfbf9ddeb_r,46.48821,30.71133,113,
b4fbb605-7341-4f86-b3cb-3aabfbf9ddeb_r,46.48821044643675,30.71133613586426,115,
b4fbb605-7341-4f86-b3cb-3aabfbf9ddeb_r,46.48821,30.71134,120,
b4fbb605-7341-4f86-b3cb-3aabfbf9ddeb_r,46.48885,30.71193,122,
b4fbb605-7341-4f86-b3cb-3aabfbf9ddeb_r,46.48948,30.71245,124,
b4fbb605-7341-4f86-b3cb-3aabfbf9ddeb_r,46.48981,30.7126,126,
b4fbb605-7341-4f86-b3cb-3aabfbf9ddeb_r,46.49008,30.71272,128,
b4fbb605-7341-4f86-b3cb-3aabfbf9ddeb_r,46.49162,30.71333,130,
b4fbb605-7341-4f86-b3cb-3aabfbf9ddeb_r,46.49204,30.71357,132,
b4fbb605-7341-4f86-b3cb-3aabfbf9ddeb_r,46.49206993580692,30.713551640510563,134,
b4fbb605-7341-4f86-b3cb-3aabfbf9ddeb_r,46.49204,30.71356,139,
b4fbb605-7341-4f86-b3cb-3aabfbf9ddeb_r,46.49249,30.71383,141,
b4fbb605-7341-4f86-b3cb-3aabfbf9ddeb_r,46.49301,30.71431,143,
b4fbb605-7341-4f86-b3cb-3aabfbf9ddeb_r,46.49535,30.71675,145,
b4fbb605-7341-4f86-b3cb-3aabfbf9ddeb_r,46.49564,30.71703,147,
b4fbb605-7341-4f86-b3cb-3aabfbf9ddeb_r,46.49578,30.71714,149,
b4fbb605-7341-4f86-b3cb-3aabfbf9ddeb_r,46.49592,30.71719,151,
b4fbb605-7341-4f86-b3cb-3aabfbf9ddeb_r,46.49605,30.71736,153,
b4fbb605-7341-4f86-b3cb-3aabfbf9ddeb_r,46.49612,30.71752,155,
b4fbb605-7341-4f86-b3cb-3aabfbf9ddeb_r,46.4962,30.71773,157,
b4fbb605-7341-4f86-b3cb-3aabfbf9ddeb_r,46.49629,30.71791,159,
b4fbb605-7341-4f86-b3cb-3aabfbf9ddeb_r,46.49634,30.7181,161,
b4fbb605-7341-4f86-b3cb-3aabfbf9ddeb_r,46.49637,30.71822,163,
b4fbb605-7341-4f86-b3cb-3aabfbf9ddeb_r,46.49636,30.71834,165,
b4fbb605-7341-4f86-b3cb-3aabfbf9ddeb_r,46.49634275433314,30.71810066699982,167,
89c28a04-5d63-4430-8d24-fea761bcd862_r,46.382342773448215,30.7149088382721,1,
89c28a04-5d63-4430-8d24-fea761bcd862_r,46.38234,30.71491,6,
89c28a04-5d63-4430-8d24-fea761bcd862_r,46.38254,30.71481,8,
89c28a04-5d63-4430-8d24-fea761bcd862_r,46.38268,30.71485,10,
89c28a04-5d63-4430-8d24-fea761bcd862_r,46.38278,30.71499,12,
89c28a04-5d63-4430-8d24-fea761bcd862_r,46.38298,30.71554,14,
89c28a04-5d63-4430-8d24-fea761bcd862_r,46.38313,30.71613,16,
89c28a04-5d63-4430-8d24-fea761bcd862_r,46.38328,30.71681,18,
89c28a04-5d63-4430-8d24-fea761bcd862_r,46.383282718907736,30.716770291328434,20,
89c28a04-5d63-4430-8d24-fea761bcd862_r,46.38328,30.71681,25,
89c28a04-5d63-4430-8d24-fea761bcd862_r,46.38438,30.72135,27,
89c28a04-5d63-4430-8d24-fea761bcd862_r,46.38437806800176,30.72135150432587,29,
89c28a04-5d63-4430-8d24-fea761bcd862_r,46.38438,30.72135,34,
89c28a04-5d63-4430-8d24-fea761bcd862_r,46.38497,30.72431,36,
89c28a04-5d63-4430-8d24-fea761bcd862_r,46.38528,30.72575,38,
89c28a04-5d63-4430-8d24-fea761bcd862_r,46.38551,30.72717,40,
89c28a04-5d63-4430-8d24-fea761bcd862_r,46.38552150019781,30.727155804634098,42,
89c28a04-5d63-4430-8d24-fea761bcd862_r,46.38551,30.72717,47,
89c28a04-5d63-4430-8d24-fea761bcd862_r,46.38597,30.72987,49,
89c28a04-5d63-4430-8d24-fea761bcd862_r,46.3861,30.73042,51,
89c28a04-5d63-4430-8d24-fea761bcd862_r,46.38628,30.73088,53,
89c28a04-5d63-4430-8d24-fea761bcd862_r,46.38662,30.73144,55,
89c28a04-5d63-4430-8d24-fea761bcd862_r,46.38661310405771,30.731436610221866,57,
89c28a04-5d63-4430-8d24-fea761bcd862_r,46.38661,30.73144,62,
89c28a04-5d63-4430-8d24-fea761bcd862_r,46.38675,30.73168,64,
89c28a04-5d63-4430-8d24-fea761bcd862_r,46.3869,30.73182,66,
89c28a04-5d63-4430-8d24-fea761bcd862_r,46.38716,30.73196,68,
89c28a04-5d63-4430-8d24-fea761bcd862_r,46.38769,30.73224,70,
89c28a04-5d63-4430-8d24-fea761bcd862_r,46.38827,30.73252,72,
89c28a04-5d63-4430-8d24-fea761bcd862_r,46.38861,30.7327,74,
89c28a04-5d63-4430-8d24-fea761bcd862_r,46.3892,30.733,76,
89c28a04-5d63-4430-8d24-fea761bcd862_r,46.38953,30.73314,78,
89c28a04-5d63-4430-8d24-fea761bcd862_r,46.38976,30.73318,80,
89c28a04-5d63-4430-8d24-fea761bcd862_r,46.39147,30.73404,82,
89c28a04-5d63-4430-8d24-fea761bcd862_r,46.391478801501975,30.734038352966312,84,
89c28a04-5d63-4430-8d24-fea761bcd862_r,46.39148,30.73404,89,
89c28a04-5d63-4430-8d24-fea761bcd862_r,46.39323,30.73487,91,
89c28a04-5d63-4430-8d24-fea761bcd862_r,46.39361,30.73493,93,
89c28a04-5d63-4430-8d24-fea761bcd862_r,46.39361,30.7349,95,
89c28a04-5d63-4430-8d24-fea761bcd862_r,46.393606251541776,30.734902024269108,97,
89c28a04-5d63-4430-8d24-fea761bcd862_r,46.39361,30.7349,102,
89c28a04-5d63-4430-8d24-fea761bcd862_r,46.39361,30.73493,104,
89c28a04-5d63-4430-8d24-fea761bcd862_r,46.39592,30.7347,106,
89c28a04-5d63-4430-8d24-fea761bcd862_r,46.39592,30.73466,108,
89c28a04-5d63-4430-8d24-fea761bcd862_r,46.39592970222775,30.73462843894959,110,
89c28a04-5d63-4430-8d24-fea761bcd862_r,46.39592,30.73466,115,
89c28a04-5d63-4430-8d24-fea761bcd862_r,46.39592,30.7347,117,
89c28a04-5d63-4430-8d24-fea761bcd862_r,46.39626,30.73459,119,
89c28a04-5d63-4430-8d24-fea761bcd862_r,46.39744,30.73403,121,
89c28a04-5d63-4430-8d24-fea761bcd862_r,46.3985,30.7335,123,
89c28a04-5d63-4430-8d24-fea761bcd862_r,46.39914,30.73325,125,
89c28a04-5d63-4430-8d24-fea761bcd862_r,46.39913,30.7332,127,
89c28a04-5d63-4430-8d24-fea761bcd862_r,46.399129834598774,30.733174681663517,129,
89c28a04-5d63-4430-8d24-fea761bcd862_r,46.39913,30.7332,134,
89c28a04-5d63-4430-8d24-fea761bcd862_r,46.39914,30.73325,136,
89c28a04-5d63-4430-8d24-fea761bcd862_r,46.39953,30.7329,138,
89c28a04-5d63-4430-8d24-fea761bcd862_r,46.39995,30.73258,140,
89c28a04-5d63-4430-8d24-fea761bcd862_r,46.40039,30.7323,142,
89c28a04-5d63-4430-8d24-fea761bcd862_r,46.40256,30.73158,144,
89c28a04-5d63-4430-8d24-fea761bcd862_r,46.402573929218576,30.73156535625458,146,
89c28a04-5d63-4430-8d24-fea761bcd862_r,46.40257,30.73157,151,
89c28a04-5d63-4430-8d24-fea761bcd862_r,46.40541,30.73055,153,
89c28a04-5d63-4430-8d24-fea761bcd862_r,46.405414,30.73055,155,
89c28a04-5d63-4430-8d24-fea761bcd862_r,46.40541,30.73055,160,
89c28a04-5d63-4430-8d24-fea761bcd862_r,46.40727,30.72989,162,
89c28a04-5d63-4430-8d24-fea761bcd862_r,46.40728284958435,30.72985410690308,164,
89c28a04-5d63-4430-8d24-fea761bcd862_r,46.40728,30.72989,169,
89c28a04-5d63-4430-8d24-fea761bcd862_r,46.41029,30.72882,171,
89c28a04-5d63-4430-8d24-fea761bcd862_r,46.41028628481406,30.728781223297123,173,
89c28a04-5d63-4430-8d24-fea761bcd862_r,46.41028,30.72882,178,
89c28a04-5d63-4430-8d24-fea761bcd862_r,46.41422,30.72739,180,
89c28a04-5d63-4430-8d24-fea761bcd862_r,46.4142252687468,30.72739183902741,182,
89c28a04-5d63-4430-8d24-fea761bcd862_r,46.41423,30.72739,187,
89c28a04-5d63-4430-8d24-fea761bcd862_r,46.41778,30.7262,189,
89c28a04-5d63-4430-8d24-fea761bcd862_r,46.417775658353236,30.726206302642822,191,
89c28a04-5d63-4430-8d24-fea761bcd862_r,46.41778,30.72621,196,
89c28a04-5d63-4430-8d24-fea761bcd862_r,46.41875,30.72616,198,
89c28a04-5d63-4430-8d24-fea761bcd862_r,46.41972,30.72577,200,
89c28a04-5d63-4430-8d24-fea761bcd862_r,46.42135,30.72526,202,
89c28a04-5d63-4430-8d24-fea761bcd862_r,46.421340608648165,30.725251436233524,204,
89c28a04-5d63-4430-8d24-fea761bcd862_r,46.42134,30.72525,209,
89c28a04-5d63-4430-8d24-fea761bcd862_r,46.42531,30.72386,211,
89c28a04-5d63-4430-8d24-fea761bcd862_r,46.42549,30.72384,213,
89c28a04-5d63-4430-8d24-fea761bcd862_r,46.42564,30.72395,215,
89c28a04-5d63-4430-8d24-fea761bcd862_r,46.42577,30.72414,217,
89c28a04-5d63-4430-8d24-fea761bcd862_r,46.42587,30.72432,219,
89c28a04-5d63-4430-8d24-fea761bcd862_r,46.42587411950762,30.72431802749634,221,
89c28a04-5d63-4430-8d24-fea761bcd862_r,46.42587,30.72432,226,
89c28a04-5d63-4430-8d24-fea761bcd862_r,46.42905,30.72851,228,
89c28a04-5d63-4430-8d24-fea761bcd862_r,46.42904661330962,30.728496909141544,230,
89c28a04-5d63-4430-8d24-fea761bcd862_r,46.42905,30.72851,235,
89c28a04-5d63-4430-8d24-fea761bcd862_r,46.42923,30.7287,237,
89c28a04-5d63-4430-8d24-fea761bcd862_r,46.42933,30.72875,239,
89c28a04-5d63-4430-8d24-fea761bcd862_r,46.42945,30.72875,241,
89c28a04-5d63-4430-8d24-fea761bcd862_r,46.43059,30.72841,243,
89c28a04-5d63-4430-8d24-fea761bcd862_r,46.43211,30.72795,245,
89c28a04-5d63-4430-8d24-fea761bcd862_r,46.43211540014503,30.727949738502502,247,
89c28a04-5d63-4430-8d24-fea761bcd862_r,46.43212,30.72795,252,
89c28a04-5d63-4430-8d24-fea761bcd862_r,46.43405,30.72729,254,
89c28a04-5d63-4430-8d24-fea761bcd862_r,46.434046,30.727291,256,
89c28a04-5d63-4430-8d24-fea761bcd862_r,46.43405,30.72729,261,
89c28a04-5d63-4430-8d24-fea761bcd862_r,46.43738,30.72631,263,
89c28a04-5d63-4430-8d24-fea761bcd862_r,46.43737630371281,30.72631359100342,265,
89c28a04-5d63-4430-8d24-fea761bcd862_r,46.43738,30.72631,270,
89c28a04-5d63-4430-8d24-fea761bcd862_r,46.43816,30.72602,272,
89c28a04-5d63-4430-8d24-fea761bcd862_r,46.43831,30.72597,274,
89c28a04-5d63-4430-8d24-fea761bcd862_r,46.43843,30.72595,276,
89c28a04-5d63-4430-8d24-fea761bcd862_r,46.44054,30.72634,278,
89c28a04-5d63-4430-8d24-fea761bcd862_r,46.44255,30.72667,280,
89c28a04-5d63-4430-8d24-fea761bcd862_r,46.4427,30.72672,282,
89c28a04-5d63-4430-8d24-fea761bcd862_r,46.442673664551045,30.726694464683536,284,
89c28a04-5d63-4430-8d24-fea761bcd862_r,46.44268,30.72672,289,
89c28a04-5d63-4430-8d24-fea761bcd862_r,46.44276,30.72673,291,
89c28a04-5d63-4430-8d24-fea761bcd862_r,46.44288,30.72675,293,
89c28a04-5d63-4430-8d24-fea761bcd862_r,46.44638,30.72734,295,
89c28a04-5d63-4430-8d24-fea761bcd862_r,46.446373,30.727333,297,
89c28a04-5d63-4430-8d24-fea761bcd862_r,46.44637,30.72733,302,
89c28a04-5d63-4430-8d24-fea761bcd862_r,46.45062,30.72815,304,
89c28a04-5d63-4430-8d24-fea761bcd862_r,46.450625,30.728149,306,
89c28a04-5d63-4430-8d24-fea761bcd862_r,46.45063,30.72815,311,
89c28a04-5d63-4430-8d24-fea761bcd862_r,46.45357,30.72868,313,
89c28a04-5d63-4430-8d24-fea761bcd862_r,46.45356250388029,30.728679299354557,315,
89c28a04-5d63-4430-8d24-fea761bcd862_r,46.45356,30.72868,320,
89c28a04-5d63-4430-8d24-fea761bcd862_r,46.45394,30.72871,322,
89c28a04-5d63-4430-8d24-fea761bcd862_r,46.45414,30.72868,324,
89c28a04-5d63-4430-8d24-fea761bcd862_r,46.45432,30.72862,326,
89c28a04-5d63-4430-8d24-fea761bcd862_r,46.45446,30.72863,328,
89c28a04-5d63-4430-8d24-fea761bcd862_r,46.45586,30.72872,330,
89c28a04-5d63-4430-8d24-fea761bcd862_r,46.456,30.72877,332,
89c28a04-5d63-4430-8d24-fea761bcd862_r,46.45613,30.72888,334,
89c28a04-5d63-4430-8d24-fea761bcd862_r,46.45625,30.72897,336,
89c28a04-5d63-4430-8d24-fea761bcd862_r,46.45638,30.72898,338,
89c28a04-5d63-4430-8d24-fea761bcd862_r,46.45768,30.72908,340,
89c28a04-5d63-4430-8d24-fea761bcd862_r,46.45822,30.72914,342,
89c28a04-5d63-4430-8d24-fea761bcd862_r,46.45846,30.7292,344,
89c28a04-5d63-4430-8d24-fea761bcd862_r,46.45866,30.7293,346,
89c28a04-5d63-4430-8d24-fea761bcd862_r,46.4589,30.72947,348,
89c28a04-5d63-4430-8d24-fea761bcd862_r,46.45965,30.73014,350,
89c28a04-5d63-4430-8d24-fea761bcd862_r,46.46014,30.73058,352,
89c28a04-5d63-4430-8d24-fea761bcd862_r,46.46041,30.73077,354,
89c28a04-5d63-4430-8d24-fea761bcd862_r,46.46066,30.73101,356,
89c28a04-5d63-4430-8d24-fea761bcd862_r,46.46083,30.73117,358,
89c28a04-5d63-4430-8d24-fea761bcd862_r,46.46082,30.73122,360,
89c28a04-5d63-4430-8d24-fea761bcd862_r,46.46083530194352,30.731157660484318,362,
89c28a04-5d63-4430-8d24-fea761bcd862_r,46.46084,30.73121,367,
89c28a04-5d63-4430-8d24-fea761bcd862_r,46.46172,30.73192,369,
89c28a04-5d63-4430-8d24-fea761bcd862_r,46.46237,30.73248,371,
89c28a04-5d63-4430-8d24-fea761bcd862_r,46.46255,30.7327,373,
89c28a04-5d63-4430-8d24-fea761bcd862_r,46.46268,30.73285,375,
89c28a04-5d63-4430-8d24-fea761bcd862_r,46.46474,30.7347,377,
89c28a04-5d63-4430-8d24-fea761bcd862_r,46.46509,30.73504,379,
89c28a04-5d63-4430-8d24-fea761bcd862_r,46.46518,30.73517,381,
89c28a04-5d63-4430-8d24-fea761bcd862_r,46.46524,30.73531,383,
89c28a04-5d63-4430-8d24-fea761bcd862_r,46.46529,30.73547,385,
89c28a04-5d63-4430-8d24-fea761bcd862_r,46.46535,30.73559,387,
89c28a04-5d63-4430-8d24-fea761bcd862_r,46.46548,30.7358,389,
89c28a04-5d63-4430-8d24-fea761bcd862_r,46.46672,30.73689,391,
89c28a04-5d63-4430-8d24-fea761bcd862_r,46.46678,30.73703,393,
89c28a04-5d63-4430-8d24-fea761bcd862_r,46.46681,30.73716,395,
89c28a04-5d63-4430-8d24-fea761bcd862_r,46.46681,30.7374,397,
89c28a04-5d63-4430-8d24-fea761bcd862_r,46.46681,30.73761,399,
89c28a04-5d63-4430-8d24-fea761bcd862_r,46.46684,30.73778,401,
89c28a04-5d63-4430-8d24-fea761bcd862_r,46.46683,30.73798,403,
89c28a04-5d63-4430-8d24-fea761bcd862_r,46.46683,30.73823,405,
89c28a04-5d63-4430-8d24-fea761bcd862_r,46.466847191574054,30.738241648496377,407,
89c28a04-5d63-4430-8d24-fea761bcd862_d,46.466847191574054,30.738241648496377,1,
89c28a04-5d63-4430-8d24-fea761bcd862_d,46.46687,30.73825,6,
89c28a04-5d63-4430-8d24-fea761bcd862_d,46.46684,30.73858,8,
89c28a04-5d63-4430-8d24-fea761bcd862_d,46.46682,30.73886,10,
89c28a04-5d63-4430-8d24-fea761bcd862_d,46.46686,30.73899,12,
89c28a04-5d63-4430-8d24-fea761bcd862_d,46.4669,30.73906,14,
89c28a04-5d63-4430-8d24-fea761bcd862_d,46.46703,30.73909,16,
89c28a04-5d63-4430-8d24-fea761bcd862_d,46.46733,30.73915,18,
89c28a04-5d63-4430-8d24-fea761bcd862_d,46.46756,30.73915,20,
89c28a04-5d63-4430-8d24-fea761bcd862_d,46.46767,30.73906,22,
89c28a04-5d63-4430-8d24-fea761bcd862_d,46.46771,30.73881,24,
89c28a04-5d63-4430-8d24-fea761bcd862_d,46.46773,30.73855,26,
89c28a04-5d63-4430-8d24-fea761bcd862_d,46.46775,30.73825,28,
89c28a04-5d63-4430-8d24-fea761bcd862_d,46.46774,30.73802,30,
89c28a04-5d63-4430-8d24-fea761bcd862_d,46.46774,30.73791,32,
89c28a04-5d63-4430-8d24-fea761bcd862_d,46.46771,30.73782,34,
89c28a04-5d63-4430-8d24-fea761bcd862_d,46.46767,30.73774,36,
89c28a04-5d63-4430-8d24-fea761bcd862_d,46.46761,30.73768,38,
89c28a04-5d63-4430-8d24-fea761bcd862_d,46.4675,30.73758,40,
89c28a04-5d63-4430-8d24-fea761bcd862_d,46.46555,30.73576,42,
89c28a04-5d63-4430-8d24-fea761bcd862_d,46.46543,30.73563,44,
89c28a04-5d63-4430-8d24-fea761bcd862_d,46.46536,30.73551,46,
89c28a04-5d63-4430-8d24-fea761bcd862_d,46.4653,30.73538,48,
89c28a04-5d63-4430-8d24-fea761bcd862_d,46.46523,30.73524,50,
89c28a04-5d63-4430-8d24-fea761bcd862_d,46.46511,30.735,52,
89c28a04-5d63-4430-8d24-fea761bcd862_d,46.46486,30.73475,54,
89c28a04-5d63-4430-8d24-fea761bcd862_d,46.46474,30.73458,56,
89c28a04-5d63-4430-8d24-fea761bcd862_d,46.46474846355313,30.73460698127747,58,
89c28a04-5d63-4430-8d24-fea761bcd862_d,46.46476,30.73458,63,
89c28a04-5d63-4430-8d24-fea761bcd862_d,46.46425,30.73418,65,
89c28a04-5d63-4430-8d24-fea761bcd862_d,46.46375,30.73375,67,
89c28a04-5d63-4430-8d24-fea761bcd862_d,46.46272,30.73279,69,
89c28a04-5d63-4430-8d24-fea761bcd862_d,46.46224,30.73232,71,
89c28a04-5d63-4430-8d24-fea761bcd862_d,46.46173,30.73187,73,
89c28a04-5d63-4430-8d24-fea761bcd862_d,46.46119,30.73136,75,
89c28a04-5d63-4430-8d24-fea761bcd862_d,46.4607,30.73087,77,
89c28a04-5d63-4430-8d24-fea761bcd862_d,46.460686,30.730871,79,
89c28a04-5d63-4430-8d24-fea761bcd862_d,46.46069,30.73087,84,
89c28a04-5d63-4430-8d24-fea761bcd862_d,46.46053,30.73078,86,
89c28a04-5d63-4430-8d24-fea761bcd862_d,46.46036,30.73067,88,
89c28a04-5d63-4430-8d24-fea761bcd862_d,46.46,30.73042,90,
89c28a04-5d63-4430-8d24-fea761bcd862_d,46.45871,30.7293,92,
89c28a04-5d63-4430-8d24-fea761bcd862_d,46.4585,30.72918,94,
89c28a04-5d63-4430-8d24-fea761bcd862_d,46.45839,30.72913,96,
89c28a04-5d63-4430-8d24-fea761bcd862_d,46.45823,30.7291,98,
89c28a04-5d63-4430-8d24-fea761bcd862_d,46.45634,30.72898,100,
89c28a04-5d63-4430-8d24-fea761bcd862_d,46.45615,30.72889,102,
89c28a04-5d63-4430-8d24-fea761bcd862_d,46.45594,30.72874,104,
89c28a04-5d63-4430-8d24-fea761bcd862_d,46.45583,30.72868,106,
89c28a04-5d63-4430-8d24-fea761bcd862_d,46.45567,30.72864,108,
89c28a04-5d63-4430-8d24-fea761bcd862_d,46.45502,30.72858,110,
89c28a04-5d63-4430-8d24-fea761bcd862_d,46.45466,30.72854,112,
89c28a04-5d63-4430-8d24-fea761bcd862_d,46.45437,30.72858,114,
89c28a04-5d63-4430-8d24-fea761bcd862_d,46.45418,30.72865,116,
89c28a04-5d63-4430-8d24-fea761bcd862_d,46.45407,30.72866,118,
89c28a04-5d63-4430-8d24-fea761bcd862_d,46.45397,30.72865,120,
89c28a04-5d63-4430-8d24-fea761bcd862_d,46.45365,30.72859,122,
89c28a04-5d63-4430-8d24-fea761bcd862_d,46.45347,30.72854,124,
89c28a04-5d63-4430-8d24-fea761bcd862_d,46.45345902210269,30.728545188903812,126,
89c28a04-5d63-4430-8d24-fea761bcd862_d,46.45346,30.72855,131,
89c28a04-5d63-4430-8d24-fea761bcd862_d,46.45106,30.7281,133,
89c28a04-5d63-4430-8d24-fea761bcd862_d,46.451059,30.728105,135,
89c28a04-5d63-4430-8d24-fea761bcd862_d,46.45106,30.72811,140,
89c28a04-5d63-4430-8d24-fea761bcd862_d,46.44652,30.7273,142,
89c28a04-5d63-4430-8d24-fea761bcd862_d,46.44652168039975,30.727299405738613,144,
89c28a04-5d63-4430-8d24-fea761bcd862_d,46.44652,30.7273,149,
89c28a04-5d63-4430-8d24-fea761bcd862_d,46.44315,30.7267,151,
89c28a04-5d63-4430-8d24-fea761bcd862_d,46.44314681617764,30.726694464683536,153,
89c28a04-5d63-4430-8d24-fea761bcd862_d,46.44315,30.72669,158,
89c28a04-5d63-4430-8d24-fea761bcd862_d,46.44282,30.72669,160,
89c28a04-5d63-4430-8d24-fea761bcd862_d,46.44222,30.72662,162,
89c28a04-5d63-4430-8d24-fea761bcd862_d,46.43925,30.72609,164,
89c28a04-5d63-4430-8d24-fea761bcd862_d,46.43874,30.72599,166,
89c28a04-5d63-4430-8d24-fea761bcd862_d,46.43864,30.72597,168,
89c28a04-5d63-4430-8d24-fea761bcd862_d,46.4386,30.72588,170,
89c28a04-5d63-4430-8d24-fea761bcd862_d,46.438592,30.725886,172,
89c28a04-5d63-4430-8d24-fea761bcd862_d,46.43859,30.72589,177,
89c28a04-5d63-4430-8d24-fea761bcd862_d,46.43432,30.72718,179,
89c28a04-5d63-4430-8d24-fea761bcd862_d,46.43432,30.727183,181,
89c28a04-5d63-4430-8d24-fea761bcd862_d,46.43432,30.72718,186,
89c28a04-5d63-4430-8d24-fea761bcd862_d,46.43087,30.7283,188,
89c28a04-5d63-4430-8d24-fea761bcd862_d,46.43061,30.72836,190,
89c28a04-5d63-4430-8d24-fea761bcd862_d,46.43037,30.7284,192,
89c28a04-5d63-4430-8d24-fea761bcd862_d,46.43037767460163,30.728448629379276,194,
89c28a04-5d63-4430-8d24-fea761bcd862_d,46.43038,30.7284,199,
89c28a04-5d63-4430-8d24-fea761bcd862_d,46.43026,30.72848,201,
89c28a04-5d63-4430-8d24-fea761bcd862_d,46.43004,30.72855,203,
89c28a04-5d63-4430-8d24-fea761bcd862_d,46.4295,30.72871,205,
89c28a04-5d63-4430-8d24-fea761bcd862_d,46.42935,30.72872,207,
89c28a04-5d63-4430-8d24-fea761bcd862_d,46.42922,30.72864,209,
89c28a04-5d63-4430-8d24-fea761bcd862_d,46.42763,30.72655,211,
89c28a04-5d63-4430-8d24-fea761bcd862_d,46.42561,30.7239,213,
89c28a04-5d63-4430-8d24-fea761bcd862_d,46.42546,30.72383,215,
89c28a04-5d63-4430-8d24-fea761bcd862_d,46.4253,30.72385,217,
89c28a04-5d63-4430-8d24-fea761bcd862_d,46.42509,30.72388,219,
89c28a04-5d63-4430-8d24-fea761bcd862_d,46.42509390917858,30.72386741638184,221,
89c28a04-5d63-4430-8d24-fea761bcd862_d,46.42509,30.72387,226,
89c28a04-5d63-4430-8d24-fea761bcd862_d,46.42484,30.724,228,
89c28a04-5d63-4430-8d24-fea761bcd862_d,46.4222,30.7249,230,
89c28a04-5d63-4430-8d24-fea761bcd862_d,46.42175,30.72504,232,
89c28a04-5d63-4430-8d24-fea761bcd862_d,46.42156,30.72505,234,
89c28a04-5d63-4430-8d24-fea761bcd862_d,46.421553,30.725046,236,
89c28a04-5d63-4430-8d24-fea761bcd862_d,46.42155,30.72505,241,
89c28a04-5d63-4430-8d24-fea761bcd862_d,46.4214,30.72514,243,
89c28a04-5d63-4430-8d24-fea761bcd862_d,46.42093,30.72532,245,
89c28a04-5d63-4430-8d24-fea761bcd862_d,46.41905,30.72599,247,
89c28a04-5d63-4430-8d24-fea761bcd862_d,46.41873,30.72608,249,
89c28a04-5d63-4430-8d24-fea761bcd862_d,46.41803,30.72613,251,
89c28a04-5d63-4430-8d24-fea761bcd862_d,46.41777,30.72611,253,
89c28a04-5d63-4430-8d24-fea761bcd862_d,46.41766,30.72605,255,
89c28a04-5d63-4430-8d24-fea761bcd862_d,46.41765731575718,30.726056098937992,257,
89c28a04-5d63-4430-8d24-fea761bcd862_d,46.41766,30.72606,262,
89c28a04-5d63-4430-8d24-fea761bcd862_d,46.41749,30.72614,264,
89c28a04-5d63-4430-8d24-fea761bcd862_d,46.41613,30.72662,266,
89c28a04-5d63-4430-8d24-fea761bcd862_d,46.41491,30.72705,268,
89c28a04-5d63-4430-8d24-fea761bcd862_d,46.41456,30.72717,270,
89c28a04-5d63-4430-8d24-fea761bcd862_d,46.4144,30.72718,272,
89c28a04-5d63-4430-8d24-fea761bcd862_d,46.414391698423344,30.727193355560306,274,
89c28a04-5d63-4430-8d24-fea761bcd862_d,46.41439,30.72719,279,
89c28a04-5d63-4430-8d24-fea761bcd862_d,46.41439,30.72715,281,
89c28a04-5d63-4430-8d24-fea761bcd862_d,46.4143,30.72726,283,
89c28a04-5d63-4430-8d24-fea761bcd862_d,46.41385,30.72746,285,
89c28a04-5d63-4430-8d24-fea761bcd862_d,46.41156,30.72827,287,
89c28a04-5d63-4430-8d24-fea761bcd862_d,46.41073,30.72852,289,
89c28a04-5d63-4430-8d24-fea761bcd862_d,46.41071903217025,30.72857201099396,291,
89c28a04-5d63-4430-8d24-fea761bcd862_d,46.41072,30.72852,296,
89c28a04-5d63-4430-8d24-fea761bcd862_d,46.40918,30.72914,298,
89c28a04-5d63-4430-8d24-fea761bcd862_d,46.40774,30.72959,300,
89c28a04-5d63-4430-8d24-fea761bcd862_d,46.40774891071867,30.72963953018189,302,
89c28a04-5d63-4430-8d24-fea761bcd862_d,46.40774,30.72959,307,
89c28a04-5d63-4430-8d24-fea761bcd862_d,46.40584,30.73027,309,
89c28a04-5d63-4430-8d24-fea761bcd862_d,46.405840254168766,30.73031544685364,311,
89c28a04-5d63-4430-8d24-fea761bcd862_d,46.40584,30.73027,316,
89c28a04-5d63-4430-8d24-fea761bcd862_d,46.40257,30.73157,318,
89c28a04-5d63-4430-8d24-fea761bcd862_d,46.402573929218576,30.73156535625458,320,
89c28a04-5d63-4430-8d24-fea761bcd862_d,46.40257,30.73157,325,
89c28a04-5d63-4430-8d24-fea761bcd862_d,46.40048,30.73222,327,
89c28a04-5d63-4430-8d24-fea761bcd862_d,46.39973,30.7327,329,
89c28a04-5d63-4430-8d24-fea761bcd862_d,46.39917,30.73305,331,
89c28a04-5d63-4430-8d24-fea761bcd862_d,46.39899,30.73313,333,
89c28a04-5d63-4430-8d24-fea761bcd862_d,46.39899295416615,30.733163952827457,335,
89c28a04-5d63-4430-8d24-fea761bcd862_d,46.39899,30.73313,340,
89c28a04-5d63-4430-8d24-fea761bcd862_d,46.39872,30.7333,342,
89c28a04-5d63-4430-8d24-fea761bcd862_d,46.39795,30.73371,344,
89c28a04-5d63-4430-8d24-fea761bcd862_d,46.39621,30.73453,346,
89c28a04-5d63-4430-8d24-fea761bcd862_d,46.39621457711201,30.734526515007023,348,
89c28a04-5d63-4430-8d24-fea761bcd862_d,46.39621,30.73453,353,
89c28a04-5d63-4430-8d24-fea761bcd862_d,46.39376,30.73483,355,
89c28a04-5d63-4430-8d24-fea761bcd862_d,46.393764,30.73483,357,
89c28a04-5d63-4430-8d24-fea761bcd862_d,46.39376,30.73483,362,
89c28a04-5d63-4430-8d24-fea761bcd862_d,46.39346,30.73485,364,
89c28a04-5d63-4430-8d24-fea761bcd862_d,46.39328,30.73482,366,
89c28a04-5d63-4430-8d24-fea761bcd862_d,46.39234,30.73439,368,
89c28a04-5d63-4430-8d24-fea761bcd862_d,46.39099,30.73373,370,
89c28a04-5d63-4430-8d24-fea761bcd862_d,46.390994101285095,30.733727216720585,372,
89c28a04-5d63-4430-8d24-fea761bcd862_d,46.39099,30.73373,377,
89c28a04-5d63-4430-8d24-fea761bcd862_d,46.38776,30.73226,379,
89c28a04-5d63-4430-8d24-fea761bcd862_d,46.38723,30.732,381,
89c28a04-5d63-4430-8d24-fea761bcd862_d,46.38681,30.73173,383,
89c28a04-5d63-4430-8d24-fea761bcd862_d,46.3867,30.73161,385,
89c28a04-5d63-4430-8d24-fea761bcd862_d,46.3866,30.73144,387,
89c28a04-5d63-4430-8d24-fea761bcd862_d,46.38661310405771,30.731436610221866,389,
89c28a04-5d63-4430-8d24-fea761bcd862_d,46.38661,30.73144,394,
89c28a04-5d63-4430-8d24-fea761bcd862_d,46.38633,30.73093,396,
89c28a04-5d63-4430-8d24-fea761bcd862_d,46.38622,30.73069,398,
89c28a04-5d63-4430-8d24-fea761bcd862_d,46.38611,30.7304,400,
89c28a04-5d63-4430-8d24-fea761bcd862_d,46.38599,30.72986,402,
89c28a04-5d63-4430-8d24-fea761bcd862_d,46.38562,30.72738,404,
89c28a04-5d63-4430-8d24-fea761bcd862_d,46.38564,30.72738,406,
89c28a04-5d63-4430-8d24-fea761bcd862_d,46.38560290869656,30.72735965251923,408,
89c28a04-5d63-4430-8d24-fea761bcd862_d,46.38564,30.72738,413,
89c28a04-5d63-4430-8d24-fea761bcd862_d,46.38562,30.72738,415,
89c28a04-5d63-4430-8d24-fea761bcd862_d,46.38497,30.72411,417,
89c28a04-5d63-4430-8d24-fea761bcd862_d,46.38438,30.72135,419,
89c28a04-5d63-4430-8d24-fea761bcd862_d,46.38437806800176,30.72135150432587,421,
89c28a04-5d63-4430-8d24-fea761bcd862_d,46.38438,30.72135,426,
89c28a04-5d63-4430-8d24-fea761bcd862_d,46.38324,30.71632,428,
89c28a04-5d63-4430-8d24-fea761bcd862_d,46.38320870804117,30.71633577346802,430,
89c28a04-5d63-4430-8d24-fea761bcd862_d,46.38324,30.71632,435,
89c28a04-5d63-4430-8d24-fea761bcd862_d,46.38288,30.71525,437,
89c28a04-5d63-4430-8d24-fea761bcd862_d,46.38249,30.7144,439,
89c28a04-5d63-4430-8d24-fea761bcd862_d,46.38249079742879,30.71439921855927,441,
514e22eb-98ab-4d13-9c85-f95bc34dccbb_d,46.466847191574054,30.738241648496377,1,
514e22eb-98ab-4d13-9c85-f95bc34dccbb_d,46.46685,30.73824,6,
514e22eb-98ab-4d13-9c85-f95bc34dccbb_d,46.46683,30.73845,8,
514e22eb-98ab-4d13-9c85-f95bc34dccbb_d,46.46683,30.73859,10,
514e22eb-98ab-4d13-9c85-f95bc34dccbb_d,46.46681,30.73888,12,
514e22eb-98ab-4d13-9c85-f95bc34dccbb_d,46.46681,30.739,14,
514e22eb-98ab-4d13-9c85-f95bc34dccbb_d,46.46684,30.7391,16,
514e22eb-98ab-4d13-9c85-f95bc34dccbb_d,46.46715,30.73918,18,
514e22eb-98ab-4d13-9c85-f95bc34dccbb_d,46.46748,30.73923,20,
514e22eb-98ab-4d13-9c85-f95bc34dccbb_d,46.4676,30.73923,22,
514e22eb-98ab-4d13-9c85-f95bc34dccbb_d,46.46768,30.73914,24,
514e22eb-98ab-4d13-9c85-f95bc34dccbb_d,46.46772,30.73895,26,
514e22eb-98ab-4d13-9c85-f95bc34dccbb_d,46.46774,30.73865,28,
514e22eb-98ab-4d13-9c85-f95bc34dccbb_d,46.46781,30.73771,30,
514e22eb-98ab-4d13-9c85-f95bc34dccbb_d,46.46787,30.73681,32,
514e22eb-98ab-4d13-9c85-f95bc34dccbb_d,46.4679,30.73633,34,
514e22eb-98ab-4d13-9c85-f95bc34dccbb_d,46.46794,30.73592,36,
514e22eb-98ab-4d13-9c85-f95bc34dccbb_d,46.46796,30.73593,38,
514e22eb-98ab-4d13-9c85-f95bc34dccbb_d,46.468003674514485,30.734784007072452,40,
514e22eb-98ab-4d13-9c85-f95bc34dccbb_d,46.46796,30.73592,45,
514e22eb-98ab-4d13-9c85-f95bc34dccbb_d,46.46794,30.73591,47,
514e22eb-98ab-4d13-9c85-f95bc34dccbb_d,46.46798,30.73508,49,
514e22eb-98ab-4d13-9c85-f95bc34dccbb_d,46.46805,30.73426,51,
514e22eb-98ab-4d13-9c85-f95bc34dccbb_d,46.46808,30.73406,53,
514e22eb-98ab-4d13-9c85-f95bc34dccbb_d,46.46812,30.73397,55,
514e22eb-98ab-4d13-9c85-f95bc34dccbb_d,46.46841,30.73352,57,
514e22eb-98ab-4d13-9c85-f95bc34dccbb_d,46.46847,30.73335,59,
514e22eb-98ab-4d13-9c85-f95bc34dccbb_d,46.46851,30.73315,61,
514e22eb-98ab-4d13-9c85-f95bc34dccbb_d,46.46861,30.73154,63,
514e22eb-98ab-4d13-9c85-f95bc34dccbb_d,46.46866,30.73092,65,
514e22eb-98ab-4d13-9c85-f95bc34dccbb_d,46.46868,30.73071,67,
514e22eb-98ab-4d13-9c85-f95bc34dccbb_d,46.46872,30.7306,69,
514e22eb-98ab-4d13-9c85-f95bc34dccbb_d,46.46876,30.73055,71,
514e22eb-98ab-4d13-9c85-f95bc34dccbb_d,46.46887,30.73052,73,
514e22eb-98ab-4d13-9c85-f95bc34dccbb_d,46.47002,30.73066,75,
514e22eb-98ab-4d13-9c85-f95bc34dccbb_d,46.47004,30.73066,77,
514e22eb-98ab-4d13-9c85-f95bc34dccbb_d,46.47004,30.73066,82,
514e22eb-98ab-4d13-9c85-f95bc34dccbb_d,46.47292,30.73116,84,
514e22eb-98ab-4d13-9c85-f95bc34dccbb_d,46.47295816794677,30.73107182979584,86,
514e22eb-98ab-4d13-9c85-f95bc34dccbb_d,46.47292,30.73116,91,
514e22eb-98ab-4d13-9c85-f95bc34dccbb_d,46.47599,30.73157,93,
514e22eb-98ab-4d13-9c85-f95bc34dccbb_d,46.47596537352183,30.731511712074283,95,
514e22eb-98ab-4d13-9c85-f95bc34dccbb_d,46.47598,30.73157,100,
514e22eb-98ab-4d13-9c85-f95bc34dccbb_d,46.47923,30.732,102,
514e22eb-98ab-4d13-9c85-f95bc34dccbb_d,46.47923468980639,30.731994509696964,104,
514e22eb-98ab-4d13-9c85-f95bc34dccbb_d,46.47923,30.73199,109,
514e22eb-98ab-4d13-9c85-f95bc34dccbb_d,46.47924,30.73192,111,
514e22eb-98ab-4d13-9c85-f95bc34dccbb_d,46.47936,30.73194,113,
514e22eb-98ab-4d13-9c85-f95bc34dccbb_d,46.47944,30.73196,115,
514e22eb-98ab-4d13-9c85-f95bc34dccbb_d,46.47949,30.73196,117,
514e22eb-98ab-4d13-9c85-f95bc34dccbb_d,46.47961,30.73198,119,
514e22eb-98ab-4d13-9c85-f95bc34dccbb_d,46.47976,30.73198,121,
514e22eb-98ab-4d13-9c85-f95bc34dccbb_d,46.47988,30.73201,123,
514e22eb-98ab-4d13-9c85-f95bc34dccbb_d,46.48004,30.73202,125,
514e22eb-98ab-4d13-9c85-f95bc34dccbb_d,46.48013,30.73202,127,
514e22eb-98ab-4d13-9c85-f95bc34dccbb_d,46.48035,30.73208,129,
514e22eb-98ab-4d13-9c85-f95bc34dccbb_d,46.48075,30.73214,131,
514e22eb-98ab-4d13-9c85-f95bc34dccbb_d,46.4809,30.73217,133,
514e22eb-98ab-4d13-9c85-f95bc34dccbb_d,46.48099,30.73217,135,
514e22eb-98ab-4d13-9c85-f95bc34dccbb_d,46.48119,30.73219,137,
514e22eb-98ab-4d13-9c85-f95bc34dccbb_d,46.48149,30.73223,139,
514e22eb-98ab-4d13-9c85-f95bc34dccbb_d,46.48164,30.73226,141,
514e22eb-98ab-4d13-9c85-f95bc34dccbb_d,46.48196,30.7323,143,
514e22eb-98ab-4d13-9c85-f95bc34dccbb_d,46.48245,30.73237,145,
514e22eb-98ab-4d13-9c85-f95bc34dccbb_d,46.48271,30.73239,147,
514e22eb-98ab-4d13-9c85-f95bc34dccbb_d,46.48275,30.7324,149,
514e22eb-98ab-4d13-9c85-f95bc34dccbb_d,46.48275,30.73242,151,
514e22eb-98ab-4d13-9c85-f95bc34dccbb_d,46.482742,30.732418,153,
514e22eb-98ab-4d13-9c85-f95bc34dccbb_d,46.48274,30.73242,158,
514e22eb-98ab-4d13-9c85-f95bc34dccbb_d,46.48274,30.7324,160,
514e22eb-98ab-4d13-9c85-f95bc34dccbb_d,46.48285,30.73241,162,
514e22eb-98ab-4d13-9c85-f95bc34dccbb_d,46.48307,30.73245,164,
514e22eb-98ab-4d13-9c85-f95bc34dccbb_d,46.48382,30.73256,166,
514e22eb-98ab-4d13-9c85-f95bc34dccbb_d,46.48401,30.73258,168,
514e22eb-98ab-4d13-9c85-f95bc34dccbb_d,46.48448,30.73264,170,
514e22eb-98ab-4d13-9c85-f95bc34dccbb_d,46.48453,30.73264,172,
514e22eb-98ab-4d13-9c85-f95bc34dccbb_d,46.48485,30.73269,174,
514e22eb-98ab-4d13-9c85-f95bc34dccbb_d,46.48487,30.73269,176,
514e22eb-98ab-4d13-9c85-f95bc34dccbb_d,46.48498,30.73271,178,
514e22eb-98ab-4d13-9c85-f95bc34dccbb_d,46.48515,30.73273,180,
514e22eb-98ab-4d13-9c85-f95bc34dccbb_d,46.48543,30.73275,182,
514e22eb-98ab-4d13-9c85-f95bc34dccbb_d,46.48554,30.73279,184,
514e22eb-98ab-4d13-9c85-f95bc34dccbb_d,46.48616,30.73288,186,
514e22eb-98ab-4d13-9c85-f95bc34dccbb_d,46.48633,30.7329,188,
514e22eb-98ab-4d13-9c85-f95bc34dccbb_d,46.48661,30.73292,190,
514e22eb-98ab-4d13-9c85-f95bc34dccbb_d,46.4868,30.73297,192,
514e22eb-98ab-4d13-9c85-f95bc34dccbb_d,46.48687,30.73297,194,
514e22eb-98ab-4d13-9c85-f95bc34dccbb_d,46.48693,30.73298,196,
514e22eb-98ab-4d13-9c85-f95bc34dccbb_d,46.48694,30.73291,198,
514e22eb-98ab-4d13-9c85-f95bc34dccbb_d,46.48676629914724,30.733003020286564,200,
514e22eb-98ab-4d13-9c85-f95bc34dccbb_d,46.48694,30.73291,205,
514e22eb-98ab-4d13-9c85-f95bc34dccbb_d,46.48693,30.73298,207,
514e22eb-98ab-4d13-9c85-f95bc34dccbb_d,46.48702,30.73299,209,
514e22eb-98ab-4d13-9c85-f95bc34dccbb_d,46.48712,30.73302,211,
514e22eb-98ab-4d13-9c85-f95bc34dccbb_d,46.48723,30.73304,213,
514e22eb-98ab-4d13-9c85-f95bc34dccbb_d,46.48748,30.73307,215,
514e22eb-98ab-4d13-9c85-f95bc34dccbb_d,46.48765,30.7331,217,
514e22eb-98ab-4d13-9c85-f95bc34dccbb_d,46.48775,30.73312,219,
514e22eb-98ab-4d13-9c85-f95bc34dccbb_d,46.48815,30.73318,221,
514e22eb-98ab-4d13-9c85-f95bc34dccbb_d,46.48846,30.73322,223,
514e22eb-98ab-4d13-9c85-f95bc34dccbb_d,46.48867,30.73322,225,
514e22eb-98ab-4d13-9c85-f95bc34dccbb_d,46.48878,30.73316,227,
514e22eb-98ab-4d13-9c85-f95bc34dccbb_d,46.48896,30.73295,229,
514e22eb-98ab-4d13-9c85-f95bc34dccbb_d,46.48913,30.73276,231,
514e22eb-98ab-4d13-9c85-f95bc34dccbb_d,46.48933,30.73251,233,
514e22eb-98ab-4d13-9c85-f95bc34dccbb_d,46.48939,30.73243,235,
514e22eb-98ab-4d13-9c85-f95bc34dccbb_d,46.48955,30.73225,237,
514e22eb-98ab-4d13-9c85-f95bc34dccbb_d,46.48974,30.73201,239,
514e22eb-98ab-4d13-9c85-f95bc34dccbb_d,46.48996,30.73175,241,
514e22eb-98ab-4d13-9c85-f95bc34dccbb_d,46.49004,30.73167,243,
514e22eb-98ab-4d13-9c85-f95bc34dccbb_d,46.49021,30.73145,245,
514e22eb-98ab-4d13-9c85-f95bc34dccbb_d,46.49024,30.73143,247,
514e22eb-98ab-4d13-9c85-f95bc34dccbb_d,46.49034,30.73132,249,
514e22eb-98ab-4d13-9c85-f95bc34dccbb_d,46.49038,30.73141,251,
514e22eb-98ab-4d13-9c85-f95bc34dccbb_d,46.49037844211985,30.73136687278748,253,
514e22eb-98ab-4d13-9c85-f95bc34dccbb_d,46.49038,30.7314,258,
514e22eb-98ab-4d13-9c85-f95bc34dccbb_d,46.49034,30.73131,260,
514e22eb-98ab-4d13-9c85-f95bc34dccbb_d,46.49039,30.73125,262,
514e22eb-98ab-4d13-9c85-f95bc34dccbb_d,46.49068,30.73093,264,
514e22eb-98ab-4d13-9c85-f95bc34dccbb_d,46.49103,30.7305,266,
514e22eb-98ab-4d13-9c85-f95bc34dccbb_d,46.49109,30.73041,268,
514e22eb-98ab-4d13-9c85-f95bc34dccbb_d,46.4912,30.73028,270,
514e22eb-98ab-4d13-9c85-f95bc34dccbb_d,46.49127,30.7302,272,
514e22eb-98ab-4d13-9c85-f95bc34dccbb_d,46.49148,30.72994,274,
514e22eb-98ab-4d13-9c85-f95bc34dccbb_d,46.49157,30.72983,276,
514e22eb-98ab-4d13-9c85-f95bc34dccbb_d,46.4918,30.72958,278,
514e22eb-98ab-4d13-9c85-f95bc34dccbb_d,46.49202,30.72934,280,
514e22eb-98ab-4d13-9c85-f95bc34dccbb_d,46.49223,30.72908,282,
514e22eb-98ab-4d13-9c85-f95bc34dccbb_d,46.49236,30.72891,284,
514e22eb-98ab-4d13-9c85-f95bc34dccbb_d,46.49287,30.72833,286,
514e22eb-98ab-4d13-9c85-f95bc34dccbb_d,46.4929,30.72827,288,
514e22eb-98ab-4d13-9c85-f95bc34dccbb_d,46.49294,30.72824,290,
514e22eb-98ab-4d13-9c85-f95bc34dccbb_d,46.49309,30.72807,292,
514e22eb-98ab-4d13-9c85-f95bc34dccbb_d,46.49326,30.72786,294,
514e22eb-98ab-4d13-9c85-f95bc34dccbb_d,46.49333,30.72778,296,
514e22eb-98ab-4d13-9c85-f95bc34dccbb_d,46.49338,30.72787,298,
514e22eb-98ab-4d13-9c85-f95bc34dccbb_d,46.49337729881365,30.72781562805176,300,
514e22eb-98ab-4d13-9c85-f95bc34dccbb_d,46.49338,30.72787,305,
514e22eb-98ab-4d13-9c85-f95bc34dccbb_d,46.49333,30.72778,307,
514e22eb-98ab-4d13-9c85-f95bc34dccbb_d,46.49339,30.72771,309,
514e22eb-98ab-4d13-9c85-f95bc34dccbb_d,46.49351,30.72762,311,
514e22eb-98ab-4d13-9c85-f95bc34dccbb_d,46.49367,30.72749,313,
514e22eb-98ab-4d13-9c85-f95bc34dccbb_d,46.49383,30.72739,315,
514e22eb-98ab-4d13-9c85-f95bc34dccbb_d,46.49444,30.72662,317,
514e22eb-98ab-4d13-9c85-f95bc34dccbb_d,46.49533,30.72552,319,
514e22eb-98ab-4d13-9c85-f95bc34dccbb_d,46.49649,30.72414,321,
514e22eb-98ab-4d13-9c85-f95bc34dccbb_d,46.49669,30.72388,323,
514e22eb-98ab-4d13-9c85-f95bc34dccbb_d,46.49685,30.72364,325,
514e22eb-98ab-4d13-9c85-f95bc34dccbb_d,46.49694,30.72355,327,
514e22eb-98ab-4d13-9c85-f95bc34dccbb_d,46.49690037485449,30.723550915718082,329,
514e22eb-98ab-4d13-9c85-f95bc34dccbb_d,46.49694,30.72355,334,
514e22eb-98ab-4d13-9c85-f95bc34dccbb_d,46.49697,30.7234,336,
514e22eb-98ab-4d13-9c85-f95bc34dccbb_d,46.49701,30.72327,338,
514e22eb-98ab-4d13-9c85-f95bc34dccbb_d,46.49705,30.72319,340,
514e22eb-98ab-4d13-9c85-f95bc34dccbb_d,46.49712,30.72314,342,
514e22eb-98ab-4d13-9c85-f95bc34dccbb_d,46.49725,30.72313,344,
514e22eb-98ab-4d13-9c85-f95bc34dccbb_d,46.49731,30.72313,346,
514e22eb-98ab-4d13-9c85-f95bc34dccbb_d,46.49738,30.72314,348,
514e22eb-98ab-4d13-9c85-f95bc34dccbb_d,46.49757,30.72315,350,
514e22eb-98ab-4d13-9c85-f95bc34dccbb_d,46.49771,30.7232,352,
514e22eb-98ab-4d13-9c85-f95bc34dccbb_d,46.49786,30.72319,354,
514e22eb-98ab-4d13-9c85-f95bc34dccbb_d,46.49796,30.72322,356,
514e22eb-98ab-4d13-9c85-f95bc34dccbb_d,46.49805,30.72327,358,
514e22eb-98ab-4d13-9c85-f95bc34dccbb_d,46.49818,30.72333,360,
514e22eb-98ab-4d13-9c85-f95bc34dccbb_d,46.4983,30.72338,362,
514e22eb-98ab-4d13-9c85-f95bc34dccbb_d,46.49854,30.72347,364,
514e22eb-98ab-4d13-9c85-f95bc34dccbb_d,46.49878,30.72358,366,
514e22eb-98ab-4d13-9c85-f95bc34dccbb_d,46.49897,30.72367,368,
514e22eb-98ab-4d13-9c85-f95bc34dccbb_d,46.49911,30.72372,370,
514e22eb-98ab-4d13-9c85-f95bc34dccbb_d,46.4993,30.7238,372,
514e22eb-98ab-4d13-9c85-f95bc34dccbb_d,46.49947,30.72388,374,
514e22eb-98ab-4d13-9c85-f95bc34dccbb_d,46.49963,30.72394,376,
514e22eb-98ab-4d13-9c85-f95bc34dccbb_d,46.49979,30.72403,378,
514e22eb-98ab-4d13-9c85-f95bc34dccbb_d,46.49992,30.72407,380,
514e22eb-98ab-4d13-9c85-f95bc34dccbb_d,46.50008,30.72415,382,
514e22eb-98ab-4d13-9c85-f95bc34dccbb_d,46.50033,30.72424,384,
514e22eb-98ab-4d13-9c85-f95bc34dccbb_d,46.50052,30.72432,386,
514e22eb-98ab-4d13-9c85-f95bc34dccbb_d,46.50075,30.72441,388,
514e22eb-98ab-4d13-9c85-f95bc34dccbb_d,46.50102,30.72452,390,
514e22eb-98ab-4d13-9c85-f95bc34dccbb_d,46.50144,30.72469,392,
514e22eb-98ab-4d13-9c85-f95bc34dccbb_d,46.502,30.72493,394,
514e22eb-98ab-4d13-9c85-f95bc34dccbb_d,46.5022,30.72501,396,
514e22eb-98ab-4d13-9c85-f95bc34dccbb_d,46.50239,30.725,398,
514e22eb-98ab-4d13-9c85-f95bc34dccbb_d,46.50294,30.72495,400,
514e22eb-98ab-4d13-9c85-f95bc34dccbb_d,46.50335,30.72491,402,
514e22eb-98ab-4d13-9c85-f95bc34dccbb_d,46.50388,30.72485,404,
514e22eb-98ab-4d13-9c85-f95bc34dccbb_d,46.5041,30.72482,406,
514e22eb-98ab-4d13-9c85-f95bc34dccbb_d,46.50424,30.7248,408,
514e22eb-98ab-4d13-9c85-f95bc34dccbb_d,46.50433,30.72479,410,
514e22eb-98ab-4d13-9c85-f95bc34dccbb_d,46.50447,30.72477,412,
514e22eb-98ab-4d13-9c85-f95bc34dccbb_d,46.50456,30.72472,414,
514e22eb-98ab-4d13-9c85-f95bc34dccbb_d,46.504602,30.724688,416,
514e22eb-98ab-4d13-9c85-f95bc34dccbb_d,46.5046,30.72469,421,
514e22eb-98ab-4d13-9c85-f95bc34dccbb_d,46.50546,30.72461,423,
514e22eb-98ab-4d13-9c85-f95bc34dccbb_d,46.50635,30.7245,425,
514e22eb-98ab-4d13-9c85-f95bc34dccbb_d,46.50716,30.72441,427,
514e22eb-98ab-4d13-9c85-f95bc34dccbb_d,46.50754,30.72437,429,
514e22eb-98ab-4d13-9c85-f95bc34dccbb_d,46.50772,30.72434,431,
514e22eb-98ab-4d13-9c85-f95bc34dccbb_d,46.507706,30.724335,433,
514e22eb-98ab-4d13-9c85-f95bc34dccbb_d,46.50771,30.72434,438,
514e22eb-98ab-4d13-9c85-f95bc34dccbb_d,46.50802,30.72432,440,
514e22eb-98ab-4d13-9c85-f95bc34dccbb_d,46.50835,30.72427,442,
514e22eb-98ab-4d13-9c85-f95bc34dccbb_d,46.50899,30.72421,444,
514e22eb-98ab-4d13-9c85-f95bc34dccbb_d,46.51032,30.72405,446,
514e22eb-98ab-4d13-9c85-f95bc34dccbb_d,46.51082,30.72398,448,
514e22eb-98ab-4d13-9c85-f95bc34dccbb_d,46.510816,30.723984,450,
514e22eb-98ab-4d13-9c85-f95bc34dccbb_d,46.51082,30.72398,455,
514e22eb-98ab-4d13-9c85-f95bc34dccbb_d,46.51134,30.72393,457,
514e22eb-98ab-4d13-9c85-f95bc34dccbb_d,46.51206,30.7239,459,
514e22eb-98ab-4d13-9c85-f95bc34dccbb_d,46.5124,30.72401,461,
514e22eb-98ab-4d13-9c85-f95bc34dccbb_d,46.51275,30.72417,463,
514e22eb-98ab-4d13-9c85-f95bc34dccbb_d,46.51439,30.72476,465,
514e22eb-98ab-4d13-9c85-f95bc34dccbb_d,46.51535,30.72512,467,
514e22eb-98ab-4d13-9c85-f95bc34dccbb_d,46.51604,30.72537,469,
514e22eb-98ab-4d13-9c85-f95bc34dccbb_d,46.51685,30.72567,471,
514e22eb-98ab-4d13-9c85-f95bc34dccbb_d,46.51759,30.72595,473,
514e22eb-98ab-4d13-9c85-f95bc34dccbb_d,46.51758,30.725954,475,
514e22eb-98ab-4d13-9c85-f95bc34dccbb_d,46.51758,30.72595,480,
514e22eb-98ab-4d13-9c85-f95bc34dccbb_d,46.51806,30.72612,482,
514e22eb-98ab-4d13-9c85-f95bc34dccbb_d,46.51851,30.7263,484,
514e22eb-98ab-4d13-9c85-f95bc34dccbb_d,46.51882,30.72641,486,
514e22eb-98ab-4d13-9c85-f95bc34dccbb_d,46.51911,30.72651,488,
514e22eb-98ab-4d13-9c85-f95bc34dccbb_d,46.5203,30.72697,490,
514e22eb-98ab-4d13-9c85-f95bc34dccbb_d,46.5209,30.72721,492,
514e22eb-98ab-4d13-9c85-f95bc34dccbb_d,46.5215,30.72745,494,
514e22eb-98ab-4d13-9c85-f95bc34dccbb_d,46.521484,30.727447,496,
514e22eb-98ab-4d13-9c85-f95bc34dccbb_d,46.52148,30.72745,501,
514e22eb-98ab-4d13-9c85-f95bc34dccbb_d,46.52361,30.7282,503,
514e22eb-98ab-4d13-9c85-f95bc34dccbb_d,46.52407,30.72835,505,
514e22eb-98ab-4d13-9c85-f95bc34dccbb_d,46.52468,30.7286,507,
514e22eb-98ab-4d13-9c85-f95bc34dccbb_d,46.52518,30.7288,509,
514e22eb-98ab-4d13-9c85-f95bc34dccbb_d,46.525193,30.728803,511,
514e22eb-98ab-4d13-9c85-f95bc34dccbb_d,46.52519,30.7288,516,
514e22eb-98ab-4d13-9c85-f95bc34dccbb_d,46.52592,30.72911,518,
514e22eb-98ab-4d13-9c85-f95bc34dccbb_d,46.52644,30.72934,520,
514e22eb-98ab-4d13-9c85-f95bc34dccbb_d,46.52658,30.72945,522,
514e22eb-98ab-4d13-9c85-f95bc34dccbb_d,46.52684,30.7297,524,
514e22eb-98ab-4d13-9c85-f95bc34dccbb_d,46.5272,30.7303,526,
514e22eb-98ab-4d13-9c85-f95bc34dccbb_d,46.52751,30.73086,528,
514e22eb-98ab-4d13-9c85-f95bc34dccbb_d,46.52798,30.73131,530,
514e22eb-98ab-4d13-9c85-f95bc34dccbb_d,46.52849,30.73176,532,
514e22eb-98ab-4d13-9c85-f95bc34dccbb_d,46.52887,30.73208,534,
514e22eb-98ab-4d13-9c85-f95bc34dccbb_d,46.52887,30.732071,536,
514e22eb-98ab-4d13-9c85-f95bc34dccbb_d,46.52887,30.73207,541,
514e22eb-98ab-4d13-9c85-f95bc34dccbb_d,46.52916,30.7323,543,
514e22eb-98ab-4d13-9c85-f95bc34dccbb_d,46.52995,30.7326,545,
514e22eb-98ab-4d13-9c85-f95bc34dccbb_d,46.53089,30.73295,547,
514e22eb-98ab-4d13-9c85-f95bc34dccbb_d,46.53101,30.73294,549,
514e22eb-98ab-4d13-9c85-f95bc34dccbb_d,46.53111,30.73294,551,
514e22eb-98ab-4d13-9c85-f95bc34dccbb_d,46.53119,30.7329,553,
514e22eb-98ab-4d13-9c85-f95bc34dccbb_d,46.53126,30.73286,555,
514e22eb-98ab-4d13-9c85-f95bc34dccbb_d,46.53156,30.73272,557,
514e22eb-98ab-4d13-9c85-f95bc34dccbb_d,46.53163,30.73275,559,
514e22eb-98ab-4d13-9c85-f95bc34dccbb_d,46.53163,30.73275,561,
514e22eb-98ab-4d13-9c85-f95bc34dccbb_d,46.53163882288476,30.732643604278568,563,
514e22eb-98ab-4d13-9c85-f95bc34dccbb_d,46.53163,30.73276,568,
514e22eb-98ab-4d13-9c85-f95bc34dccbb_d,46.53166,30.73265,570,
514e22eb-98ab-4d13-9c85-f95bc34dccbb_d,46.53173,30.73263,572,
514e22eb-98ab-4d13-9c85-f95bc34dccbb_d,46.5318,30.73262,574,
514e22eb-98ab-4d13-9c85-f95bc34dccbb_d,46.53194,30.73263,576,
514e22eb-98ab-4d13-9c85-f95bc34dccbb_d,46.53201,30.73268,578,
514e22eb-98ab-4d13-9c85-f95bc34dccbb_d,46.53207,30.73274,580,
514e22eb-98ab-4d13-9c85-f95bc34dccbb_d,46.53216,30.73284,582,
514e22eb-98ab-4d13-9c85-f95bc34dccbb_d,46.53225,30.73294,584,
514e22eb-98ab-4d13-9c85-f95bc34dccbb_d,46.53271,30.73356,586,
514e22eb-98ab-4d13-9c85-f95bc34dccbb_d,46.53291,30.73373,588,
514e22eb-98ab-4d13-9c85-f95bc34dccbb_d,46.53327,30.7342,590,
514e22eb-98ab-4d13-9c85-f95bc34dccbb_d,46.53418,30.7353,592,
514e22eb-98ab-4d13-9c85-f95bc34dccbb_d,46.534179,30.735297,594,
514e22eb-98ab-4d13-9c85-f95bc34dccbb_d,46.53418,30.7353,599,
514e22eb-98ab-4d13-9c85-f95bc34dccbb_d,46.53601,30.73759,601,
514e22eb-98ab-4d13-9c85-f95bc34dccbb_d,46.5375,30.73937,603,
514e22eb-98ab-4d13-9c85-f95bc34dccbb_d,46.53848,30.74053,605,
514e22eb-98ab-4d13-9c85-f95bc34dccbb_d,46.538487,30.740533,607,
514e22eb-98ab-4d13-9c85-f95bc34dccbb_d,46.53849,30.74053,612,
514e22eb-98ab-4d13-9c85-f95bc34dccbb_d,46.53933,30.74157,614,
514e22eb-98ab-4d13-9c85-f95bc34dccbb_d,46.54002,30.74239,616,
514e22eb-98ab-4d13-9c85-f95bc34dccbb_d,46.54101,30.74357,618,
514e22eb-98ab-4d13-9c85-f95bc34dccbb_d,46.54225,30.74511,620,
514e22eb-98ab-4d13-9c85-f95bc34dccbb_d,46.54276,30.74567,622,
514e22eb-98ab-4d13-9c85-f95bc34dccbb_d,46.542758,30.745674,624,
514e22eb-98ab-4d13-9c85-f95bc34dccbb_d,46.54276,30.74567,629,
514e22eb-98ab-4d13-9c85-f95bc34dccbb_d,46.54417,30.74746,631,
514e22eb-98ab-4d13-9c85-f95bc34dccbb_d,46.54473,30.74814,633,
514e22eb-98ab-4d13-9c85-f95bc34dccbb_d,46.54584,30.7495,635,
514e22eb-98ab-4d13-9c85-f95bc34dccbb_d,46.54733,30.7513,637,
514e22eb-98ab-4d13-9c85-f95bc34dccbb_d,46.54783,30.75193,639,
514e22eb-98ab-4d13-9c85-f95bc34dccbb_d,46.547568255546636,30.75154781341553,641,
514e22eb-98ab-4d13-9c85-f95bc34dccbb_d,46.54784,30.75193,646,
514e22eb-98ab-4d13-9c85-f95bc34dccbb_d,46.5492,30.75353,648,
514e22eb-98ab-4d13-9c85-f95bc34dccbb_d,46.54927,30.75363,650,
514e22eb-98ab-4d13-9c85-f95bc34dccbb_d,46.55081,30.75548,652,
514e22eb-98ab-4d13-9c85-f95bc34dccbb_d,46.55085171320204,30.755458474159244,654,
514e22eb-98ab-4d13-9c85-f95bc34dccbb_d,46.55081,30.75548,659,
514e22eb-98ab-4d13-9c85-f95bc34dccbb_d,46.55098,30.75578,661,
514e22eb-98ab-4d13-9c85-f95bc34dccbb_d,46.55124,30.7564,663,
514e22eb-98ab-4d13-9c85-f95bc34dccbb_d,46.55225,30.75929,665,
514e22eb-98ab-4d13-9c85-f95bc34dccbb_d,46.55342,30.76258,667,
514e22eb-98ab-4d13-9c85-f95bc34dccbb_d,46.55346,30.76272,669,
514e22eb-98ab-4d13-9c85-f95bc34dccbb_d,46.55344,30.76286,671,
514e22eb-98ab-4d13-9c85-f95bc34dccbb_d,46.55342,30.76293,673,
514e22eb-98ab-4d13-9c85-f95bc34dccbb_d,46.55338,30.76298,675,
514e22eb-98ab-4d13-9c85-f95bc34dccbb_d,46.55332,30.76307,677,
514e22eb-98ab-4d13-9c85-f95bc34dccbb_d,46.55323,30.76324,679,
514e22eb-98ab-4d13-9c85-f95bc34dccbb_d,46.55318,30.76338,681,
514e22eb-98ab-4d13-9c85-f95bc34dccbb_d,46.55319,30.76355,683,
514e22eb-98ab-4d13-9c85-f95bc34dccbb_d,46.553319709593964,30.762223005294803,685,
514e22eb-98ab-4d13-9c85-f95bc34dccbb_d,46.55319,30.76355,690,
514e22eb-98ab-4d13-9c85-f95bc34dccbb_d,46.55323,30.76375,692,
514e22eb-98ab-4d13-9c85-f95bc34dccbb_d,46.55328,30.76386,694,
514e22eb-98ab-4d13-9c85-f95bc34dccbb_d,46.55334,30.76402,696,
514e22eb-98ab-4d13-9c85-f95bc34dccbb_d,46.55353,30.76412,698,
514e22eb-98ab-4d13-9c85-f95bc34dccbb_d,46.55374,30.7642,700,
514e22eb-98ab-4d13-9c85-f95bc34dccbb_d,46.55385,30.76423,702,
514e22eb-98ab-4d13-9c85-f95bc34dccbb_d,46.55394,30.76431,704,
514e22eb-98ab-4d13-9c85-f95bc34dccbb_d,46.55399,30.76442,706,
514e22eb-98ab-4d13-9c85-f95bc34dccbb_d,46.55403,30.76454,708,
514e22eb-98ab-4d13-9c85-f95bc34dccbb_d,46.55448,30.76587,710,
514e22eb-98ab-4d13-9c85-f95bc34dccbb_d,46.555,30.76744,712,
514e22eb-98ab-4d13-9c85-f95bc34dccbb_d,46.55553,30.76898,714,
514e22eb-98ab-4d13-9c85-f95bc34dccbb_d,46.55579,30.76973,716,
514e22eb-98ab-4d13-9c85-f95bc34dccbb_d,46.55599,30.77017,718,
514e22eb-98ab-4d13-9c85-f95bc34dccbb_d,46.55626,30.77059,720,
514e22eb-98ab-4d13-9c85-f95bc34dccbb_d,46.55677,30.77137,722,
514e22eb-98ab-4d13-9c85-f95bc34dccbb_d,46.55691,30.77161,724,
514e22eb-98ab-4d13-9c85-f95bc34dccbb_d,46.55695,30.77174,726,
514e22eb-98ab-4d13-9c85-f95bc34dccbb_d,46.55702,30.7719,728,
514e22eb-98ab-4d13-9c85-f95bc34dccbb_d,46.55712,30.77198,730,
514e22eb-98ab-4d13-9c85-f95bc34dccbb_d,46.55722,30.77198,732,
514e22eb-98ab-4d13-9c85-f95bc34dccbb_d,46.55729,30.77196,734,
514e22eb-98ab-4d13-9c85-f95bc34dccbb_d,46.55739,30.77189,736,
514e22eb-98ab-4d13-9c85-f95bc34dccbb_d,46.55748,30.77182,738,
514e22eb-98ab-4d13-9c85-f95bc34dccbb_d,46.55758,30.77177,740,
514e22eb-98ab-4d13-9c85-f95bc34dccbb_d,46.55769,30.77181,742,
514e22eb-98ab-4d13-9c85-f95bc34dccbb_d,46.55783,30.77191,744,
514e22eb-98ab-4d13-9c85-f95bc34dccbb_d,46.55783,30.77191,746,
514e22eb-98ab-4d13-9c85-f95bc34dccbb_d,46.55782747904811,30.771889686584476,748,
514e22eb-98ab-4d13-9c85-f95bc34dccbb_d,46.55783,30.77189,753,
514e22eb-98ab-4d13-9c85-f95bc34dccbb_d,46.55822,30.77204,755,
514e22eb-98ab-4d13-9c85-f95bc34dccbb_d,46.5586,30.77225,757,
514e22eb-98ab-4d13-9c85-f95bc34dccbb_d,46.55907,30.77249,759,
514e22eb-98ab-4d13-9c85-f95bc34dccbb_d,46.55956,30.77277,761,
514e22eb-98ab-4d13-9c85-f95bc34dccbb_d,46.55997,30.77301,763,
514e22eb-98ab-4d13-9c85-f95bc34dccbb_d,46.56102,30.77354,765,
514e22eb-98ab-4d13-9c85-f95bc34dccbb_d,46.56168,30.77392,767,
514e22eb-98ab-4d13-9c85-f95bc34dccbb_d,46.56246,30.77434,769,
514e22eb-98ab-4d13-9c85-f95bc34dccbb_d,46.56259,30.77447,771,
514e22eb-98ab-4d13-9c85-f95bc34dccbb_d,46.56259,30.77447,773,
514e22eb-98ab-4d13-9c85-f95bc34dccbb_d,46.56258937209552,30.774469971656803,775,
514e22eb-98ab-4d13-9c85-f95bc34dccbb_d,46.56259,30.77447,780,
514e22eb-98ab-4d13-9c85-f95bc34dccbb_d,46.56259,30.77447,782,
514e22eb-98ab-4d13-9c85-f95bc34dccbb_d,46.56283,30.77455,784,
514e22eb-98ab-4d13-9c85-f95bc34dccbb_d,46.56314,30.77471,786,
514e22eb-98ab-4d13-9c85-f95bc34dccbb_d,46.5641,30.77525,788,
514e22eb-98ab-4d13-9c85-f95bc34dccbb_d,46.56489,30.77568,790,
514e22eb-98ab-4d13-9c85-f95bc34dccbb_d,46.56508,30.7758,792,
514e22eb-98ab-4d13-9c85-f95bc34dccbb_d,46.56516,30.77587,794,
514e22eb-98ab-4d13-9c85-f95bc34dccbb_d,46.565164,30.775873,796,
514e22eb-98ab-4d13-9c85-f95bc34dccbb_d,46.56516,30.77587,801,
514e22eb-98ab-4d13-9c85-f95bc34dccbb_d,46.56539,30.77597,803,
514e22eb-98ab-4d13-9c85-f95bc34dccbb_d,46.56577,30.77616,805,
514e22eb-98ab-4d13-9c85-f95bc34dccbb_d,46.56686,30.77677,807,
514e22eb-98ab-4d13-9c85-f95bc34dccbb_d,46.56758,30.77716,809,
514e22eb-98ab-4d13-9c85-f95bc34dccbb_d,46.56802,30.77741,811,
514e22eb-98ab-4d13-9c85-f95bc34dccbb_d,46.56936,30.77811,813,
514e22eb-98ab-4d13-9c85-f95bc34dccbb_d,46.57063,30.77887,815,
514e22eb-98ab-4d13-9c85-f95bc34dccbb_d,46.57069,30.77895,817,
514e22eb-98ab-4d13-9c85-f95bc34dccbb_d,46.57069,30.77896,819,
514e22eb-98ab-4d13-9c85-f95bc34dccbb_d,46.570685,30.778944,821,
514e22eb-98ab-4d13-9c85-f95bc34dccbb_d,46.57069,30.77894,826,
514e22eb-98ab-4d13-9c85-f95bc34dccbb_d,46.57086,30.779,828,
514e22eb-98ab-4d13-9c85-f95bc34dccbb_d,46.57159,30.77938,830,
514e22eb-98ab-4d13-9c85-f95bc34dccbb_d,46.57254,30.77989,832,
514e22eb-98ab-4d13-9c85-f95bc34dccbb_d,46.57388,30.78061,834,
514e22eb-98ab-4d13-9c85-f95bc34dccbb_d,46.57388935697318,30.780585408210758,836,
514e22eb-98ab-4d13-9c85-f95bc34dccbb_d,46.57388,30.78062,841,
514e22eb-98ab-4d13-9c85-f95bc34dccbb_d,46.57469,30.78108,843,
514e22eb-98ab-4d13-9c85-f95bc34dccbb_d,46.57571,30.78166,845,
514e22eb-98ab-4d13-9c85-f95bc34dccbb_d,46.57732,30.78256,847,
514e22eb-98ab-4d13-9c85-f95bc34dccbb_d,46.577313,30.782554,849,
514e22eb-98ab-4d13-9c85-f95bc34dccbb_d,46.57731,30.78255,854,
514e22eb-98ab-4d13-9c85-f95bc34dccbb_d,46.57748,30.78261,856,
514e22eb-98ab-4d13-9c85-f95bc34dccbb_d,46.57885,30.78337,858,
514e22eb-98ab-4d13-9c85-f95bc34dccbb_d,46.57997,30.78398,860,
514e22eb-98ab-4d13-9c85-f95bc34dccbb_d,46.58052,30.78427,862,
514e22eb-98ab-4d13-9c85-f95bc34dccbb_d,46.58112,30.7846,864,
514e22eb-98ab-4d13-9c85-f95bc34dccbb_d,46.58127,30.78471,866,
514e22eb-98ab-4d13-9c85-f95bc34dccbb_d,46.58128249191699,30.784667730331424,868,
514e22eb-98ab-4d13-9c85-f95bc34dccbb_d,46.58128,30.78471,873,
514e22eb-98ab-4d13-9c85-f95bc34dccbb_d,46.5814,30.78473,875,
514e22eb-98ab-4d13-9c85-f95bc34dccbb_d,46.58166,30.78486,877,
514e22eb-98ab-4d13-9c85-f95bc34dccbb_d,46.58184,30.785,879,
514e22eb-98ab-4d13-9c85-f95bc34dccbb_d,46.58198,30.78516,881,
514e22eb-98ab-4d13-9c85-f95bc34dccbb_d,46.58263,30.78579,883,
514e22eb-98ab-4d13-9c85-f95bc34dccbb_d,46.58355,30.78694,885,
514e22eb-98ab-4d13-9c85-f95bc34dccbb_d,46.58468,30.78836,887,
514e22eb-98ab-4d13-9c85-f95bc34dccbb_d,46.584669,30.788361,889,
514e22eb-98ab-4d13-9c85-f95bc34dccbb_d,46.58467,30.78836,894,
514e22eb-98ab-4d13-9c85-f95bc34dccbb_d,46.58535,30.78919,896,
514e22eb-98ab-4d13-9c85-f95bc34dccbb_d,46.58605,30.79009,898,
514e22eb-98ab-4d13-9c85-f95bc34dccbb_d,46.58692,30.79119,900,
514e22eb-98ab-4d13-9c85-f95bc34dccbb_d,46.58849,30.79319,902,
514e22eb-98ab-4d13-9c85-f95bc34dccbb_d,46.58865,30.79343,904,
514e22eb-98ab-4d13-9c85-f95bc34dccbb_d,46.588658,30.793428,906,
514e22eb-98ab-4d13-9c85-f95bc34dccbb_d,46.58866,30.79343,911,
514e22eb-98ab-4d13-9c85-f95bc34dccbb_d,46.58924,30.79414,913,
514e22eb-98ab-4d13-9c85-f95bc34dccbb_d,46.59005,30.79518,915,
514e22eb-98ab-4d13-9c85-f95bc34dccbb_d,46.59103,30.79642,917,
514e22eb-98ab-4d13-9c85-f95bc34dccbb_d,46.59131,30.79669,919,
514e22eb-98ab-4d13-9c85-f95bc34dccbb_d,46.59174,30.7972,921,
514e22eb-98ab-4d13-9c85-f95bc34dccbb_d,46.59182,30.79736,923,
514e22eb-98ab-4d13-9c85-f95bc34dccbb_d,46.59182,30.797365,925,
514e22eb-98ab-4d13-9c85-f95bc34dccbb_d,46.59182,30.79737,930,
514e22eb-98ab-4d13-9c85-f95bc34dccbb_d,46.59191,30.79745,932,
514e22eb-98ab-4d13-9c85-f95bc34dccbb_d,46.59222,30.79781,934,
514e22eb-98ab-4d13-9c85-f95bc34dccbb_d,46.59313,30.79896,936,
514e22eb-98ab-4d13-9c85-f95bc34dccbb_d,46.59405,30.80015,938,
514e22eb-98ab-4d13-9c85-f95bc34dccbb_d,46.59483,30.8012,940,
514e22eb-98ab-4d13-9c85-f95bc34dccbb_d,46.59483,30.80118,942,
514e22eb-98ab-4d13-9c85-f95bc34dccbb_d,46.59483,30.80118,947,
514e22eb-98ab-4d13-9c85-f95bc34dccbb_d,46.59621,30.80287,949,
514e22eb-98ab-4d13-9c85-f95bc34dccbb_d,46.59664,30.80357,951,
514e22eb-98ab-4d13-9c85-f95bc34dccbb_d,46.59707,30.80427,953,
514e22eb-98ab-4d13-9c85-f95bc34dccbb_d,46.59717,30.80434,955,
514e22eb-98ab-4d13-9c85-f95bc34dccbb_d,46.59728,30.80433,957,
514e22eb-98ab-4d13-9c85-f95bc34dccbb_d,46.59738,30.80427,959,
514e22eb-98ab-4d13-9c85-f95bc34dccbb_d,46.59748,30.80421,961,
514e22eb-98ab-4d13-9c85-f95bc34dccbb_d,46.597451690791615,30.804178118705753,963,
514e22eb-98ab-4d13-9c85-f95bc34dccbb_r,46.597451690791615,30.804178118705753,1,
514e22eb-98ab-4d13-9c85-f95bc34dccbb_r,46.59748,30.80421,6,
514e22eb-98ab-4d13-9c85-f95bc34dccbb_r,46.59749,30.80404,8,
514e22eb-98ab-4d13-9c85-f95bc34dccbb_r,46.59748,30.8039,10,
514e22eb-98ab-4d13-9c85-f95bc34dccbb_r,46.59744,30.80373,12,
514e22eb-98ab-4d13-9c85-f95bc34dccbb_r,46.59738,30.80362,14,
514e22eb-98ab-4d13-9c85-f95bc34dccbb_r,46.59728,30.80355,16,
514e22eb-98ab-4d13-9c85-f95bc34dccbb_r,46.59718,30.80351,18,
514e22eb-98ab-4d13-9c85-f95bc34dccbb_r,46.59696,30.80345,20,
514e22eb-98ab-4d13-9c85-f95bc34dccbb_r,46.59676,30.80342,22,
514e22eb-98ab-4d13-9c85-f95bc34dccbb_r,46.59666,30.80342,24,
514e22eb-98ab-4d13-9c85-f95bc34dccbb_r,46.59658,30.80336,26,
514e22eb-98ab-4d13-9c85-f95bc34dccbb_r,46.59647,30.80319,28,
514e22eb-98ab-4d13-9c85-f95bc34dccbb_r,46.59638,30.80306,30,
514e22eb-98ab-4d13-9c85-f95bc34dccbb_r,46.59573,30.80221,32,
514e22eb-98ab-4d13-9c85-f95bc34dccbb_r,46.59526,30.80158,34,
514e22eb-98ab-4d13-9c85-f95bc34dccbb_r,46.59527322219621,30.801571011543277,36,
514e22eb-98ab-4d13-9c85-f95bc34dccbb_r,46.59527,30.80157,41,
514e22eb-98ab-4d13-9c85-f95bc34dccbb_r,46.59504,30.80129,43,
514e22eb-98ab-4d13-9c85-f95bc34dccbb_r,46.59405,30.80005,45,
514e22eb-98ab-4d13-9c85-f95bc34dccbb_r,46.59322,30.79899,47,
514e22eb-98ab-4d13-9c85-f95bc34dccbb_r,46.59279,30.79844,49,
514e22eb-98ab-4d13-9c85-f95bc34dccbb_r,46.5925,30.79808,51,
514e22eb-98ab-4d13-9c85-f95bc34dccbb_r,46.59242,30.79788,53,
514e22eb-98ab-4d13-9c85-f95bc34dccbb_r,46.59241,30.79788,55,
514e22eb-98ab-4d13-9c85-f95bc34dccbb_r,46.592415,30.79788,57,
514e22eb-98ab-4d13-9c85-f95bc34dccbb_r,46.59242,30.79788,62,
514e22eb-98ab-4d13-9c85-f95bc34dccbb_r,46.59229,30.79783,64,
514e22eb-98ab-4d13-9c85-f95bc34dccbb_r,46.59194,30.79737,66,
514e22eb-98ab-4d13-9c85-f95bc34dccbb_r,46.59131,30.79662,68,
514e22eb-98ab-4d13-9c85-f95bc34dccbb_r,46.59112,30.79648,70,
514e22eb-98ab-4d13-9c85-f95bc34dccbb_r,46.59094,30.79629,72,
514e22eb-98ab-4d13-9c85-f95bc34dccbb_r,46.59072,30.79601,74,
514e22eb-98ab-4d13-9c85-f95bc34dccbb_r,46.59002,30.79507,76,
514e22eb-98ab-4d13-9c85-f95bc34dccbb_r,46.58939,30.79428,78,
514e22eb-98ab-4d13-9c85-f95bc34dccbb_r,46.58917,30.79393,80,
514e22eb-98ab-4d13-9c85-f95bc34dccbb_r,46.58916862034075,30.793942809104923,82,
514e22eb-98ab-4d13-9c85-f95bc34dccbb_r,46.58917,30.79394,87,
514e22eb-98ab-4d13-9c85-f95bc34dccbb_r,46.58901,30.7938,89,
514e22eb-98ab-4d13-9c85-f95bc34dccbb_r,46.58877,30.79354,91,
514e22eb-98ab-4d13-9c85-f95bc34dccbb_r,46.58821,30.79276,93,
514e22eb-98ab-4d13-9c85-f95bc34dccbb_r,46.58722,30.79149,95,
514e22eb-98ab-4d13-9c85-f95bc34dccbb_r,46.58678,30.79095,97,
514e22eb-98ab-4d13-9c85-f95bc34dccbb_r,46.58625,30.79027,99,
514e22eb-98ab-4d13-9c85-f95bc34dccbb_r,46.586,30.78994,101,
514e22eb-98ab-4d13-9c85-f95bc34dccbb_r,46.58538,30.78919,103,
514e22eb-98ab-4d13-9c85-f95bc34dccbb_r,46.58517,30.7888,105,
514e22eb-98ab-4d13-9c85-f95bc34dccbb_r,46.58516855364387,30.78880369663239,107,
514e22eb-98ab-4d13-9c85-f95bc34dccbb_r,46.58518,30.78876,112,
514e22eb-98ab-4d13-9c85-f95bc34dccbb_r,46.58484,30.78852,114,
514e22eb-98ab-4d13-9c85-f95bc34dccbb_r,46.58445,30.788,116,
514e22eb-98ab-4d13-9c85-f95bc34dccbb_r,46.58363,30.78695,118,
514e22eb-98ab-4d13-9c85-f95bc34dccbb_r,46.58275,30.78586,120,
514e22eb-98ab-4d13-9c85-f95bc34dccbb_r,46.58269,30.78577,122,
514e22eb-98ab-4d13-9c85-f95bc34dccbb_r,46.58261,30.78569,124,
514e22eb-98ab-4d13-9c85-f95bc34dccbb_r,46.58227,30.78535,126,
514e22eb-98ab-4d13-9c85-f95bc34dccbb_r,46.58207,30.78516,128,
514e22eb-98ab-4d13-9c85-f95bc34dccbb_r,46.58187,30.78497,130,
514e22eb-98ab-4d13-9c85-f95bc34dccbb_r,46.58169,30.78483,132,
514e22eb-98ab-4d13-9c85-f95bc34dccbb_r,46.58144,30.78472,134,
514e22eb-98ab-4d13-9c85-f95bc34dccbb_r,46.58155902354133,30.78474283218384,136,
514e22eb-98ab-4d13-9c85-f95bc34dccbb_r,46.58144,30.78472,141,
514e22eb-98ab-4d13-9c85-f95bc34dccbb_r,46.58128,30.78464,143,
514e22eb-98ab-4d13-9c85-f95bc34dccbb_r,46.57996,30.78391,145,
514e22eb-98ab-4d13-9c85-f95bc34dccbb_r,46.57898,30.78338,147,
514e22eb-98ab-4d13-9c85-f95bc34dccbb_r,46.57769,30.78265,149,
514e22eb-98ab-4d13-9c85-f95bc34dccbb_r,46.57771,30.7825,151,
514e22eb-98ab-4d13-9c85-f95bc34dccbb_r,46.577714,30.782509,153,
514e22eb-98ab-4d13-9c85-f95bc34dccbb_r,46.57771,30.78251,158,
514e22eb-98ab-4d13-9c85-f95bc34dccbb_r,46.57769,30.78265,160,
514e22eb-98ab-4d13-9c85-f95bc34dccbb_r,46.57712,30.78231,162,
514e22eb-98ab-4d13-9c85-f95bc34dccbb_r,46.57573,30.78158,164,
514e22eb-98ab-4d13-9c85-f95bc34dccbb_r,46.57503,30.78121,166,
514e22eb-98ab-4d13-9c85-f95bc34dccbb_r,46.57451,30.78091,168,
514e22eb-98ab-4d13-9c85-f95bc34dccbb_r,46.57452,30.78081,170,
514e22eb-98ab-4d13-9c85-f95bc34dccbb_r,46.574505182755516,30.780864357948307,172,
514e22eb-98ab-4d13-9c85-f95bc34dccbb_r,46.57452,30.7808,177,
514e22eb-98ab-4d13-9c85-f95bc34dccbb_r,46.57451,30.7809,179,
514e22eb-98ab-4d13-9c85-f95bc34dccbb_r,46.57399,30.78061,181,
514e22eb-98ab-4d13-9c85-f95bc34dccbb_r,46.57353,30.78036,183,
514e22eb-98ab-4d13-9c85-f95bc34dccbb_r,46.57253,30.77982,185,
514e22eb-98ab-4d13-9c85-f95bc34dccbb_r,46.57115,30.77907,187,
514e22eb-98ab-4d13-9c85-f95bc34dccbb_r,46.57114,30.77896,189,
514e22eb-98ab-4d13-9c85-f95bc34dccbb_r,46.571144,30.778967,191,
514e22eb-98ab-4d13-9c85-f95bc34dccbb_r,46.57114,30.77897,196,
514e22eb-98ab-4d13-9c85-f95bc34dccbb_r,46.57115,30.77907,198,
514e22eb-98ab-4d13-9c85-f95bc34dccbb_r,46.56934,30.77807,200,
514e22eb-98ab-4d13-9c85-f95bc34dccbb_r,46.56785,30.77728,202,
514e22eb-98ab-4d13-9c85-f95bc34dccbb_r,46.56742,30.77704,204,
514e22eb-98ab-4d13-9c85-f95bc34dccbb_r,46.56573,30.77612,206,
514e22eb-98ab-4d13-9c85-f95bc34dccbb_r,46.56549,30.77596,208,
514e22eb-98ab-4d13-9c85-f95bc34dccbb_r,46.56558,30.77589,210,
514e22eb-98ab-4d13-9c85-f95bc34dccbb_r,46.565578,30.775904,212,
514e22eb-98ab-4d13-9c85-f95bc34dccbb_r,46.56558,30.7759,217,
514e22eb-98ab-4d13-9c85-f95bc34dccbb_r,46.56549,30.77597,219,
514e22eb-98ab-4d13-9c85-f95bc34dccbb_r,46.56532,30.77592,221,
514e22eb-98ab-4d13-9c85-f95bc34dccbb_r,46.5641,30.77521,223,
514e22eb-98ab-4d13-9c85-f95bc34dccbb_r,46.5628,30.77443,225,
514e22eb-98ab-4d13-9c85-f95bc34dccbb_r,46.56286,30.77446,227,
514e22eb-98ab-4d13-9c85-f95bc34dccbb_r,46.562864,30.774474,229,
514e22eb-98ab-4d13-9c85-f95bc34dccbb_r,46.56286,30.77447,234,
514e22eb-98ab-4d13-9c85-f95bc34dccbb_r,46.5628,30.77444,236,
514e22eb-98ab-4d13-9c85-f95bc34dccbb_r,46.56257,30.77431,238,
514e22eb-98ab-4d13-9c85-f95bc34dccbb_r,46.56022,30.77307,240,
514e22eb-98ab-4d13-9c85-f95bc34dccbb_r,46.55818,30.77198,242,
514e22eb-98ab-4d13-9c85-f95bc34dccbb_r,46.55789,30.77182,244,
514e22eb-98ab-4d13-9c85-f95bc34dccbb_r,46.55789387547243,30.77181994915009,246,
514e22eb-98ab-4d13-9c85-f95bc34dccbb_r,46.55789,30.77182,251,
514e22eb-98ab-4d13-9c85-f95bc34dccbb_r,46.55771,30.77174,253,
514e22eb-98ab-4d13-9c85-f95bc34dccbb_r,46.5576,30.77169,255,
514e22eb-98ab-4d13-9c85-f95bc34dccbb_r,46.55755,30.77168,257,
514e22eb-98ab-4d13-9c85-f95bc34dccbb_r,46.5575,30.77172,259,
514e22eb-98ab-4d13-9c85-f95bc34dccbb_r,46.55739,30.7718,261,
514e22eb-98ab-4d13-9c85-f95bc34dccbb_r,46.55729,30.77185,263,
514e22eb-98ab-4d13-9c85-f95bc34dccbb_r,46.55721,30.7719,265,
514e22eb-98ab-4d13-9c85-f95bc34dccbb_r,46.55714,30.77189,267,
514e22eb-98ab-4d13-9c85-f95bc34dccbb_r,46.55706,30.77183,269,
514e22eb-98ab-4d13-9c85-f95bc34dccbb_r,46.55699,30.7717,271,
514e22eb-98ab-4d13-9c85-f95bc34dccbb_r,46.5569,30.77151,273,
514e22eb-98ab-4d13-9c85-f95bc34dccbb_r,46.55679,30.7713,275,
514e22eb-98ab-4d13-9c85-f95bc34dccbb_r,46.55612,30.7703,277,
514e22eb-98ab-4d13-9c85-f95bc34dccbb_r,46.55585,30.7698,279,
514e22eb-98ab-4d13-9c85-f95bc34dccbb_r,46.55575,30.76954,281,
514e22eb-98ab-4d13-9c85-f95bc34dccbb_r,46.55565,30.76928,283,
514e22eb-98ab-4d13-9c85-f95bc34dccbb_r,46.55547,30.76877,285,
514e22eb-98ab-4d13-9c85-f95bc34dccbb_r,46.55525,30.76813,287,
514e22eb-98ab-4d13-9c85-f95bc34dccbb_r,46.55446,30.76571,289,
514e22eb-98ab-4d13-9c85-f95bc34dccbb_r,46.55398,30.7643,291,
514e22eb-98ab-4d13-9c85-f95bc34dccbb_r,46.55393,30.76412,293,
514e22eb-98ab-4d13-9c85-f95bc34dccbb_r,46.55392,30.76393,295,
514e22eb-98ab-4d13-9c85-f95bc34dccbb_r,46.55391,30.76383,297,
514e22eb-98ab-4d13-9c85-f95bc34dccbb_r,46.55388,30.76374,299,
514e22eb-98ab-4d13-9c85-f95bc34dccbb_r,46.55374,30.76331,301,
514e22eb-98ab-4d13-9c85-f95bc34dccbb_r,46.55359,30.7628,303,
514e22eb-98ab-4d13-9c85-f95bc34dccbb_r,46.55359638380769,30.76280772686005,305,
514e22eb-98ab-4d13-9c85-f95bc34dccbb_r,46.5536,30.76281,310,
514e22eb-98ab-4d13-9c85-f95bc34dccbb_r,46.55349,30.76255,312,
514e22eb-98ab-4d13-9c85-f95bc34dccbb_r,46.55338,30.76226,314,
514e22eb-98ab-4d13-9c85-f95bc34dccbb_r,46.55306,30.76135,316,
514e22eb-98ab-4d13-9c85-f95bc34dccbb_r,46.55222,30.75899,318,
514e22eb-98ab-4d13-9c85-f95bc34dccbb_r,46.55141,30.75669,320,
514e22eb-98ab-4d13-9c85-f95bc34dccbb_r,46.55126,30.75627,322,
514e22eb-98ab-4d13-9c85-f95bc34dccbb_r,46.55121,30.75602,324,
514e22eb-98ab-4d13-9c85-f95bc34dccbb_r,46.55121693947421,30.75605928897858,326,
514e22eb-98ab-4d13-9c85-f95bc34dccbb_r,46.5512,30.75601,331,
514e22eb-98ab-4d13-9c85-f95bc34dccbb_r,46.55112,30.75589,333,
514e22eb-98ab-4d13-9c85-f95bc34dccbb_r,46.55102,30.75566,335,
514e22eb-98ab-4d13-9c85-f95bc34dccbb_r,46.55095,30.75553,337,
514e22eb-98ab-4d13-9c85-f95bc34dccbb_r,46.55086,30.75542,339,
514e22eb-98ab-4d13-9c85-f95bc34dccbb_r,46.55033,30.75477,341,
514e22eb-98ab-4d13-9c85-f95bc34dccbb_r,46.54923,30.75346,343,
514e22eb-98ab-4d13-9c85-f95bc34dccbb_r,46.54811,30.75211,345,
514e22eb-98ab-4d13-9c85-f95bc34dccbb_r,46.548,30.75196,347,
514e22eb-98ab-4d13-9c85-f95bc34dccbb_r,46.54799,30.751965,349,
514e22eb-98ab-4d13-9c85-f95bc34dccbb_r,46.54799,30.75197,354,
514e22eb-98ab-4d13-9c85-f95bc34dccbb_r,46.54779,30.75177,356,
514e22eb-98ab-4d13-9c85-f95bc34dccbb_r,46.54734,30.7512,358,
514e22eb-98ab-4d13-9c85-f95bc34dccbb_r,46.54637,30.75001,360,
514e22eb-98ab-4d13-9c85-f95bc34dccbb_r,46.54547,30.74891,362,
514e22eb-98ab-4d13-9c85-f95bc34dccbb_r,46.54465,30.74791,364,
514e22eb-98ab-4d13-9c85-f95bc34dccbb_r,46.54416,30.74732,366,
514e22eb-98ab-4d13-9c85-f95bc34dccbb_r,46.54364,30.74669,368,
514e22eb-98ab-4d13-9c85-f95bc34dccbb_r,46.54321,30.74618,370,
514e22eb-98ab-4d13-9c85-f95bc34dccbb_r,46.54207,30.74475,372,
514e22eb-98ab-4d13-9c85-f95bc34dccbb_r,46.54195,30.74454,374,
514e22eb-98ab-4d13-9c85-f95bc34dccbb_r,46.541935,30.744522,376,
514e22eb-98ab-4d13-9c85-f95bc34dccbb_r,46.54194,30.74452,381,
514e22eb-98ab-4d13-9c85-f95bc34dccbb_r,46.54173,30.74435,383,
514e22eb-98ab-4d13-9c85-f95bc34dccbb_r,46.54034,30.7427,385,
514e22eb-98ab-4d13-9c85-f95bc34dccbb_r,46.53952,30.74168,387,
514e22eb-98ab-4d13-9c85-f95bc34dccbb_r,46.53929,30.74141,389,
514e22eb-98ab-4d13-9c85-f95bc34dccbb_r,46.53892,30.74091,391,
514e22eb-98ab-4d13-9c85-f95bc34dccbb_r,46.53891,30.74091,393,
514e22eb-98ab-4d13-9c85-f95bc34dccbb_r,46.538927,30.740905,395,
514e22eb-98ab-4d13-9c85-f95bc34dccbb_r,46.53893,30.74091,400,
514e22eb-98ab-4d13-9c85-f95bc34dccbb_r,46.53846,30.74041,402,
514e22eb-98ab-4d13-9c85-f95bc34dccbb_r,46.53754,30.73929,404,
514e22eb-98ab-4d13-9c85-f95bc34dccbb_r,46.53664,30.73818,406,
514e22eb-98ab-4d13-9c85-f95bc34dccbb_r,46.53556,30.73687,408,
514e22eb-98ab-4d13-9c85-f95bc34dccbb_r,46.53462,30.73573,410,
514e22eb-98ab-4d13-9c85-f95bc34dccbb_r,46.53456,30.73559,412,
514e22eb-98ab-4d13-9c85-f95bc34dccbb_r,46.53456,30.73558,414,
514e22eb-98ab-4d13-9c85-f95bc34dccbb_r,46.534552,30.735591,416,
514e22eb-98ab-4d13-9c85-f95bc34dccbb_r,46.53455,30.73559,421,
514e22eb-98ab-4d13-9c85-f95bc34dccbb_r,46.53455,30.73559,423,
514e22eb-98ab-4d13-9c85-f95bc34dccbb_r,46.53447,30.73555,425,
514e22eb-98ab-4d13-9c85-f95bc34dccbb_r,46.53423,30.73528,427,
514e22eb-98ab-4d13-9c85-f95bc34dccbb_r,46.53388,30.73487,429,
514e22eb-98ab-4d13-9c85-f95bc34dccbb_r,46.53292,30.73363,431,
514e22eb-98ab-4d13-9c85-f95bc34dccbb_r,46.53283,30.73353,433,
514e22eb-98ab-4d13-9c85-f95bc34dccbb_r,46.53276,30.73349,435,
514e22eb-98ab-4d13-9c85-f95bc34dccbb_r,46.53267,30.73337,437,
514e22eb-98ab-4d13-9c85-f95bc34dccbb_r,46.53254,30.73319,439,
514e22eb-98ab-4d13-9c85-f95bc34dccbb_r,46.53239,30.73299,441,
514e22eb-98ab-4d13-9c85-f95bc34dccbb_r,46.53228,30.73284,443,
514e22eb-98ab-4d13-9c85-f95bc34dccbb_r,46.53218,30.73273,445,
514e22eb-98ab-4d13-9c85-f95bc34dccbb_r,46.53207,30.7326,447,
514e22eb-98ab-4d13-9c85-f95bc34dccbb_r,46.53197,30.73252,449,
514e22eb-98ab-4d13-9c85-f95bc34dccbb_r,46.53188,30.73249,451,
514e22eb-98ab-4d13-9c85-f95bc34dccbb_r,46.53178,30.7325,453,
514e22eb-98ab-4d13-9c85-f95bc34dccbb_r,46.53169,30.73254,455,
514e22eb-98ab-4d13-9c85-f95bc34dccbb_r,46.53159,30.73258,457,
514e22eb-98ab-4d13-9c85-f95bc34dccbb_r,46.53145,30.73268,459,
514e22eb-98ab-4d13-9c85-f95bc34dccbb_r,46.53146167992067,30.732670426368717,461,
514e22eb-98ab-4d13-9c85-f95bc34dccbb_r,46.53146,30.73267,466,
514e22eb-98ab-4d13-9c85-f95bc34dccbb_r,46.53123,30.73281,468,
514e22eb-98ab-4d13-9c85-f95bc34dccbb_r,46.53113,30.73287,470,
514e22eb-98ab-4d13-9c85-f95bc34dccbb_r,46.53103,30.73292,472,
514e22eb-98ab-4d13-9c85-f95bc34dccbb_r,46.53096,30.73293,474,
514e22eb-98ab-4d13-9c85-f95bc34dccbb_r,46.53088,30.73291,476,
514e22eb-98ab-4d13-9c85-f95bc34dccbb_r,46.53004,30.7326,478,
514e22eb-98ab-4d13-9c85-f95bc34dccbb_r,46.52955,30.73241,480,
514e22eb-98ab-4d13-9c85-f95bc34dccbb_r,46.52933,30.73233,482,
514e22eb-98ab-4d13-9c85-f95bc34dccbb_r,46.52917,30.73224,484,
514e22eb-98ab-4d13-9c85-f95bc34dccbb_r,46.529,30.73213,486,
514e22eb-98ab-4d13-9c85-f95bc34dccbb_r,46.5287,30.73182,488,
514e22eb-98ab-4d13-9c85-f95bc34dccbb_r,46.528693746063986,30.73182284832001,490,
514e22eb-98ab-4d13-9c85-f95bc34dccbb_r,46.52869,30.73182,495,
514e22eb-98ab-4d13-9c85-f95bc34dccbb_r,46.52814,30.73139,497,
514e22eb-98ab-4d13-9c85-f95bc34dccbb_r,46.52765,30.73096,499,
514e22eb-98ab-4d13-9c85-f95bc34dccbb_r,46.52758,30.73086,501,
514e22eb-98ab-4d13-9c85-f95bc34dccbb_r,46.5275,30.73075,503,
514e22eb-98ab-4d13-9c85-f95bc34dccbb_r,46.52742,30.7306,505,
514e22eb-98ab-4d13-9c85-f95bc34dccbb_r,46.52718,30.73017,507,
514e22eb-98ab-4d13-9c85-f95bc34dccbb_r,46.527,30.72984,509,
514e22eb-98ab-4d13-9c85-f95bc34dccbb_r,46.52689,30.72969,511,
514e22eb-98ab-4d13-9c85-f95bc34dccbb_r,46.52676,30.72954,513,
514e22eb-98ab-4d13-9c85-f95bc34dccbb_r,46.52663,30.7294,515,
514e22eb-98ab-4d13-9c85-f95bc34dccbb_r,46.52653,30.7293,517,
514e22eb-98ab-4d13-9c85-f95bc34dccbb_r,46.52644,30.72924,519,
514e22eb-98ab-4d13-9c85-f95bc34dccbb_r,46.52634,30.72919,521,
514e22eb-98ab-4d13-9c85-f95bc34dccbb_r,46.52542,30.72883,523,
514e22eb-98ab-4d13-9c85-f95bc34dccbb_r,46.52543109357912,30.72883486747742,525,
514e22eb-98ab-4d13-9c85-f95bc34dccbb_r,46.52541,30.72886,530,
514e22eb-98ab-4d13-9c85-f95bc34dccbb_r,46.52356,30.72812,532,
514e22eb-98ab-4d13-9c85-f95bc34dccbb_r,46.52171,30.72746,534,
514e22eb-98ab-4d13-9c85-f95bc34dccbb_r,46.52170685368437,30.727456212043766,536,
514e22eb-98ab-4d13-9c85-f95bc34dccbb_r,46.52171,30.72746,541,
514e22eb-98ab-4d13-9c85-f95bc34dccbb_r,46.52137,30.72731,543,
514e22eb-98ab-4d13-9c85-f95bc34dccbb_r,46.51783,30.72596,545,
514e22eb-98ab-4d13-9c85-f95bc34dccbb_r,46.517834,30.725961,547,
514e22eb-98ab-4d13-9c85-f95bc34dccbb_r,46.51783,30.72596,552,
514e22eb-98ab-4d13-9c85-f95bc34dccbb_r,46.51421,30.72464,554,
514e22eb-98ab-4d13-9c85-f95bc34dccbb_r,46.51222,30.72388,556,
514e22eb-98ab-4d13-9c85-f95bc34dccbb_r,46.5121,30.72385,558,
514e22eb-98ab-4d13-9c85-f95bc34dccbb_r,46.512,30.72382,560,
514e22eb-98ab-4d13-9c85-f95bc34dccbb_r,46.5119,30.72383,562,
514e22eb-98ab-4d13-9c85-f95bc34dccbb_r,46.51171,30.72385,564,
514e22eb-98ab-4d13-9c85-f95bc34dccbb_r,46.51151,30.72388,566,
514e22eb-98ab-4d13-9c85-f95bc34dccbb_r,46.51138,30.72389,568,
514e22eb-98ab-4d13-9c85-f95bc34dccbb_r,46.51125,30.7239,570,
514e22eb-98ab-4d13-9c85-f95bc34dccbb_r,46.511248827260346,30.72389423847199,572,
514e22eb-98ab-4d13-9c85-f95bc34dccbb_r,46.51125,30.72389,577,
514e22eb-98ab-4d13-9c85-f95bc34dccbb_r,46.50809,30.72423,579,
514e22eb-98ab-4d13-9c85-f95bc34dccbb_r,46.50809219729214,30.724237561225895,581,
514e22eb-98ab-4d13-9c85-f95bc34dccbb_r,46.50809,30.72424,586,
514e22eb-98ab-4d13-9c85-f95bc34dccbb_r,46.5061,30.72445,588,
514e22eb-98ab-4d13-9c85-f95bc34dccbb_r,46.50511,30.72458,590,
514e22eb-98ab-4d13-9c85-f95bc34dccbb_r,46.50499,30.7246,592,
514e22eb-98ab-4d13-9c85-f95bc34dccbb_r,46.5049981528327,30.72460234165192,594,
514e22eb-98ab-4d13-9c85-f95bc34dccbb_r,46.505,30.7246,599,
514e22eb-98ab-4d13-9c85-f95bc34dccbb_r,46.50492,30.72459,601,
514e22eb-98ab-4d13-9c85-f95bc34dccbb_r,46.50472,30.72461,603,
514e22eb-98ab-4d13-9c85-f95bc34dccbb_r,46.50407,30.72467,605,
514e22eb-98ab-4d13-9c85-f95bc34dccbb_r,46.5023,30.72489,607,
514e22eb-98ab-4d13-9c85-f95bc34dccbb_r,46.50212,30.72487,609,
514e22eb-98ab-4d13-9c85-f95bc34dccbb_r,46.50126,30.72454,611,
514e22eb-98ab-4d13-9c85-f95bc34dccbb_r,46.50072,30.72428,613,
514e22eb-98ab-4d13-9c85-f95bc34dccbb_r,46.50070755156701,30.724291205406193,615,
514e22eb-98ab-4d13-9c85-f95bc34dccbb_r,46.50071,30.72427,620,
514e22eb-98ab-4d13-9c85-f95bc34dccbb_r,46.4995,30.72383,622,
514e22eb-98ab-4d13-9c85-f95bc34dccbb_r,46.49831,30.72335,624,
514e22eb-98ab-4d13-9c85-f95bc34dccbb_r,46.49821,30.72328,626,
514e22eb-98ab-4d13-9c85-f95bc34dccbb_r,46.49820392899639,30.723325610160828,628,
514e22eb-98ab-4d13-9c85-f95bc34dccbb_r,46.49821,30.72329,633,
514e22eb-98ab-4d13-9c85-f95bc34dccbb_r,46.4982,30.72333,635,
514e22eb-98ab-4d13-9c85-f95bc34dccbb_r,46.49805,30.72326,637,
514e22eb-98ab-4d13-9c85-f95bc34dccbb_r,46.49795,30.72323,639,
514e22eb-98ab-4d13-9c85-f95bc34dccbb_r,46.49783,30.72319,641,
514e22eb-98ab-4d13-9c85-f95bc34dccbb_r,46.49768,30.72318,643,
514e22eb-98ab-4d13-9c85-f95bc34dccbb_r,46.49755,30.72314,645,
514e22eb-98ab-4d13-9c85-f95bc34dccbb_r,46.49745,30.72312,647,
514e22eb-98ab-4d13-9c85-f95bc34dccbb_r,46.49726,30.72308,649,
514e22eb-98ab-4d13-9c85-f95bc34dccbb_r,46.49715,30.72307,651,
514e22eb-98ab-4d13-9c85-f95bc34dccbb_r,46.49708,30.7231,653,
514e22eb-98ab-4d13-9c85-f95bc34dccbb_r,46.49702,30.72315,655,
514e22eb-98ab-4d13-9c85-f95bc34dccbb_r,46.49698,30.72323,657,
514e22eb-98ab-4d13-9c85-f95bc34dccbb_r,46.49692,30.72336,659,
514e22eb-98ab-4d13-9c85-f95bc34dccbb_r,46.49687,30.72348,661,
514e22eb-98ab-4d13-9c85-f95bc34dccbb_r,46.4968,30.72363,663,
514e22eb-98ab-4d13-9c85-f95bc34dccbb_r,46.49669,30.72381,665,
514e22eb-98ab-4d13-9c85-f95bc34dccbb_r,46.49633,30.72424,667,
514e22eb-98ab-4d13-9c85-f95bc34dccbb_r,46.49598,30.72468,669,
514e22eb-98ab-4d13-9c85-f95bc34dccbb_r,46.49563,30.72511,671,
514e22eb-98ab-4d13-9c85-f95bc34dccbb_r,46.49543,30.72532,673,
514e22eb-98ab-4d13-9c85-f95bc34dccbb_r,46.49523,30.72556,675,
514e22eb-98ab-4d13-9c85-f95bc34dccbb_r,46.49482,30.72608,677,
514e22eb-98ab-4d13-9c85-f95bc34dccbb_r,46.49457,30.72638,679,
514e22eb-98ab-4d13-9c85-f95bc34dccbb_r,46.49421,30.72683,681,
514e22eb-98ab-4d13-9c85-f95bc34dccbb_r,46.49404,30.72704,683,
514e22eb-98ab-4d13-9c85-f95bc34dccbb_r,46.49384,30.72728,685,
514e22eb-98ab-4d13-9c85-f95bc34dccbb_r,46.49369,30.72743,687,
514e22eb-98ab-4d13-9c85-f95bc34dccbb_r,46.49355,30.72755,689,
514e22eb-98ab-4d13-9c85-f95bc34dccbb_r,46.49344,30.72764,691,
514e22eb-98ab-4d13-9c85-f95bc34dccbb_r,46.49328,30.72779,693,
514e22eb-98ab-4d13-9c85-f95bc34dccbb_r,46.49326,30.72782,695,
514e22eb-98ab-4d13-9c85-f95bc34dccbb_r,46.493281278871216,30.727783441543583,697,
514e22eb-98ab-4d13-9c85-f95bc34dccbb_r,46.49326,30.72775,702,
514e22eb-98ab-4d13-9c85-f95bc34dccbb_r,46.49329,30.72782,704,
514e22eb-98ab-4d13-9c85-f95bc34dccbb_r,46.49328,30.72778,706,
514e22eb-98ab-4d13-9c85-f95bc34dccbb_r,46.49309,30.72807,708,
514e22eb-98ab-4d13-9c85-f95bc34dccbb_r,46.49294,30.72824,710,
514e22eb-98ab-4d13-9c85-f95bc34dccbb_r,46.49281,30.72839,712,
514e22eb-98ab-4d13-9c85-f95bc34dccbb_r,46.49236,30.72891,714,
514e22eb-98ab-4d13-9c85-f95bc34dccbb_r,46.49223,30.72908,716,
514e22eb-98ab-4d13-9c85-f95bc34dccbb_r,46.49202,30.72934,718,
514e22eb-98ab-4d13-9c85-f95bc34dccbb_r,46.4918,30.72958,720,
514e22eb-98ab-4d13-9c85-f95bc34dccbb_r,46.49157,30.72983,722,
514e22eb-98ab-4d13-9c85-f95bc34dccbb_r,46.49148,30.72994,724,
514e22eb-98ab-4d13-9c85-f95bc34dccbb_r,46.49127,30.7302,726,
514e22eb-98ab-4d13-9c85-f95bc34dccbb_r,46.4912,30.73028,728,
514e22eb-98ab-4d13-9c85-f95bc34dccbb_r,46.49109,30.73041,730,
514e22eb-98ab-4d13-9c85-f95bc34dccbb_r,46.49103,30.7305,732,
514e22eb-98ab-4d13-9c85-f95bc34dccbb_r,46.49078,30.73081,734,
514e22eb-98ab-4d13-9c85-f95bc34dccbb_r,46.490821633324664,30.730685591697696,736,
514e22eb-98ab-4d13-9c85-f95bc34dccbb_r,46.49078,30.73081,741,
514e22eb-98ab-4d13-9c85-f95bc34dccbb_r,46.49039,30.73125,743,
514e22eb-98ab-4d13-9c85-f95bc34dccbb_r,46.48996,30.73174,745,
514e22eb-98ab-4d13-9c85-f95bc34dccbb_r,46.48954,30.73223,747,
514e22eb-98ab-4d13-9c85-f95bc34dccbb_r,46.48933,30.73247,749,
514e22eb-98ab-4d13-9c85-f95bc34dccbb_r,46.48901,30.73286,751,
514e22eb-98ab-4d13-9c85-f95bc34dccbb_r,46.48876,30.73313,753,
514e22eb-98ab-4d13-9c85-f95bc34dccbb_r,46.48868,30.73319,755,
514e22eb-98ab-4d13-9c85-f95bc34dccbb_r,46.48858,30.7332,757,
514e22eb-98ab-4d13-9c85-f95bc34dccbb_r,46.48816,30.73313,759,
514e22eb-98ab-4d13-9c85-f95bc34dccbb_r,46.48769,30.73306,761,
514e22eb-98ab-4d13-9c85-f95bc34dccbb_r,46.48754,30.73304,763,
514e22eb-98ab-4d13-9c85-f95bc34dccbb_r,46.48733,30.73301,765,
514e22eb-98ab-4d13-9c85-f95bc34dccbb_r,46.4874200483221,30.733003020286564,767,
514e22eb-98ab-4d13-9c85-f95bc34dccbb_r,46.48732,30.73302,772,
514e22eb-98ab-4d13-9c85-f95bc34dccbb_r,46.48695,30.73296,774,
514e22eb-98ab-4d13-9c85-f95bc34dccbb_r,46.48661,30.73291,776,
514e22eb-98ab-4d13-9c85-f95bc34dccbb_r,46.48605,30.73283,778,
514e22eb-98ab-4d13-9c85-f95bc34dccbb_r,46.48543,30.73275,780,
514e22eb-98ab-4d13-9c85-f95bc34dccbb_r,46.48513,30.73271,782,
514e22eb-98ab-4d13-9c85-f95bc34dccbb_r,46.48486,30.73267,784,
514e22eb-98ab-4d13-9c85-f95bc34dccbb_r,46.4844,30.73259,786,
514e22eb-98ab-4d13-9c85-f95bc34dccbb_r,46.48399,30.73254,788,
514e22eb-98ab-4d13-9c85-f95bc34dccbb_r,46.48304,30.7324,790,
514e22eb-98ab-4d13-9c85-f95bc34dccbb_r,46.48266,30.73232,792,
514e22eb-98ab-4d13-9c85-f95bc34dccbb_r,46.482670030850194,30.73232710361481,794,
514e22eb-98ab-4d13-9c85-f95bc34dccbb_r,46.48267,30.73233,799,
514e22eb-98ab-4d13-9c85-f95bc34dccbb_r,46.48245,30.73232,801,
514e22eb-98ab-4d13-9c85-f95bc34dccbb_r,46.48193,30.73225,803,
514e22eb-98ab-4d13-9c85-f95bc34dccbb_r,46.48165,30.73223,805,
514e22eb-98ab-4d13-9c85-f95bc34dccbb_r,46.48109,30.73215,807,
514e22eb-98ab-4d13-9c85-f95bc34dccbb_r,46.48079,30.73211,809,
514e22eb-98ab-4d13-9c85-f95bc34dccbb_r,46.48022,30.73202,811,
514e22eb-98ab-4d13-9c85-f95bc34dccbb_r,46.47996,30.73199,813,
514e22eb-98ab-4d13-9c85-f95bc34dccbb_r,46.47948,30.73191,815,
514e22eb-98ab-4d13-9c85-f95bc34dccbb_r,46.47921,30.73187,817,
514e22eb-98ab-4d13-9c85-f95bc34dccbb_r,46.47873,30.73182,819,
514e22eb-98ab-4d13-9c85-f95bc34dccbb_r,46.47869,30.73182,821,
514e22eb-98ab-4d13-9c85-f95bc34dccbb_r,46.47868427629636,30.73181748390198,823,
514e22eb-98ab-4d13-9c85-f95bc34dccbb_r,46.47868,30.73182,828,
514e22eb-98ab-4d13-9c85-f95bc34dccbb_r,46.47668,30.73151,830,
514e22eb-98ab-4d13-9c85-f95bc34dccbb_r,46.47642,30.73151,832,
514e22eb-98ab-4d13-9c85-f95bc34dccbb_r,46.47642,30.73151,834,
514e22eb-98ab-4d13-9c85-f95bc34dccbb_r,46.476419764826126,30.731506347656254,836,
514e22eb-98ab-4d13-9c85-f95bc34dccbb_r,46.47642,30.73151,841,
514e22eb-98ab-4d13-9c85-f95bc34dccbb_r,46.47355,30.73106,843,
514e22eb-98ab-4d13-9c85-f95bc34dccbb_r,46.47355297240483,30.73105573654175,845,
514e22eb-98ab-4d13-9c85-f95bc34dccbb_r,46.47355,30.73106,850,
514e22eb-98ab-4d13-9c85-f95bc34dccbb_r,46.47048,30.7306,852,
514e22eb-98ab-4d13-9c85-f95bc34dccbb_r,46.47048282491877,30.73059976100922,854,
514e22eb-98ab-4d13-9c85-f95bc34dccbb_r,46.47048,30.7306,859,
514e22eb-98ab-4d13-9c85-f95bc34dccbb_r,46.47028,30.73061,861,
514e22eb-98ab-4d13-9c85-f95bc34dccbb_r,46.46885,30.7304,863,
514e22eb-98ab-4d13-9c85-f95bc34dccbb_r,46.46878,30.73042,865,
514e22eb-98ab-4d13-9c85-f95bc34dccbb_r,46.46874,30.73047,867,
514e22eb-98ab-4d13-9c85-f95bc34dccbb_r,46.4687,30.73054,869,
514e22eb-98ab-4d13-9c85-f95bc34dccbb_r,46.46867,30.73063,871,
514e22eb-98ab-4d13-9c85-f95bc34dccbb_r,46.46858,30.7319,873,
514e22eb-98ab-4d13-9c85-f95bc34dccbb_r,46.46854,30.73252,875,
514e22eb-98ab-4d13-9c85-f95bc34dccbb_r,46.46851,30.73299,877,
514e22eb-98ab-4d13-9c85-f95bc34dccbb_r,46.46848,30.73322,879,
514e22eb-98ab-4d13-9c85-f95bc34dccbb_r,46.46846,30.73333,881,
514e22eb-98ab-4d13-9c85-f95bc34dccbb_r,46.46842,30.73341,883,
514e22eb-98ab-4d13-9c85-f95bc34dccbb_r,46.46817,30.73376,885,
514e22eb-98ab-4d13-9c85-f95bc34dccbb_r,46.46807,30.73392,887,
514e22eb-98ab-4d13-9c85-f95bc34dccbb_r,46.46802,30.73412,889,
514e22eb-98ab-4d13-9c85-f95bc34dccbb_r,46.4679,30.73596,891,
514e22eb-98ab-4d13-9c85-f95bc34dccbb_r,46.467885440973795,30.735937356948856,893,
514e22eb-98ab-4d13-9c85-f95bc34dccbb_r,46.46789,30.73594,898,
514e22eb-98ab-4d13-9c85-f95bc34dccbb_r,46.46785,30.7365,900,
514e22eb-98ab-4d13-9c85-f95bc34dccbb_r,46.4678,30.73725,902,
514e22eb-98ab-4d13-9c85-f95bc34dccbb_r,46.46776,30.73746,904,
514e22eb-98ab-4d13-9c85-f95bc34dccbb_r,46.46769,30.73759,906,
514e22eb-98ab-4d13-9c85-f95bc34dccbb_r,46.46752,30.73763,908,
514e22eb-98ab-4d13-9c85-f95bc34dccbb_r,46.46745,30.73757,910,
514e22eb-98ab-4d13-9c85-f95bc34dccbb_r,46.46735,30.73746,912,
514e22eb-98ab-4d13-9c85-f95bc34dccbb_r,46.46725,30.7374,914,
514e22eb-98ab-4d13-9c85-f95bc34dccbb_r,46.46716,30.73737,916,
514e22eb-98ab-4d13-9c85-f95bc34dccbb_r,46.46708,30.73736,918,
514e22eb-98ab-4d13-9c85-f95bc34dccbb_r,46.46699,30.73739,920,
514e22eb-98ab-4d13-9c85-f95bc34dccbb_r,46.46693,30.73747,922,
514e22eb-98ab-4d13-9c85-f95bc34dccbb_r,46.46689,30.73758,924,
514e22eb-98ab-4d13-9c85-f95bc34dccbb_r,46.46686,30.7379,926,
514e22eb-98ab-4d13-9c85-f95bc34dccbb_r,46.46684,30.73825,928,
514e22eb-98ab-4d13-9c85-f95bc34dccbb_r,46.46685,30.73824,930,
514e22eb-98ab-4d13-9c85-f95bc34dccbb_r,46.466847191574054,30.738241648496377,932,
0fcaf8ea-a11a-4b8b-aa07-209fd65db586_r,46.489536,30.719829,1,
0fcaf8ea-a11a-4b8b-aa07-209fd65db586_r,46.48954,30.71983,6,
0fcaf8ea-a11a-4b8b-aa07-209fd65db586_r,46.48954,30.71988,8,
0fcaf8ea-a11a-4b8b-aa07-209fd65db586_r,46.48953,30.71988,10,
0fcaf8ea-a11a-4b8b-aa07-209fd65db586_r,46.48901,30.71991,12,
0fcaf8ea-a11a-4b8b-aa07-209fd65db586_r,46.48878,30.71991,14,
0fcaf8ea-a11a-4b8b-aa07-209fd65db586_r,46.48864,30.71992,16,
0fcaf8ea-a11a-4b8b-aa07-209fd65db586_r,46.48844,30.72,18,
0fcaf8ea-a11a-4b8b-aa07-209fd65db586_r,46.4882,30.72012,20,
0fcaf8ea-a11a-4b8b-aa07-209fd65db586_r,46.48805,30.72026,22,
0fcaf8ea-a11a-4b8b-aa07-209fd65db586_r,46.488,30.72028,24,
0fcaf8ea-a11a-4b8b-aa07-209fd65db586_r,46.4879,30.72035,26,
0fcaf8ea-a11a-4b8b-aa07-209fd65db586_r,46.48781,30.72039,28,
0fcaf8ea-a11a-4b8b-aa07-209fd65db586_r,46.48775,30.72046,30,
0fcaf8ea-a11a-4b8b-aa07-209fd65db586_r,46.48685,30.72094,32,
0fcaf8ea-a11a-4b8b-aa07-209fd65db586_r,46.48605,30.72149,34,
0fcaf8ea-a11a-4b8b-aa07-209fd65db586_r,46.48571,30.7217,36,
0fcaf8ea-a11a-4b8b-aa07-209fd65db586_r,46.48551,30.72183,38,
0fcaf8ea-a11a-4b8b-aa07-209fd65db586_r,46.48541,30.72189,40,
0fcaf8ea-a11a-4b8b-aa07-209fd65db586_r,46.48521,30.722,42,
0fcaf8ea-a11a-4b8b-aa07-209fd65db586_r,46.48485,30.72237,44,
0fcaf8ea-a11a-4b8b-aa07-209fd65db586_r,46.48453,30.72278,46,
0fcaf8ea-a11a-4b8b-aa07-209fd65db586_r,46.4844,30.72275,48,
0fcaf8ea-a11a-4b8b-aa07-209fd65db586_r,46.48439,30.722744,50,
0fcaf8ea-a11a-4b8b-aa07-209fd65db586_r,46.48439,30.72274,55,
0fcaf8ea-a11a-4b8b-aa07-209fd65db586_r,46.4844,30.72299,57,
0fcaf8ea-a11a-4b8b-aa07-209fd65db586_r,46.48427,30.72314,59,
0fcaf8ea-a11a-4b8b-aa07-209fd65db586_r,46.48423,30.7232,61,
0fcaf8ea-a11a-4b8b-aa07-209fd65db586_r,46.48414,30.72333,63,
0fcaf8ea-a11a-4b8b-aa07-209fd65db586_r,46.48358,30.72402,65,
0fcaf8ea-a11a-4b8b-aa07-209fd65db586_r,46.48315,30.72451,67,
0fcaf8ea-a11a-4b8b-aa07-209fd65db586_r,46.48303,30.72468,69,
0fcaf8ea-a11a-4b8b-aa07-209fd65db586_r,46.48298,30.72473,71,
0fcaf8ea-a11a-4b8b-aa07-209fd65db586_r,46.48277,30.725,73,
0fcaf8ea-a11a-4b8b-aa07-209fd65db586_r,46.48167,30.72632,75,
0fcaf8ea-a11a-4b8b-aa07-209fd65db586_r,46.48155,30.72648,77,
0fcaf8ea-a11a-4b8b-aa07-209fd65db586_r,46.48139,30.72666,79,
0fcaf8ea-a11a-4b8b-aa07-209fd65db586_r,46.48129,30.72678,81,
0fcaf8ea-a11a-4b8b-aa07-209fd65db586_r,46.48112,30.72696,83,
0fcaf8ea-a11a-4b8b-aa07-209fd65db586_r,46.481,30.72706,85,
0fcaf8ea-a11a-4b8b-aa07-209fd65db586_r,46.480996,30.72706,87,
0fcaf8ea-a11a-4b8b-aa07-209fd65db586_r,46.481,30.72706,92,
0fcaf8ea-a11a-4b8b-aa07-209fd65db586_r,46.48087,30.72729,94,
0fcaf8ea-a11a-4b8b-aa07-209fd65db586_r,46.48064,30.72759,96,
0fcaf8ea-a11a-4b8b-aa07-209fd65db586_r,46.48046,30.7278,98,
0fcaf8ea-a11a-4b8b-aa07-209fd65db586_r,46.48025,30.72807,100,
0fcaf8ea-a11a-4b8b-aa07-209fd65db586_r,46.48001,30.72839,102,
0fcaf8ea-a11a-4b8b-aa07-209fd65db586_r,46.47987,30.72861,104,
0fcaf8ea-a11a-4b8b-aa07-209fd65db586_r,46.47933,30.72927,106,
0fcaf8ea-a11a-4b8b-aa07-209fd65db586_r,46.47918,30.72945,108,
0fcaf8ea-a11a-4b8b-aa07-209fd65db586_r,46.47897,30.7297,110,
0fcaf8ea-a11a-4b8b-aa07-209fd65db586_r,46.47895,30.72975,112,
0fcaf8ea-a11a-4b8b-aa07-209fd65db586_r,46.47873,30.73003,114,
0fcaf8ea-a11a-4b8b-aa07-209fd65db586_r,46.47865,30.73013,116,
0fcaf8ea-a11a-4b8b-aa07-209fd65db586_r,46.47856,30.73024,118,
0fcaf8ea-a11a-4b8b-aa07-209fd65db586_r,46.4785,30.73033,120,
0fcaf8ea-a11a-4b8b-aa07-209fd65db586_r,46.47843,30.73039,122,
0fcaf8ea-a11a-4b8b-aa07-209fd65db586_r,46.47841,30.73041,124,
0fcaf8ea-a11a-4b8b-aa07-209fd65db586_r,46.47824,30.73065,126,
0fcaf8ea-a11a-4b8b-aa07-209fd65db586_r,46.47788,30.7311,128,
0fcaf8ea-a11a-4b8b-aa07-209fd65db586_r,46.47782,30.73115,130,
0fcaf8ea-a11a-4b8b-aa07-209fd65db586_r,46.4778,30.73111,132,
0fcaf8ea-a11a-4b8b-aa07-209fd65db586_r,46.477803,30.731111,134,
0fcaf8ea-a11a-4b8b-aa07-209fd65db586_r,46.4778,30.73111,139,
0fcaf8ea-a11a-4b8b-aa07-209fd65db586_r,46.47782,30.73115,141,
0fcaf8ea-a11a-4b8b-aa07-209fd65db586_r,46.47781,30.73116,143,
0fcaf8ea-a11a-4b8b-aa07-209fd65db586_r,46.4777,30.73131,145,
0fcaf8ea-a11a-4b8b-aa07-209fd65db586_r,46.4774,30.73168,147,
0fcaf8ea-a11a-4b8b-aa07-209fd65db586_r,46.47734,30.73166,149,
0fcaf8ea-a11a-4b8b-aa07-209fd65db586_r,46.47732,30.73187,151,
0fcaf8ea-a11a-4b8b-aa07-209fd65db586_r,46.4773,30.73211,153,
0fcaf8ea-a11a-4b8b-aa07-209fd65db586_r,46.47727,30.73256,155,
0fcaf8ea-a11a-4b8b-aa07-209fd65db586_r,46.47725,30.73269,157,
0fcaf8ea-a11a-4b8b-aa07-209fd65db586_r,46.47719,30.73361,159,
0fcaf8ea-a11a-4b8b-aa07-209fd65db586_r,46.47717,30.73395,161,
0fcaf8ea-a11a-4b8b-aa07-209fd65db586_r,46.47712,30.73453,163,
0fcaf8ea-a11a-4b8b-aa07-209fd65db586_r,46.4771,30.73479,165,
0fcaf8ea-a11a-4b8b-aa07-209fd65db586_r,46.47708,30.73507,167,
0fcaf8ea-a11a-4b8b-aa07-209fd65db586_r,46.47702,30.73597,169,
0fcaf8ea-a11a-4b8b-aa07-209fd65db586_r,46.47695,30.73657,171,
0fcaf8ea-a11a-4b8b-aa07-209fd65db586_r,46.47693,30.73696,173,
0fcaf8ea-a11a-4b8b-aa07-209fd65db586_r,46.47691,30.73736,175,
0fcaf8ea-a11a-4b8b-aa07-209fd65db586_r,46.47687,30.73779,177,
0fcaf8ea-a11a-4b8b-aa07-209fd65db586_r,46.47682,30.73827,179,
0fcaf8ea-a11a-4b8b-aa07-209fd65db586_r,46.4768,30.73854,181,
0fcaf8ea-a11a-4b8b-aa07-209fd65db586_r,46.4768,30.73865,183,
0fcaf8ea-a11a-4b8b-aa07-209fd65db586_r,46.47678,30.73884,185,
0fcaf8ea-a11a-4b8b-aa07-209fd65db586_r,46.47678,30.73895,187,
0fcaf8ea-a11a-4b8b-aa07-209fd65db586_r,46.47676,30.73925,189,
0fcaf8ea-a11a-4b8b-aa07-209fd65db586_r,46.47664,30.73924,191,
0fcaf8ea-a11a-4b8b-aa07-209fd65db586_r,46.47664141774406,30.739236474037174,193,
0fcaf8ea-a11a-4b8b-aa07-209fd65db586_r,46.47664,30.73924,198,
0fcaf8ea-a11a-4b8b-aa07-209fd65db586_r,46.47676,30.73925,200,
0fcaf8ea-a11a-4b8b-aa07-209fd65db586_r,46.47672,30.73987,202,
0fcaf8ea-a11a-4b8b-aa07-209fd65db586_r,46.47624,30.73981,204,
0fcaf8ea-a11a-4b8b-aa07-209fd65db586_r,46.47554,30.73968,206,
0fcaf8ea-a11a-4b8b-aa07-209fd65db586_r,46.47541,30.73968,208,
0fcaf8ea-a11a-4b8b-aa07-209fd65db586_r,46.47472,30.73957,210,
0fcaf8ea-a11a-4b8b-aa07-209fd65db586_r,46.47464,30.73955,212,
0fcaf8ea-a11a-4b8b-aa07-209fd65db586_r,46.47465,30.73942,214,
0fcaf8ea-a11a-4b8b-aa07-209fd65db586_r,46.47457,30.73941,216,
0fcaf8ea-a11a-4b8b-aa07-209fd65db586_r,46.474567,30.739408,218,
0fcaf8ea-a11a-4b8b-aa07-209fd65db586_r,46.47457,30.73941,223,
0fcaf8ea-a11a-4b8b-aa07-209fd65db586_r,46.47465,30.73942,225,
0fcaf8ea-a11a-4b8b-aa07-209fd65db586_r,46.47464,30.73955,227,
0fcaf8ea-a11a-4b8b-aa07-209fd65db586_r,46.47423,30.73949,229,
0fcaf8ea-a11a-4b8b-aa07-209fd65db586_r,46.47412,30.73947,231,
0fcaf8ea-a11a-4b8b-aa07-209fd65db586_r,46.47397,30.73945,233,
0fcaf8ea-a11a-4b8b-aa07-209fd65db586_r,46.47337,30.73936,235,
0fcaf8ea-a11a-4b8b-aa07-209fd65db586_r,46.47316,30.73932,237,
0fcaf8ea-a11a-4b8b-aa07-209fd65db586_r,46.47279,30.73927,239,
0fcaf8ea-a11a-4b8b-aa07-209fd65db586_r,46.47266,30.73925,241,
0fcaf8ea-a11a-4b8b-aa07-209fd65db586_r,46.47255,30.73923,243,
0fcaf8ea-a11a-4b8b-aa07-209fd65db586_r,46.47204,30.73912,245,
0fcaf8ea-a11a-4b8b-aa07-209fd65db586_r,46.47178,30.7391,247,
0fcaf8ea-a11a-4b8b-aa07-209fd65db586_r,46.47152,30.73906,249,
0fcaf8ea-a11a-4b8b-aa07-209fd65db586_r,46.47137,30.73904,251,
0fcaf8ea-a11a-4b8b-aa07-209fd65db586_r,46.47122,30.73902,253,
0fcaf8ea-a11a-4b8b-aa07-209fd65db586_r,46.47079,30.73895,255,
0fcaf8ea-a11a-4b8b-aa07-209fd65db586_r,46.47022,30.73887,257,
0fcaf8ea-a11a-4b8b-aa07-209fd65db586_r,46.47023,30.73874,259,
0fcaf8ea-a11a-4b8b-aa07-209fd65db586_r,46.470226,30.738741,261,
0fcaf8ea-a11a-4b8b-aa07-209fd65db586_r,46.47023,30.73874,266,
0fcaf8ea-a11a-4b8b-aa07-209fd65db586_r,46.47022,30.73887,268,
0fcaf8ea-a11a-4b8b-aa07-209fd65db586_r,46.47019,30.73887,270,
0fcaf8ea-a11a-4b8b-aa07-209fd65db586_r,46.46974,30.73882,272,
0fcaf8ea-a11a-4b8b-aa07-209fd65db586_r,46.46972,30.73882,274,
0fcaf8ea-a11a-4b8b-aa07-209fd65db586_r,46.46957,30.7388,276,
0fcaf8ea-a11a-4b8b-aa07-209fd65db586_r,46.46959,30.73835,278,
0fcaf8ea-a11a-4b8b-aa07-209fd65db586_r,46.46928,30.73832,280,
0fcaf8ea-a11a-4b8b-aa07-209fd65db586_r,46.46853,30.73822,282,
0fcaf8ea-a11a-4b8b-aa07-209fd65db586_r,46.46846,30.73902,284,
0fcaf8ea-a11a-4b8b-aa07-209fd65db586_r,46.46839,30.73969,286,
0fcaf8ea-a11a-4b8b-aa07-209fd65db586_r,46.46835,30.74024,288,
0fcaf8ea-a11a-4b8b-aa07-209fd65db586_r,46.46836,30.74038,290,
0fcaf8ea-a11a-4b8b-aa07-209fd65db586_r,46.46844,30.74057,292,
0fcaf8ea-a11a-4b8b-aa07-209fd65db586_r,46.4684,30.74072,294,
0fcaf8ea-a11a-4b8b-aa07-209fd65db586_r,46.4684,30.74088,296,
0fcaf8ea-a11a-4b8b-aa07-209fd65db586_r,46.46829,30.74105,298,
0fcaf8ea-a11a-4b8b-aa07-209fd65db586_r,46.46823,30.74124,300,
0fcaf8ea-a11a-4b8b-aa07-209fd65db586_r,46.46816,30.74146,302,
0fcaf8ea-a11a-4b8b-aa07-209fd65db586_r,46.46812,30.74155,304,
0fcaf8ea-a11a-4b8b-aa07-209fd65db586_r,46.46807,30.74162,306,
0fcaf8ea-a11a-4b8b-aa07-209fd65db586_r,46.46804,30.74168,308,
0fcaf8ea-a11a-4b8b-aa07-209fd65db586_r,46.468,30.74168,310,
0fcaf8ea-a11a-4b8b-aa07-209fd65db586_r,46.46795,30.74168,312,
0fcaf8ea-a11a-4b8b-aa07-209fd65db586_r,46.46793,30.74168,314,
0fcaf8ea-a11a-4b8b-aa07-209fd65db586_r,46.46789,30.74168,316,
0fcaf8ea-a11a-4b8b-aa07-209fd65db586_r,46.46763,30.74165,318,
0fcaf8ea-a11a-4b8b-aa07-209fd65db586_r,46.46722,30.74157,320,
0fcaf8ea-a11a-4b8b-aa07-209fd65db586_r,46.46718,30.74156,322,
0fcaf8ea-a11a-4b8b-aa07-209fd65db586_r,46.46718,30.74144,324,
0fcaf8ea-a11a-4b8b-aa07-209fd65db586_r,46.467193,30.741443,326,
0fcaf8ea-a11a-4b8b-aa07-209fd65db586_r,46.46719,30.74144,331,
0fcaf8ea-a11a-4b8b-aa07-209fd65db586_r,46.46719,30.74156,333,
0fcaf8ea-a11a-4b8b-aa07-209fd65db586_r,46.46616,30.74142,335,
0fcaf8ea-a11a-4b8b-aa07-209fd65db586_r,46.46504,30.74127,337,
0fcaf8ea-a11a-4b8b-aa07-209fd65db586_r,46.46481,30.74129,339,
0fcaf8ea-a11a-4b8b-aa07-209fd65db586_r,46.46472,30.74258,341,
0fcaf8ea-a11a-4b8b-aa07-209fd65db586_r,46.4647,30.74275,343,
0fcaf8ea-a11a-4b8b-aa07-209fd65db586_r,46.46464,30.7435,345,
0fcaf8ea-a11a-4b8b-aa07-209fd65db586_r,46.46457,30.7446,347,
0fcaf8ea-a11a-4b8b-aa07-209fd65db586_r,46.46455,30.74475,349,
0fcaf8ea-a11a-4b8b-aa07-209fd65db586_r,46.46446,30.74573,351,
0fcaf8ea-a11a-4b8b-aa07-209fd65db586_r,46.46446,30.74582,353,
0fcaf8ea-a11a-4b8b-aa07-209fd65db586_r,46.46438,30.74693,355,
0fcaf8ea-a11a-4b8b-aa07-209fd65db586_r,46.46434,30.74766,357,
0fcaf8ea-a11a-4b8b-aa07-209fd65db586_r,46.46434,30.74769,359,
0fcaf8ea-a11a-4b8b-aa07-209fd65db586_r,46.46426,30.74768,361,
0fcaf8ea-a11a-4b8b-aa07-209fd65db586_r,46.464263,30.747677,363,
0fcaf8ea-a11a-4b8b-aa07-209fd65db586_r,46.46426,30.74768,368,
0fcaf8ea-a11a-4b8b-aa07-209fd65db586_r,46.46434,30.74769,370,
0fcaf8ea-a11a-4b8b-aa07-209fd65db586_r,46.46425,30.74872,372,
0fcaf8ea-a11a-4b8b-aa07-209fd65db586_r,46.46425,30.7488,374,
0fcaf8ea-a11a-4b8b-aa07-209fd65db586_r,46.46421,30.74923,376,
0fcaf8ea-a11a-4b8b-aa07-209fd65db586_r,46.46412,30.75043,378,
0fcaf8ea-a11a-4b8b-aa07-209fd65db586_r,46.46404,30.75041,380,
0fcaf8ea-a11a-4b8b-aa07-209fd65db586_r,46.46322,30.7503,382,
0fcaf8ea-a11a-4b8b-aa07-209fd65db586_r,46.46221,30.75015,384,
0fcaf8ea-a11a-4b8b-aa07-209fd65db586_r,46.46215,30.75015,386,
0fcaf8ea-a11a-4b8b-aa07-209fd65db586_r,46.46202,30.75017,388,
0fcaf8ea-a11a-4b8b-aa07-209fd65db586_r,46.46185,30.75017,390,
0fcaf8ea-a11a-4b8b-aa07-209fd65db586_r,46.46105,30.75007,392,
0fcaf8ea-a11a-4b8b-aa07-209fd65db586_r,46.46092,30.75005,394,
0fcaf8ea-a11a-4b8b-aa07-209fd65db586_r,46.46071,30.75,396,
0fcaf8ea-a11a-4b8b-aa07-209fd65db586_r,46.46047,30.74997,398,
0fcaf8ea-a11a-4b8b-aa07-209fd65db586_r,46.46048,30.74986,400,
0fcaf8ea-a11a-4b8b-aa07-209fd65db586_r,46.46046577262125,30.749922394752506,402,
0fcaf8ea-a11a-4b8b-aa07-209fd65db586_r,46.46048,30.74986,407,
0fcaf8ea-a11a-4b8b-aa07-209fd65db586_r,46.46047,30.74997,409,
0fcaf8ea-a11a-4b8b-aa07-209fd65db586_r,46.46039,30.74996,411,
0fcaf8ea-a11a-4b8b-aa07-209fd65db586_r,46.46028,30.74994,413,
0fcaf8ea-a11a-4b8b-aa07-209fd65db586_r,46.46007,30.74992,415,
0fcaf8ea-a11a-4b8b-aa07-209fd65db586_r,46.45981,30.74987,417,
0fcaf8ea-a11a-4b8b-aa07-209fd65db586_r,46.45914,30.74979,419,
0fcaf8ea-a11a-4b8b-aa07-209fd65db586_r,46.45844,30.7497,421,
0fcaf8ea-a11a-4b8b-aa07-209fd65db586_r,46.45839,30.74972,423,
0fcaf8ea-a11a-4b8b-aa07-209fd65db586_r,46.45835,30.74975,425,
0fcaf8ea-a11a-4b8b-aa07-209fd65db586_r,46.45826,30.74977,427,
0fcaf8ea-a11a-4b8b-aa07-209fd65db586_r,46.45816,30.74983,429,
0fcaf8ea-a11a-4b8b-aa07-209fd65db586_r,46.45803,30.74992,431,
0fcaf8ea-a11a-4b8b-aa07-209fd65db586_r,46.45727,30.75044,433,
0fcaf8ea-a11a-4b8b-aa07-209fd65db586_r,46.45691,30.75068,435,
0fcaf8ea-a11a-4b8b-aa07-209fd65db586_r,46.45663,30.75088,437,
0fcaf8ea-a11a-4b8b-aa07-209fd65db586_r,46.45642,30.75098,439,
0fcaf8ea-a11a-4b8b-aa07-209fd65db586_r,46.456415,30.750975,441,
0fcaf8ea-a11a-4b8b-aa07-209fd65db586_r,46.45642,30.75098,446,
0fcaf8ea-a11a-4b8b-aa07-209fd65db586_r,46.45613,30.75127,448,
0fcaf8ea-a11a-4b8b-aa07-209fd65db586_r,46.4558,30.75151,450,
0fcaf8ea-a11a-4b8b-aa07-209fd65db586_r,46.4547,30.75235,452,
0fcaf8ea-a11a-4b8b-aa07-209fd65db586_r,46.45464,30.75242,454,
0fcaf8ea-a11a-4b8b-aa07-209fd65db586_r,46.45414,30.75276,456,
0fcaf8ea-a11a-4b8b-aa07-209fd65db586_r,46.45389,30.75293,458,
0fcaf8ea-a11a-4b8b-aa07-209fd65db586_r,46.45378,30.75302,460,
0fcaf8ea-a11a-4b8b-aa07-209fd65db586_r,46.45361,30.75313,462,
0fcaf8ea-a11a-4b8b-aa07-209fd65db586_r,46.45357,30.753,464,
0fcaf8ea-a11a-4b8b-aa07-209fd65db586_r,46.453571,30.752995,466,
0fcaf8ea-a11a-4b8b-aa07-209fd65db586_r,46.45357,30.753,471,
0fcaf8ea-a11a-4b8b-aa07-209fd65db586_r,46.45361,30.75313,473,
0fcaf8ea-a11a-4b8b-aa07-209fd65db586_r,46.45359,30.75315,475,
0fcaf8ea-a11a-4b8b-aa07-209fd65db586_r,46.45324,30.7534,477,
0fcaf8ea-a11a-4b8b-aa07-209fd65db586_r,46.45298,30.7536,479,
0fcaf8ea-a11a-4b8b-aa07-209fd65db586_r,46.45277,30.75373,481,
0fcaf8ea-a11a-4b8b-aa07-209fd65db586_r,46.45241,30.754,483,
0fcaf8ea-a11a-4b8b-aa07-209fd65db586_r,46.45161,30.75456,485,
0fcaf8ea-a11a-4b8b-aa07-209fd65db586_r,46.4515,30.75463,487,
0fcaf8ea-a11a-4b8b-aa07-209fd65db586_r,46.45112,30.75491,489,
0fcaf8ea-a11a-4b8b-aa07-209fd65db586_r,46.45092,30.75505,491,
0fcaf8ea-a11a-4b8b-aa07-209fd65db586_r,46.45087,30.7549,493,
0fcaf8ea-a11a-4b8b-aa07-209fd65db586_r,46.45092735308209,30.754986405372623,495,
0fcaf8ea-a11a-4b8b-aa07-209fd65db586_r,46.45087,30.75489,500,
0fcaf8ea-a11a-4b8b-aa07-209fd65db586_r,46.45092,30.75504,502,
0fcaf8ea-a11a-4b8b-aa07-209fd65db586_r,46.45082,30.75511,504,
0fcaf8ea-a11a-4b8b-aa07-209fd65db586_r,46.45077,30.75513,506,
0fcaf8ea-a11a-4b8b-aa07-209fd65db586_r,46.4503,30.75545,508,
0fcaf8ea-a11a-4b8b-aa07-209fd65db586_r,46.45022,30.75552,510,
0fcaf8ea-a11a-4b8b-aa07-209fd65db586_r,46.44955,30.75597,512,
0fcaf8ea-a11a-4b8b-aa07-209fd65db586_r,46.44861,30.75661,514,
0fcaf8ea-a11a-4b8b-aa07-209fd65db586_r,46.44663,30.75801,516,
0fcaf8ea-a11a-4b8b-aa07-209fd65db586_r,46.44644,30.75814,518,
0fcaf8ea-a11a-4b8b-aa07-209fd65db586_r,46.44633,30.75822,520,
0fcaf8ea-a11a-4b8b-aa07-209fd65db586_r,46.44624,30.75829,522,
0fcaf8ea-a11a-4b8b-aa07-209fd65db586_r,46.4462,30.75818,524,
0fcaf8ea-a11a-4b8b-aa07-209fd65db586_r,46.445394230287164,30.758264064788822,526,
0fcaf8ea-a11a-4b8b-aa07-209fd65db586_r,46.4462,30.75818,531,
0fcaf8ea-a11a-4b8b-aa07-209fd65db586_r,46.44624,30.75829,533,
0fcaf8ea-a11a-4b8b-aa07-209fd65db586_r,46.4462,30.75831,535,
0fcaf8ea-a11a-4b8b-aa07-209fd65db586_r,46.4461,30.75837,537,
0fcaf8ea-a11a-4b8b-aa07-209fd65db586_r,46.44601,30.75841,539,
0fcaf8ea-a11a-4b8b-aa07-209fd65db586_r,46.44595,30.75846,541,
0fcaf8ea-a11a-4b8b-aa07-209fd65db586_r,46.44588,30.75848,543,
0fcaf8ea-a11a-4b8b-aa07-209fd65db586_r,46.4458,30.75846,545,
0fcaf8ea-a11a-4b8b-aa07-209fd65db586_r,46.44524,30.75833,547,
0fcaf8ea-a11a-4b8b-aa07-209fd65db586_r,46.44444,30.75809,549,
0fcaf8ea-a11a-4b8b-aa07-209fd65db586_r,46.44393,30.75794,551,
0fcaf8ea-a11a-4b8b-aa07-209fd65db586_r,46.44196,30.75741,553,
0fcaf8ea-a11a-4b8b-aa07-209fd65db586_r,46.44113,30.75718,555,
0fcaf8ea-a11a-4b8b-aa07-209fd65db586_r,46.44098,30.75713,557,
0fcaf8ea-a11a-4b8b-aa07-209fd65db586_r,46.44093,30.75708,559,
0fcaf8ea-a11a-4b8b-aa07-209fd65db586_r,46.44086,30.75704,561,
0fcaf8ea-a11a-4b8b-aa07-209fd65db586_r,46.44082,30.757,563,
0fcaf8ea-a11a-4b8b-aa07-209fd65db586_r,46.44075,30.75693,565,
0fcaf8ea-a11a-4b8b-aa07-209fd65db586_r,46.44069,30.75683,567,
0fcaf8ea-a11a-4b8b-aa07-209fd65db586_r,46.44063,30.75671,569,
0fcaf8ea-a11a-4b8b-aa07-209fd65db586_r,46.44059,30.75664,571,
0fcaf8ea-a11a-4b8b-aa07-209fd65db586_r,46.44055,30.75657,573,
0fcaf8ea-a11a-4b8b-aa07-209fd65db586_r,46.44049,30.75651,575,
0fcaf8ea-a11a-4b8b-aa07-209fd65db586_r,46.44043,30.75645,577,
0fcaf8ea-a11a-4b8b-aa07-209fd65db586_r,46.44033,30.75643,579,
0fcaf8ea-a11a-4b8b-aa07-209fd65db586_r,46.4402,30.7564,581,
0fcaf8ea-a11a-4b8b-aa07-209fd65db586_r,46.44015,30.75637,583,
0fcaf8ea-a11a-4b8b-aa07-209fd65db586_r,46.44012,30.75632,585,
0fcaf8ea-a11a-4b8b-aa07-209fd65db586_r,46.4401,30.75624,587,
0fcaf8ea-a11a-4b8b-aa07-209fd65db586_r,46.44008,30.75611,589,
0fcaf8ea-a11a-4b8b-aa07-209fd65db586_r,46.44004,30.75592,591,
0fcaf8ea-a11a-4b8b-aa07-209fd65db586_r,46.44002,30.7558,593,
0fcaf8ea-a11a-4b8b-aa07-209fd65db586_r,46.44014,30.75575,595,
0fcaf8ea-a11a-4b8b-aa07-209fd65db586_r,46.44008974059751,30.755753517150882,597,
0fcaf8ea-a11a-4b8b-aa07-209fd65db586_r,46.44015,30.75576,602,
0fcaf8ea-a11a-4b8b-aa07-209fd65db586_r,46.44003,30.75581,604,
0fcaf8ea-a11a-4b8b-aa07-209fd65db586_r,46.44002,30.7558,606,
0fcaf8ea-a11a-4b8b-aa07-209fd65db586_r,46.44,30.75568,608,
0fcaf8ea-a11a-4b8b-aa07-209fd65db586_r,46.43998,30.75558,610,
0fcaf8ea-a11a-4b8b-aa07-209fd65db586_r,46.43981,30.75483,612,
0fcaf8ea-a11a-4b8b-aa07-209fd65db586_r,46.43979,30.75468,614,
0fcaf8ea-a11a-4b8b-aa07-209fd65db586_r,46.43957,30.7538,616,
0fcaf8ea-a11a-4b8b-aa07-209fd65db586_r,46.43949,30.75344,618,
0fcaf8ea-a11a-4b8b-aa07-209fd65db586_r,46.43938,30.75277,620,
0fcaf8ea-a11a-4b8b-aa07-209fd65db586_r,46.43906,30.7515,622,
0fcaf8ea-a11a-4b8b-aa07-209fd65db586_r,46.43893,30.75092,624,
0fcaf8ea-a11a-4b8b-aa07-209fd65db586_r,46.43899,30.75089,626,
0fcaf8ea-a11a-4b8b-aa07-209fd65db586_r,46.43881806493091,30.75035691261292,628,
0fcaf8ea-a11a-4b8b-aa07-209fd65db586_r,46.43899,30.7509,633,
0fcaf8ea-a11a-4b8b-aa07-209fd65db586_r,46.43893,30.75093,635,
0fcaf8ea-a11a-4b8b-aa07-209fd65db586_r,46.43884,30.75051,637,
0fcaf8ea-a11a-4b8b-aa07-209fd65db586_r,46.43876,30.75018,639,
0fcaf8ea-a11a-4b8b-aa07-209fd65db586_r,46.43867,30.74988,641,
0fcaf8ea-a11a-4b8b-aa07-209fd65db586_r,46.43853,30.7491,643,
0fcaf8ea-a11a-4b8b-aa07-209fd65db586_r,46.43841,30.74856,645,
0fcaf8ea-a11a-4b8b-aa07-209fd65db586_r,46.43824,30.74773,647,
0fcaf8ea-a11a-4b8b-aa07-209fd65db586_r,46.43811,30.74713,649,
0fcaf8ea-a11a-4b8b-aa07-209fd65db586_r,46.43804,30.7468,651,
0fcaf8ea-a11a-4b8b-aa07-209fd65db586_r,46.438,30.74662,653,
0fcaf8ea-a11a-4b8b-aa07-209fd65db586_r,46.43794,30.74623,655,
0fcaf8ea-a11a-4b8b-aa07-209fd65db586_r,46.43794,30.74592,657,
0fcaf8ea-a11a-4b8b-aa07-209fd65db586_r,46.43789,30.74573,659,
0fcaf8ea-a11a-4b8b-aa07-209fd65db586_r,46.43785,30.74558,661,
0fcaf8ea-a11a-4b8b-aa07-209fd65db586_r,46.43757,30.74484,663,
0fcaf8ea-a11a-4b8b-aa07-209fd65db586_r,46.43765,30.74477,665,
0fcaf8ea-a11a-4b8b-aa07-209fd65db586_r,46.437649871594374,30.74484765529633,667,
0fcaf8ea-a11a-4b8b-aa07-209fd65db586_r,46.43766,30.74477,672,
0fcaf8ea-a11a-4b8b-aa07-209fd65db586_r,46.43758,30.74484,674,
0fcaf8ea-a11a-4b8b-aa07-209fd65db586_r,46.43751,30.74457,676,
0fcaf8ea-a11a-4b8b-aa07-209fd65db586_r,46.43729,30.74396,678,
0fcaf8ea-a11a-4b8b-aa07-209fd65db586_r,46.43699,30.74312,680,
0fcaf8ea-a11a-4b8b-aa07-209fd65db586_r,46.43645,30.7417,682,
0fcaf8ea-a11a-4b8b-aa07-209fd65db586_r,46.4364,30.7415,684,
0fcaf8ea-a11a-4b8b-aa07-209fd65db586_r,46.43641,30.74105,686,
0fcaf8ea-a11a-4b8b-aa07-209fd65db586_r,46.43642,30.74101,688,
0fcaf8ea-a11a-4b8b-aa07-209fd65db586_r,46.43648,30.74102,690,
0fcaf8ea-a11a-4b8b-aa07-209fd65db586_r,46.43642250224896,30.741006731987003,692,
0fcaf8ea-a11a-4b8b-aa07-209fd65db586_r,46.43647,30.74103,697,
0fcaf8ea-a11a-4b8b-aa07-209fd65db586_r,46.43641,30.74102,699,
0fcaf8ea-a11a-4b8b-aa07-209fd65db586_r,46.43647,30.74051,701,
0fcaf8ea-a11a-4b8b-aa07-209fd65db586_r,46.43664,30.73888,703,
0fcaf8ea-a11a-4b8b-aa07-209fd65db586_r,46.43676,30.73728,705,
0fcaf8ea-a11a-4b8b-aa07-209fd65db586_r,46.43684,30.73626,707,
0fcaf8ea-a11a-4b8b-aa07-209fd65db586_r,46.43689,30.73589,709,
0fcaf8ea-a11a-4b8b-aa07-209fd65db586_r,46.43697,30.73589,711,
0fcaf8ea-a11a-4b8b-aa07-209fd65db586_r,46.43694746481026,30.73586225509644,713,
0fcaf8ea-a11a-4b8b-aa07-209fd65db586_r,46.43697,30.73589,718,
0fcaf8ea-a11a-4b8b-aa07-209fd65db586_r,46.43689,30.73589,720,
0fcaf8ea-a11a-4b8b-aa07-209fd65db586_r,46.43689,30.7358,722,
0fcaf8ea-a11a-4b8b-aa07-209fd65db586_r,46.43702,30.73455,724,
0fcaf8ea-a11a-4b8b-aa07-209fd65db586_r,46.43717,30.73288,726,
0fcaf8ea-a11a-4b8b-aa07-209fd65db586_r,46.4372,30.73261,728,
0fcaf8ea-a11a-4b8b-aa07-209fd65db586_r,46.43728,30.73263,730,
0fcaf8ea-a11a-4b8b-aa07-209fd65db586_r,46.437284,30.732631,732,
0fcaf8ea-a11a-4b8b-aa07-209fd65db586_r,46.43728,30.73263,737,
0fcaf8ea-a11a-4b8b-aa07-209fd65db586_r,46.4372,30.73261,739,
0fcaf8ea-a11a-4b8b-aa07-209fd65db586_r,46.43723,30.73232,741,
0fcaf8ea-a11a-4b8b-aa07-209fd65db586_r,46.43736,30.73093,743,
0fcaf8ea-a11a-4b8b-aa07-209fd65db586_r,46.43739,30.73078,745,
0fcaf8ea-a11a-4b8b-aa07-209fd65db586_r,46.43756,30.72882,747,
0fcaf8ea-a11a-4b8b-aa07-209fd65db586_r,46.43776,30.72702,749,
0fcaf8ea-a11a-4b8b-aa07-209fd65db586_r,46.43779,30.72666,751,
0fcaf8ea-a11a-4b8b-aa07-209fd65db586_r,46.43781,30.72646,753,
0fcaf8ea-a11a-4b8b-aa07-209fd65db586_r,46.43785,30.72625,755,
0fcaf8ea-a11a-4b8b-aa07-209fd65db586_r,46.43781,30.72599,757,
0fcaf8ea-a11a-4b8b-aa07-209fd65db586_r,46.43764,30.72603,759,
0fcaf8ea-a11a-4b8b-aa07-209fd65db586_r,46.43753,30.72607,761,
0fcaf8ea-a11a-4b8b-aa07-209fd65db586_r,46.43674,30.72622,763,
0fcaf8ea-a11a-4b8b-aa07-209fd65db586_r,46.43679958854409,30.726302862167362,765,
0fcaf8ea-a11a-4b8b-aa07-209fd65db586_r,46.43674,30.72621,770,
0fcaf8ea-a11a-4b8b-aa07-209fd65db586_r,46.43665,30.72635,772,
0fcaf8ea-a11a-4b8b-aa07-209fd65db586_r,46.4363,30.72646,774,
0fcaf8ea-a11a-4b8b-aa07-209fd65db586_r,46.43525,30.72678,776,
0fcaf8ea-a11a-4b8b-aa07-209fd65db586_r,46.43516,30.72682,778,
0fcaf8ea-a11a-4b8b-aa07-209fd65db586_r,46.43499,30.72689,780,
0fcaf8ea-a11a-4b8b-aa07-209fd65db586_r,46.43403,30.72719,782,
0fcaf8ea-a11a-4b8b-aa07-209fd65db586_r,46.43398,30.72721,784,
0fcaf8ea-a11a-4b8b-aa07-209fd65db586_r,46.43397,30.72711,786,
0fcaf8ea-a11a-4b8b-aa07-209fd65db586_r,46.433978,30.727106,788,
0fcaf8ea-a11a-4b8b-aa07-209fd65db586_r,46.43398,30.72711,793,
0fcaf8ea-a11a-4b8b-aa07-209fd65db586_r,46.43399,30.72721,795,
0fcaf8ea-a11a-4b8b-aa07-209fd65db586_r,46.43348,30.72737,797,
0fcaf8ea-a11a-4b8b-aa07-209fd65db586_r,46.43333,30.72741,799,
0fcaf8ea-a11a-4b8b-aa07-209fd65db586_r,46.43244,30.72767,801,
0fcaf8ea-a11a-4b8b-aa07-209fd65db586_r,46.43222,30.72773,803,
0fcaf8ea-a11a-4b8b-aa07-209fd65db586_r,46.43089,30.72815,805,
0fcaf8ea-a11a-4b8b-aa07-209fd65db586_r,46.43024,30.72833,807,
0fcaf8ea-a11a-4b8b-aa07-209fd65db586_r,46.43011,30.72836,809,
0fcaf8ea-a11a-4b8b-aa07-209fd65db586_r,46.42982,30.72839,811,
0fcaf8ea-a11a-4b8b-aa07-209fd65db586_r,46.42969,30.72839,813,
0fcaf8ea-a11a-4b8b-aa07-209fd65db586_r,46.42958,30.72839,815,
0fcaf8ea-a11a-4b8b-aa07-209fd65db586_r,46.42948,30.72833,817,
0fcaf8ea-a11a-4b8b-aa07-209fd65db586_r,46.42935,30.7282,819,
0fcaf8ea-a11a-4b8b-aa07-209fd65db586_r,46.42925,30.72804,821,
0fcaf8ea-a11a-4b8b-aa07-209fd65db586_r,46.42923,30.72787,823,
0fcaf8ea-a11a-4b8b-aa07-209fd65db586_r,46.42918711575825,30.727906823158268,825,
0fcaf8ea-a11a-4b8b-aa07-209fd65db586_r,46.42923,30.72786,830,
0fcaf8ea-a11a-4b8b-aa07-209fd65db586_r,46.42907,30.72783,832,
0fcaf8ea-a11a-4b8b-aa07-209fd65db586_r,46.42886,30.7276,834,
0fcaf8ea-a11a-4b8b-aa07-209fd65db586_r,46.42863,30.72727,836,
0fcaf8ea-a11a-4b8b-aa07-209fd65db586_r,46.42789,30.72633,838,
0fcaf8ea-a11a-4b8b-aa07-209fd65db586_r,46.42693,30.7251,840,
0fcaf8ea-a11a-4b8b-aa07-209fd65db586_r,46.42629,30.72425,842,
0fcaf8ea-a11a-4b8b-aa07-209fd65db586_r,46.42635,30.72415,844,
0fcaf8ea-a11a-4b8b-aa07-209fd65db586_r,46.42634002177239,30.724178552627567,846,
0fcaf8ea-a11a-4b8b-aa07-209fd65db586_r,46.42636,30.72415,851,
0fcaf8ea-a11a-4b8b-aa07-209fd65db586_r,46.4263,30.72425,853,
0fcaf8ea-a11a-4b8b-aa07-209fd65db586_r,46.42618,30.72402,855,
0fcaf8ea-a11a-4b8b-aa07-209fd65db586_r,46.42601,30.72379,857,
0fcaf8ea-a11a-4b8b-aa07-209fd65db586_r,46.42562,30.72331,859,
0fcaf8ea-a11a-4b8b-aa07-209fd65db586_r,46.42551,30.72321,861,
0fcaf8ea-a11a-4b8b-aa07-209fd65db586_r,46.4254,30.72305,863,
0fcaf8ea-a11a-4b8b-aa07-209fd65db586_r,46.42524,30.72285,865,
0fcaf8ea-a11a-4b8b-aa07-209fd65db586_r,46.42515,30.72271,867,
0fcaf8ea-a11a-4b8b-aa07-209fd65db586_r,46.42458,30.72198,869,
0fcaf8ea-a11a-4b8b-aa07-209fd65db586_r,46.42454,30.72189,871,
0fcaf8ea-a11a-4b8b-aa07-209fd65db586_r,46.42424,30.72151,873,
0fcaf8ea-a11a-4b8b-aa07-209fd65db586_r,46.42398,30.72116,875,
0fcaf8ea-a11a-4b8b-aa07-209fd65db586_r,46.4239,30.72103,877,
0fcaf8ea-a11a-4b8b-aa07-209fd65db586_r,46.42377,30.72088,879,
0fcaf8ea-a11a-4b8b-aa07-209fd65db586_r,46.42366,30.72076,881,
0fcaf8ea-a11a-4b8b-aa07-209fd65db586_r,46.42293,30.71977,883,
0fcaf8ea-a11a-4b8b-aa07-209fd65db586_r,46.42225,30.71887,885,
0fcaf8ea-a11a-4b8b-aa07-209fd65db586_r,46.42216,30.71874,887,
0fcaf8ea-a11a-4b8b-aa07-209fd65db586_r,46.42214,30.7187,889,
0fcaf8ea-a11a-4b8b-aa07-209fd65db586_r,46.42193,30.71843,891,
0fcaf8ea-a11a-4b8b-aa07-209fd65db586_r,46.42201,30.71831,893,
0fcaf8ea-a11a-4b8b-aa07-209fd65db586_r,46.421995,30.718308,895,
0fcaf8ea-a11a-4b8b-aa07-209fd65db586_r,46.422,30.71831,900,
0fcaf8ea-a11a-4b8b-aa07-209fd65db586_r,46.42192,30.71843,902,
0fcaf8ea-a11a-4b8b-aa07-209fd65db586_r,46.42189,30.7184,904,
0fcaf8ea-a11a-4b8b-aa07-209fd65db586_r,46.42148,30.71788,906,
0fcaf8ea-a11a-4b8b-aa07-209fd65db586_r,46.42101,30.71726,908,
0fcaf8ea-a11a-4b8b-aa07-209fd65db586_r,46.42088,30.71711,910,
0fcaf8ea-a11a-4b8b-aa07-209fd65db586_r,46.42082,30.71702,912,
0fcaf8ea-a11a-4b8b-aa07-209fd65db586_r,46.42054,30.71666,914,
0fcaf8ea-a11a-4b8b-aa07-209fd65db586_r,46.42045,30.71655,916,
0fcaf8ea-a11a-4b8b-aa07-209fd65db586_r,46.42037,30.71644,918,
0fcaf8ea-a11a-4b8b-aa07-209fd65db586_r,46.42015,30.71619,920,
0fcaf8ea-a11a-4b8b-aa07-209fd65db586_r,46.42013,30.71616,922,
0fcaf8ea-a11a-4b8b-aa07-209fd65db586_r,46.42005,30.71602,924,
0fcaf8ea-a11a-4b8b-aa07-209fd65db586_r,46.4197,30.71554,926,
0fcaf8ea-a11a-4b8b-aa07-209fd65db586_r,46.41955,30.71536,928,
0fcaf8ea-a11a-4b8b-aa07-209fd65db586_r,46.41946,30.71524,930,
0fcaf8ea-a11a-4b8b-aa07-209fd65db586_r,46.41934,30.71508,932,
0fcaf8ea-a11a-4b8b-aa07-209fd65db586_r,46.41921,30.71523,934,
0fcaf8ea-a11a-4b8b-aa07-209fd65db586_r,46.41912,30.71532,936,
0fcaf8ea-a11a-4b8b-aa07-209fd65db586_r,46.4188,30.71577,938,
0fcaf8ea-a11a-4b8b-aa07-209fd65db586_r,46.41855,30.71626,940,
0fcaf8ea-a11a-4b8b-aa07-209fd65db586_r,46.41801,30.71731,942,
0fcaf8ea-a11a-4b8b-aa07-209fd65db586_r,46.41773,30.71789,944,
0fcaf8ea-a11a-4b8b-aa07-209fd65db586_r,46.41769,30.71802,946,
0fcaf8ea-a11a-4b8b-aa07-209fd65db586_r,46.41766,30.71808,948,
0fcaf8ea-a11a-4b8b-aa07-209fd65db586_r,46.41759,30.71801,950,
0fcaf8ea-a11a-4b8b-aa07-209fd65db586_r,46.417591,30.718023,952,
0fcaf8ea-a11a-4b8b-aa07-209fd65db586_r,46.41759,30.71802,957,
0fcaf8ea-a11a-4b8b-aa07-209fd65db586_r,46.41766,30.71809,959,
0fcaf8ea-a11a-4b8b-aa07-209fd65db586_r,46.41706,30.71928,961,
0fcaf8ea-a11a-4b8b-aa07-209fd65db586_r,46.41676,30.71981,963,
0fcaf8ea-a11a-4b8b-aa07-209fd65db586_r,46.41661,30.72018,965,
0fcaf8ea-a11a-4b8b-aa07-209fd65db586_r,46.41653,30.72011,967,
0fcaf8ea-a11a-4b8b-aa07-209fd65db586_r,46.416573729420016,30.72013914585114,969,
0fcaf8ea-a11a-4b8b-aa07-209fd65db586_r,46.41653,30.72011,974,
0fcaf8ea-a11a-4b8b-aa07-209fd65db586_r,46.41661,30.72018,976,
0fcaf8ea-a11a-4b8b-aa07-209fd65db586_r,46.41645,30.72044,978,
0fcaf8ea-a11a-4b8b-aa07-209fd65db586_r,46.41637,30.7206,980,
0fcaf8ea-a11a-4b8b-aa07-209fd65db586_r,46.41621,30.72093,982,
0fcaf8ea-a11a-4b8b-aa07-209fd65db586_r,46.41597,30.72113,984,
0fcaf8ea-a11a-4b8b-aa07-209fd65db586_r,46.41571,30.72123,986,
0fcaf8ea-a11a-4b8b-aa07-209fd65db586_r,46.41538,30.72126,988,
0fcaf8ea-a11a-4b8b-aa07-209fd65db586_r,46.41519,30.72115,990,
0fcaf8ea-a11a-4b8b-aa07-209fd65db586_r,46.41433,30.72069,992,
0fcaf8ea-a11a-4b8b-aa07-209fd65db586_r,46.41427,30.72067,994,
0fcaf8ea-a11a-4b8b-aa07-209fd65db586_r,46.4139,30.72048,996,
0fcaf8ea-a11a-4b8b-aa07-209fd65db586_r,46.41347,30.72033,998,
0fcaf8ea-a11a-4b8b-aa07-209fd65db586_r,46.41319,30.72026,1000,
0fcaf8ea-a11a-4b8b-aa07-209fd65db586_r,46.41291,30.72018,1002,
0fcaf8ea-a11a-4b8b-aa07-209fd65db586_r,46.41287,30.72018,1004,
0fcaf8ea-a11a-4b8b-aa07-209fd65db586_r,46.41283,30.72016,1006,
0fcaf8ea-a11a-4b8b-aa07-209fd65db586_r,46.41255,30.72013,1008,
0fcaf8ea-a11a-4b8b-aa07-209fd65db586_r,46.41242,30.72011,1010,
0fcaf8ea-a11a-4b8b-aa07-209fd65db586_r,46.41225,30.72009,1012,
0fcaf8ea-a11a-4b8b-aa07-209fd65db586_r,46.41227,30.71998,1014,
0fcaf8ea-a11a-4b8b-aa07-209fd65db586_r,46.41227,30.71992,1016,
0fcaf8ea-a11a-4b8b-aa07-209fd65db586_r,46.41233,30.71992,1018,
0fcaf8ea-a11a-4b8b-aa07-209fd65db586_r,46.41232793453475,30.719999670982364,1020,
0fcaf8ea-a11a-4b8b-aa07-209fd65db586_r,46.41234,30.71992,1025,
0fcaf8ea-a11a-4b8b-aa07-209fd65db586_r,46.41228,30.71992,1027,
0fcaf8ea-a11a-4b8b-aa07-209fd65db586_r,46.41228,30.71998,1029,
0fcaf8ea-a11a-4b8b-aa07-209fd65db586_r,46.41226,30.72009,1031,
0fcaf8ea-a11a-4b8b-aa07-209fd65db586_r,46.41174,30.72009,1033,
0fcaf8ea-a11a-4b8b-aa07-209fd65db586_r,46.41116,30.72013,1035,
0fcaf8ea-a11a-4b8b-aa07-209fd65db586_r,46.41084,30.7202,1037,
0fcaf8ea-a11a-4b8b-aa07-209fd65db586_r,46.41071,30.72024,1039,
0fcaf8ea-a11a-4b8b-aa07-209fd65db586_r,46.41065,30.72024,1041,
0fcaf8ea-a11a-4b8b-aa07-209fd65db586_r,46.41052,30.72028,1043,
0fcaf8ea-a11a-4b8b-aa07-209fd65db586_r,46.41049,30.72011,1045,
0fcaf8ea-a11a-4b8b-aa07-209fd65db586_r,46.410491,30.720106,1047,
0fcaf8ea-a11a-4b8b-aa07-209fd65db586_r,46.41049,30.72011,1052,
0fcaf8ea-a11a-4b8b-aa07-209fd65db586_r,46.41052,30.72028,1054,
0fcaf8ea-a11a-4b8b-aa07-209fd65db586_r,46.41031,30.72035,1056,
0fcaf8ea-a11a-4b8b-aa07-209fd65db586_r,46.41026,30.72035,1058,
0fcaf8ea-a11a-4b8b-aa07-209fd65db586_r,46.40943,30.72058,1060,
0fcaf8ea-a11a-4b8b-aa07-209fd65db586_r,46.40913,30.72067,1062,
0fcaf8ea-a11a-4b8b-aa07-209fd65db586_r,46.40835,30.72088,1064,
0fcaf8ea-a11a-4b8b-aa07-209fd65db586_r,46.40795,30.72099,1066,
0fcaf8ea-a11a-4b8b-aa07-209fd65db586_r,46.40786,30.72101,1068,
0fcaf8ea-a11a-4b8b-aa07-209fd65db586_r,46.40782,30.72103,1070,
0fcaf8ea-a11a-4b8b-aa07-209fd65db586_r,46.40711,30.72123,1072,
0fcaf8ea-a11a-4b8b-aa07-209fd65db586_r,46.4067,30.72136,1074,
0fcaf8ea-a11a-4b8b-aa07-209fd65db586_r,46.40644,30.72142,1076,
0fcaf8ea-a11a-4b8b-aa07-209fd65db586_r,46.40591,30.72155,1078,
0fcaf8ea-a11a-4b8b-aa07-209fd65db586_r,46.4059,30.72155,1080,
0fcaf8ea-a11a-4b8b-aa07-209fd65db586_r,46.40588,30.72139,1082,
0fcaf8ea-a11a-4b8b-aa07-209fd65db586_r,46.405884,30.721392,1084,
0fcaf8ea-a11a-4b8b-aa07-209fd65db586_r,46.40588,30.72139,1089,
0fcaf8ea-a11a-4b8b-aa07-209fd65db586_r,46.4059,30.72155,1091,
0fcaf8ea-a11a-4b8b-aa07-209fd65db586_r,46.40513,30.72174,1093,
0fcaf8ea-a11a-4b8b-aa07-209fd65db586_r,46.40458,30.72191,1095,
0fcaf8ea-a11a-4b8b-aa07-209fd65db586_r,46.40378,30.72213,1097,
0fcaf8ea-a11a-4b8b-aa07-209fd65db586_r,46.40322,30.72227,1099,
0fcaf8ea-a11a-4b8b-aa07-209fd65db586_r,46.4032,30.72211,1101,
0fcaf8ea-a11a-4b8b-aa07-209fd65db586_r,46.403198,30.722109,1103,
0fcaf8ea-a11a-4b8b-aa07-209fd65db586_r,46.4032,30.72211,1108,
0fcaf8ea-a11a-4b8b-aa07-209fd65db586_r,46.40322,30.72227,1110,
0fcaf8ea-a11a-4b8b-aa07-209fd65db586_r,46.40318,30.72228,1112,
0fcaf8ea-a11a-4b8b-aa07-209fd65db586_r,46.40316,30.7223,1114,
0fcaf8ea-a11a-4b8b-aa07-209fd65db586_r,46.40305,30.72232,1116,
0fcaf8ea-a11a-4b8b-aa07-209fd65db586_r,46.4029,30.72237,1118,
0fcaf8ea-a11a-4b8b-aa07-209fd65db586_r,46.40282,30.72239,1120,
0fcaf8ea-a11a-4b8b-aa07-209fd65db586_r,46.4023,30.72254,1122,
0fcaf8ea-a11a-4b8b-aa07-209fd65db586_r,46.40189,30.72264,1124,
0fcaf8ea-a11a-4b8b-aa07-209fd65db586_r,46.40153,30.72275,1126,
0fcaf8ea-a11a-4b8b-aa07-209fd65db586_r,46.4008,30.72294,1128,
0fcaf8ea-a11a-4b8b-aa07-209fd65db586_r,46.39983,30.72321,1130,
0fcaf8ea-a11a-4b8b-aa07-209fd65db586_r,46.39981,30.72308,1132,
0fcaf8ea-a11a-4b8b-aa07-209fd65db586_r,46.39979573450765,30.723175406455997,1134,
0fcaf8ea-a11a-4b8b-aa07-209fd65db586_r,46.39981,30.72308,1139,
0fcaf8ea-a11a-4b8b-aa07-209fd65db586_r,46.39983,30.72321,1141,
0fcaf8ea-a11a-4b8b-aa07-209fd65db586_r,46.39983,30.72321,1143,
0fcaf8ea-a11a-4b8b-aa07-209fd65db586_r,46.39971,30.7232,1145,
0fcaf8ea-a11a-4b8b-aa07-209fd65db586_r,46.39961,30.72324,1147,
0fcaf8ea-a11a-4b8b-aa07-209fd65db586_r,46.39953,30.72325,1149,
0fcaf8ea-a11a-4b8b-aa07-209fd65db586_r,46.39944,30.72327,1151,
0fcaf8ea-a11a-4b8b-aa07-209fd65db586_r,46.39933,30.72325,1153,
0fcaf8ea-a11a-4b8b-aa07-209fd65db586_r,46.39924,30.7232,1155,
0fcaf8ea-a11a-4b8b-aa07-209fd65db586_r,46.3992,30.72316,1157,
0fcaf8ea-a11a-4b8b-aa07-209fd65db586_r,46.39914,30.72307,1159,
0fcaf8ea-a11a-4b8b-aa07-209fd65db586_r,46.39903,30.72301,1161,
0fcaf8ea-a11a-4b8b-aa07-209fd65db586_r,46.39899,30.72299,1163,
0fcaf8ea-a11a-4b8b-aa07-209fd65db586_r,46.39883,30.72296,1165,
0fcaf8ea-a11a-4b8b-aa07-209fd65db586_r,46.39873,30.72298,1167,
0fcaf8ea-a11a-4b8b-aa07-209fd65db586_r,46.39862,30.72309,1169,
0fcaf8ea-a11a-4b8b-aa07-209fd65db586_r,46.39858,30.72317,1171,
0fcaf8ea-a11a-4b8b-aa07-209fd65db586_r,46.39855,30.72326,1173,
0fcaf8ea-a11a-4b8b-aa07-209fd65db586_r,46.39854,30.72332,1175,
0fcaf8ea-a11a-4b8b-aa07-209fd65db586_r,46.3985,30.72342,1177,
0fcaf8ea-a11a-4b8b-aa07-209fd65db586_r,46.39838,30.72354,1179,
0fcaf8ea-a11a-4b8b-aa07-209fd65db586_r,46.39826,30.72363,1181,
0fcaf8ea-a11a-4b8b-aa07-209fd65db586_r,46.39814,30.72366,1183,
0fcaf8ea-a11a-4b8b-aa07-209fd65db586_r,46.39803,30.72367,1185,
0fcaf8ea-a11a-4b8b-aa07-209fd65db586_r,46.39747,30.72375,1187,
0fcaf8ea-a11a-4b8b-aa07-209fd65db586_r,46.39664,30.72387,1189,
0fcaf8ea-a11a-4b8b-aa07-209fd65db586_r,46.39562,30.72404,1191,
0fcaf8ea-a11a-4b8b-aa07-209fd65db586_r,46.39554,30.72408,1193,
0fcaf8ea-a11a-4b8b-aa07-209fd65db586_r,46.39552,30.72391,1195,
0fcaf8ea-a11a-4b8b-aa07-209fd65db586_r,46.395504,30.723911,1197,
0fcaf8ea-a11a-4b8b-aa07-209fd65db586_r,46.3955,30.72391,1202,
0fcaf8ea-a11a-4b8b-aa07-209fd65db586_r,46.39552,30.72408,1204,
0fcaf8ea-a11a-4b8b-aa07-209fd65db586_r,46.39535,30.7241,1206,
0fcaf8ea-a11a-4b8b-aa07-209fd65db586_r,46.39465,30.72417,1208,
0fcaf8ea-a11a-4b8b-aa07-209fd65db586_r,46.39424,30.7242,1210,
0fcaf8ea-a11a-4b8b-aa07-209fd65db586_r,46.39381,30.72417,1212,
0fcaf8ea-a11a-4b8b-aa07-209fd65db586_r,46.39361,30.72415,1214,
0fcaf8ea-a11a-4b8b-aa07-209fd65db586_r,46.39318,30.72406,1216,
0fcaf8ea-a11a-4b8b-aa07-209fd65db586_r,46.39278,30.72403,1218,
0fcaf8ea-a11a-4b8b-aa07-209fd65db586_r,46.39277,30.7238,1220,
0fcaf8ea-a11a-4b8b-aa07-209fd65db586_r,46.39273308208089,30.723931789398197,1222,
0fcaf8ea-a11a-4b8b-aa07-209fd65db586_r,46.39276,30.72381,1227,
0fcaf8ea-a11a-4b8b-aa07-209fd65db586_r,46.39277,30.72404,1229,
0fcaf8ea-a11a-4b8b-aa07-209fd65db586_r,46.39265,30.72396,1231,
0fcaf8ea-a11a-4b8b-aa07-209fd65db586_r,46.39255,30.72395,1233,
0fcaf8ea-a11a-4b8b-aa07-209fd65db586_r,46.39248,30.72391,1235,
0fcaf8ea-a11a-4b8b-aa07-209fd65db586_r,46.39236,30.72386,1237,
0fcaf8ea-a11a-4b8b-aa07-209fd65db586_r,46.39209,30.72373,1239,
0fcaf8ea-a11a-4b8b-aa07-209fd65db586_r,46.39141,30.72353,1241,
0fcaf8ea-a11a-4b8b-aa07-209fd65db586_r,46.39103,30.72344,1243,
0fcaf8ea-a11a-4b8b-aa07-209fd65db586_r,46.39059,30.72338,1245,
0fcaf8ea-a11a-4b8b-aa07-209fd65db586_r,46.39014,30.72342,1247,
0fcaf8ea-a11a-4b8b-aa07-209fd65db586_r,46.38999,30.7234,1249,
0fcaf8ea-a11a-4b8b-aa07-209fd65db586_r,46.38985,30.72337,1251,
0fcaf8ea-a11a-4b8b-aa07-209fd65db586_r,46.38978,30.72335,1253,
0fcaf8ea-a11a-4b8b-aa07-209fd65db586_r,46.3898,30.72317,1255,
0fcaf8ea-a11a-4b8b-aa07-209fd65db586_r,46.389805,30.723166,1257,
0fcaf8ea-a11a-4b8b-aa07-209fd65db586_r,46.38981,30.72317,1262,
0fcaf8ea-a11a-4b8b-aa07-209fd65db586_r,46.38979,30.72335,1264,
0fcaf8ea-a11a-4b8b-aa07-209fd65db586_r,46.38977,30.72335,1266,
0fcaf8ea-a11a-4b8b-aa07-209fd65db586_r,46.38951,30.72331,1268,
0fcaf8ea-a11a-4b8b-aa07-209fd65db586_r,46.38941,30.72329,1270,
0fcaf8ea-a11a-4b8b-aa07-209fd65db586_r,46.38738,30.72282,1272,
0fcaf8ea-a11a-4b8b-aa07-209fd65db586_r,46.38725,30.72279,1274,
0fcaf8ea-a11a-4b8b-aa07-209fd65db586_r,46.38707,30.72276,1276,
0fcaf8ea-a11a-4b8b-aa07-209fd65db586_r,46.38643,30.72263,1278,
0fcaf8ea-a11a-4b8b-aa07-209fd65db586_r,46.38603,30.72253,1280,
0fcaf8ea-a11a-4b8b-aa07-209fd65db586_r,46.38606,30.72237,1282,
0fcaf8ea-a11a-4b8b-aa07-209fd65db586_r,46.38605805397539,30.722483396530155,1284,
0fcaf8ea-a11a-4b8b-aa07-209fd65db586_d,46.38599144758627,30.722719430923465,1,
0fcaf8ea-a11a-4b8b-aa07-209fd65db586_d,46.38599,30.72272,6,
0fcaf8ea-a11a-4b8b-aa07-209fd65db586_d,46.386,30.7226,8,
0fcaf8ea-a11a-4b8b-aa07-209fd65db586_d,46.38612,30.72262,10,
0fcaf8ea-a11a-4b8b-aa07-209fd65db586_d,46.38644,30.72269,12,
0fcaf8ea-a11a-4b8b-aa07-209fd65db586_d,46.3872,30.72286,14,
0fcaf8ea-a11a-4b8b-aa07-209fd65db586_d,46.38732,30.7229,16,
0fcaf8ea-a11a-4b8b-aa07-209fd65db586_d,46.38737,30.7229,18,
0fcaf8ea-a11a-4b8b-aa07-209fd65db586_d,46.38941,30.72329,20,
0fcaf8ea-a11a-4b8b-aa07-209fd65db586_d,46.38951,30.72331,22,
0fcaf8ea-a11a-4b8b-aa07-209fd65db586_d,46.38977,30.72335,24,
0fcaf8ea-a11a-4b8b-aa07-209fd65db586_d,46.38986,30.72337,26,
0fcaf8ea-a11a-4b8b-aa07-209fd65db586_d,46.38999,30.72342,28,
0fcaf8ea-a11a-4b8b-aa07-209fd65db586_d,46.39005,30.72342,30,
0fcaf8ea-a11a-4b8b-aa07-209fd65db586_d,46.39063,30.72367,32,
0fcaf8ea-a11a-4b8b-aa07-209fd65db586_d,46.39102,30.72382,34,
0fcaf8ea-a11a-4b8b-aa07-209fd65db586_d,46.39134,30.72387,36,
0fcaf8ea-a11a-4b8b-aa07-209fd65db586_d,46.39185,30.72389,38,
0fcaf8ea-a11a-4b8b-aa07-209fd65db586_d,46.3923,30.72393,40,
0fcaf8ea-a11a-4b8b-aa07-209fd65db586_d,46.39237,30.72395,42,
0fcaf8ea-a11a-4b8b-aa07-209fd65db586_d,46.39247,30.72397,44,
0fcaf8ea-a11a-4b8b-aa07-209fd65db586_d,46.39254,30.724,46,
0fcaf8ea-a11a-4b8b-aa07-209fd65db586_d,46.39263,30.724,48,
0fcaf8ea-a11a-4b8b-aa07-209fd65db586_d,46.39263,30.72412,50,
0fcaf8ea-a11a-4b8b-aa07-209fd65db586_d,46.39263318468419,30.72412490844727,52,
0fcaf8ea-a11a-4b8b-aa07-209fd65db586_d,46.39263,30.72412,57,
0fcaf8ea-a11a-4b8b-aa07-209fd65db586_d,46.39263,30.724,59,
0fcaf8ea-a11a-4b8b-aa07-209fd65db586_d,46.39265,30.724,61,
0fcaf8ea-a11a-4b8b-aa07-209fd65db586_d,46.39277,30.72404,63,
0fcaf8ea-a11a-4b8b-aa07-209fd65db586_d,46.3932,30.72412,65,
0fcaf8ea-a11a-4b8b-aa07-209fd65db586_d,46.39361,30.72419,67,
0fcaf8ea-a11a-4b8b-aa07-209fd65db586_d,46.39383,30.72423,69,
0fcaf8ea-a11a-4b8b-aa07-209fd65db586_d,46.39426,30.72423,71,
0fcaf8ea-a11a-4b8b-aa07-209fd65db586_d,46.39466,30.72419,73,
0fcaf8ea-a11a-4b8b-aa07-209fd65db586_d,46.39534,30.7241,75,
0fcaf8ea-a11a-4b8b-aa07-209fd65db586_d,46.39535,30.72419,77,
0fcaf8ea-a11a-4b8b-aa07-209fd65db586_d,46.395348,30.72419,79,
0fcaf8ea-a11a-4b8b-aa07-209fd65db586_d,46.39535,30.72419,84,
0fcaf8ea-a11a-4b8b-aa07-209fd65db586_d,46.39534,30.7241,86,
0fcaf8ea-a11a-4b8b-aa07-209fd65db586_d,46.39535,30.7241,88,
0fcaf8ea-a11a-4b8b-aa07-209fd65db586_d,46.39561,30.72406,90,
0fcaf8ea-a11a-4b8b-aa07-209fd65db586_d,46.39664,30.72391,92,
0fcaf8ea-a11a-4b8b-aa07-209fd65db586_d,46.39747,30.72378,94,
0fcaf8ea-a11a-4b8b-aa07-209fd65db586_d,46.39801,30.7237,96,
0fcaf8ea-a11a-4b8b-aa07-209fd65db586_d,46.39812,30.7237,98,
0fcaf8ea-a11a-4b8b-aa07-209fd65db586_d,46.39825,30.7237,100,
0fcaf8ea-a11a-4b8b-aa07-209fd65db586_d,46.39838,30.72372,102,
0fcaf8ea-a11a-4b8b-aa07-209fd65db586_d,46.39842,30.72374,104,
0fcaf8ea-a11a-4b8b-aa07-209fd65db586_d,46.39846,30.72378,106,
0fcaf8ea-a11a-4b8b-aa07-209fd65db586_d,46.3985,30.72382,108,
0fcaf8ea-a11a-4b8b-aa07-209fd65db586_d,46.39855,30.72387,110,
0fcaf8ea-a11a-4b8b-aa07-209fd65db586_d,46.39855,30.72393,112,
0fcaf8ea-a11a-4b8b-aa07-209fd65db586_d,46.39865,30.72412,114,
0fcaf8ea-a11a-4b8b-aa07-209fd65db586_d,46.39874,30.72423,116,
0fcaf8ea-a11a-4b8b-aa07-209fd65db586_d,46.39887,30.72428,118,
0fcaf8ea-a11a-4b8b-aa07-209fd65db586_d,46.399,30.7243,120,
0fcaf8ea-a11a-4b8b-aa07-209fd65db586_d,46.3991,30.72425,122,
0fcaf8ea-a11a-4b8b-aa07-209fd65db586_d,46.39917,30.72417,124,
0fcaf8ea-a11a-4b8b-aa07-209fd65db586_d,46.39923,30.72408,126,
0fcaf8ea-a11a-4b8b-aa07-209fd65db586_d,46.39928,30.72395,128,
0fcaf8ea-a11a-4b8b-aa07-209fd65db586_d,46.3993,30.72382,130,
0fcaf8ea-a11a-4b8b-aa07-209fd65db586_d,46.39934,30.72372,132,
0fcaf8ea-a11a-4b8b-aa07-209fd65db586_d,46.39934,30.72363,134,
0fcaf8ea-a11a-4b8b-aa07-209fd65db586_d,46.39941,30.72348,136,
0fcaf8ea-a11a-4b8b-aa07-209fd65db586_d,46.39947,30.7234,138,
0fcaf8ea-a11a-4b8b-aa07-209fd65db586_d,46.39953,30.72331,140,
0fcaf8ea-a11a-4b8b-aa07-209fd65db586_d,46.3996,30.72329,142,
0fcaf8ea-a11a-4b8b-aa07-209fd65db586_d,46.39971,30.72327,144,
0fcaf8ea-a11a-4b8b-aa07-209fd65db586_d,46.39979,30.72322,146,
0fcaf8ea-a11a-4b8b-aa07-209fd65db586_d,46.39996,30.72317,148,
0fcaf8ea-a11a-4b8b-aa07-209fd65db586_d,46.39998,30.72333,150,
0fcaf8ea-a11a-4b8b-aa07-209fd65db586_d,46.399979,30.723331,152,
0fcaf8ea-a11a-4b8b-aa07-209fd65db586_d,46.39998,30.72333,157,
0fcaf8ea-a11a-4b8b-aa07-209fd65db586_d,46.39996,30.72317,159,
0fcaf8ea-a11a-4b8b-aa07-209fd65db586_d,46.4008,30.72294,161,
0fcaf8ea-a11a-4b8b-aa07-209fd65db586_d,46.40153,30.72275,163,
0fcaf8ea-a11a-4b8b-aa07-209fd65db586_d,46.40189,30.72264,165,
0fcaf8ea-a11a-4b8b-aa07-209fd65db586_d,46.4023,30.72254,167,
0fcaf8ea-a11a-4b8b-aa07-209fd65db586_d,46.40282,30.72239,169,
0fcaf8ea-a11a-4b8b-aa07-209fd65db586_d,46.4029,30.72237,171,
0fcaf8ea-a11a-4b8b-aa07-209fd65db586_d,46.40292,30.72236,173,
0fcaf8ea-a11a-4b8b-aa07-209fd65db586_d,46.40294,30.72252,175,
0fcaf8ea-a11a-4b8b-aa07-209fd65db586_d,46.402943,30.722517,177,
0fcaf8ea-a11a-4b8b-aa07-209fd65db586_d,46.40294,30.72252,182,
0fcaf8ea-a11a-4b8b-aa07-209fd65db586_d,46.40292,30.72236,184,
0fcaf8ea-a11a-4b8b-aa07-209fd65db586_d,46.40305,30.72232,186,
0fcaf8ea-a11a-4b8b-aa07-209fd65db586_d,46.40316,30.7223,188,
0fcaf8ea-a11a-4b8b-aa07-209fd65db586_d,46.40318,30.72228,190,
0fcaf8ea-a11a-4b8b-aa07-209fd65db586_d,46.40378,30.72213,192,
0fcaf8ea-a11a-4b8b-aa07-209fd65db586_d,46.40458,30.72191,194,
0fcaf8ea-a11a-4b8b-aa07-209fd65db586_d,46.40513,30.72174,196,
0fcaf8ea-a11a-4b8b-aa07-209fd65db586_d,46.40591,30.72155,198,
0fcaf8ea-a11a-4b8b-aa07-209fd65db586_d,46.40644,30.72142,200,
0fcaf8ea-a11a-4b8b-aa07-209fd65db586_d,46.4067,30.72136,202,
0fcaf8ea-a11a-4b8b-aa07-209fd65db586_d,46.40683,30.72132,204,
0fcaf8ea-a11a-4b8b-aa07-209fd65db586_d,46.40684,30.7214,206,
0fcaf8ea-a11a-4b8b-aa07-209fd65db586_d,46.406844,30.7214,208,
0fcaf8ea-a11a-4b8b-aa07-209fd65db586_d,46.40684,30.7214,213,
0fcaf8ea-a11a-4b8b-aa07-209fd65db586_d,46.40683,30.72132,215,
0fcaf8ea-a11a-4b8b-aa07-209fd65db586_d,46.40711,30.72123,217,
0fcaf8ea-a11a-4b8b-aa07-209fd65db586_d,46.40782,30.72103,219,
0fcaf8ea-a11a-4b8b-aa07-209fd65db586_d,46.40786,30.72101,221,
0fcaf8ea-a11a-4b8b-aa07-209fd65db586_d,46.40795,30.72099,223,
0fcaf8ea-a11a-4b8b-aa07-209fd65db586_d,46.40835,30.72088,225,
0fcaf8ea-a11a-4b8b-aa07-209fd65db586_d,46.40913,30.72067,227,
0fcaf8ea-a11a-4b8b-aa07-209fd65db586_d,46.40943,30.72058,229,
0fcaf8ea-a11a-4b8b-aa07-209fd65db586_d,46.41026,30.72035,231,
0fcaf8ea-a11a-4b8b-aa07-209fd65db586_d,46.41031,30.72035,233,
0fcaf8ea-a11a-4b8b-aa07-209fd65db586_d,46.41052,30.72028,235,
0fcaf8ea-a11a-4b8b-aa07-209fd65db586_d,46.41065,30.72024,237,
0fcaf8ea-a11a-4b8b-aa07-209fd65db586_d,46.41071,30.72024,239,
0fcaf8ea-a11a-4b8b-aa07-209fd65db586_d,46.41084,30.7202,241,
0fcaf8ea-a11a-4b8b-aa07-209fd65db586_d,46.41092,30.72018,243,
0fcaf8ea-a11a-4b8b-aa07-209fd65db586_d,46.41093,30.72027,245,
0fcaf8ea-a11a-4b8b-aa07-209fd65db586_d,46.410931,30.720266,247,
0fcaf8ea-a11a-4b8b-aa07-209fd65db586_d,46.41093,30.72027,252,
0fcaf8ea-a11a-4b8b-aa07-209fd65db586_d,46.41092,30.72018,254,
0fcaf8ea-a11a-4b8b-aa07-209fd65db586_d,46.41116,30.72013,256,
0fcaf8ea-a11a-4b8b-aa07-209fd65db586_d,46.41174,30.72009,258,
0fcaf8ea-a11a-4b8b-aa07-209fd65db586_d,46.41226,30.72009,260,
0fcaf8ea-a11a-4b8b-aa07-209fd65db586_d,46.41243,30.72011,262,
0fcaf8ea-a11a-4b8b-aa07-209fd65db586_d,46.41256,30.72013,264,
0fcaf8ea-a11a-4b8b-aa07-209fd65db586_d,46.41284,30.72016,266,
0fcaf8ea-a11a-4b8b-aa07-209fd65db586_d,46.41288,30.72018,268,
0fcaf8ea-a11a-4b8b-aa07-209fd65db586_d,46.41292,30.72018,270,
0fcaf8ea-a11a-4b8b-aa07-209fd65db586_d,46.41317,30.72025,272,
0fcaf8ea-a11a-4b8b-aa07-209fd65db586_d,46.41316,30.72033,274,
0fcaf8ea-a11a-4b8b-aa07-209fd65db586_d,46.4131490112429,30.720289349555973,276,
0fcaf8ea-a11a-4b8b-aa07-209fd65db586_d,46.41316,30.72033,281,
0fcaf8ea-a11a-4b8b-aa07-209fd65db586_d,46.41317,30.72025,283,
0fcaf8ea-a11a-4b8b-aa07-209fd65db586_d,46.4132,30.72026,285,
0fcaf8ea-a11a-4b8b-aa07-209fd65db586_d,46.41348,30.72033,287,
0fcaf8ea-a11a-4b8b-aa07-209fd65db586_d,46.41391,30.72048,289,
0fcaf8ea-a11a-4b8b-aa07-209fd65db586_d,46.41428,30.72067,291,
0fcaf8ea-a11a-4b8b-aa07-209fd65db586_d,46.41434,30.72069,293,
0fcaf8ea-a11a-4b8b-aa07-209fd65db586_d,46.4152,30.72119,295,
0fcaf8ea-a11a-4b8b-aa07-209fd65db586_d,46.41539,30.72131,297,
0fcaf8ea-a11a-4b8b-aa07-209fd65db586_d,46.41582,30.72165,299,
0fcaf8ea-a11a-4b8b-aa07-209fd65db586_d,46.41592,30.72166,301,
0fcaf8ea-a11a-4b8b-aa07-209fd65db586_d,46.4164,30.72066,303,
0fcaf8ea-a11a-4b8b-aa07-209fd65db586_d,46.41649,30.72046,305,
0fcaf8ea-a11a-4b8b-aa07-209fd65db586_d,46.41675,30.72009,307,
0fcaf8ea-a11a-4b8b-aa07-209fd65db586_d,46.41678,30.72012,309,
0fcaf8ea-a11a-4b8b-aa07-209fd65db586_d,46.41677343637032,30.720064043998722,311,
0fcaf8ea-a11a-4b8b-aa07-209fd65db586_d,46.41678,30.72012,316,
0fcaf8ea-a11a-4b8b-aa07-209fd65db586_d,46.41675,30.72009,318,
0fcaf8ea-a11a-4b8b-aa07-209fd65db586_d,46.41713,30.71934,320,
0fcaf8ea-a11a-4b8b-aa07-209fd65db586_d,46.41771,30.71816,322,
0fcaf8ea-a11a-4b8b-aa07-209fd65db586_d,46.41805,30.71736,324,
0fcaf8ea-a11a-4b8b-aa07-209fd65db586_d,46.41862,30.71625,326,
0fcaf8ea-a11a-4b8b-aa07-209fd65db586_d,46.41887,30.71577,328,
0fcaf8ea-a11a-4b8b-aa07-209fd65db586_d,46.41935,30.71515,330,
0fcaf8ea-a11a-4b8b-aa07-209fd65db586_d,46.41945,30.71527,332,
0fcaf8ea-a11a-4b8b-aa07-209fd65db586_d,46.41953,30.71538,334,
0fcaf8ea-a11a-4b8b-aa07-209fd65db586_d,46.41968,30.71557,336,
0fcaf8ea-a11a-4b8b-aa07-209fd65db586_d,46.41984,30.71577,338,
0fcaf8ea-a11a-4b8b-aa07-209fd65db586_d,46.4198,30.71584,340,
0fcaf8ea-a11a-4b8b-aa07-209fd65db586_d,46.41982442383388,30.71582078933716,342,
0fcaf8ea-a11a-4b8b-aa07-209fd65db586_d,46.41981,30.71585,347,
0fcaf8ea-a11a-4b8b-aa07-209fd65db586_d,46.41985,30.71578,349,
0fcaf8ea-a11a-4b8b-aa07-209fd65db586_d,46.42006,30.71604,351,
0fcaf8ea-a11a-4b8b-aa07-209fd65db586_d,46.42014,30.71616,353,
0fcaf8ea-a11a-4b8b-aa07-209fd65db586_d,46.42016,30.71619,355,
0fcaf8ea-a11a-4b8b-aa07-209fd65db586_d,46.42038,30.71644,357,
0fcaf8ea-a11a-4b8b-aa07-209fd65db586_d,46.42046,30.71655,359,
0fcaf8ea-a11a-4b8b-aa07-209fd65db586_d,46.42055,30.71666,361,
0fcaf8ea-a11a-4b8b-aa07-209fd65db586_d,46.42083,30.71702,363,
0fcaf8ea-a11a-4b8b-aa07-209fd65db586_d,46.42089,30.71711,365,
0fcaf8ea-a11a-4b8b-aa07-209fd65db586_d,46.42102,30.71726,367,
0fcaf8ea-a11a-4b8b-aa07-209fd65db586_d,46.42149,30.71788,369,
0fcaf8ea-a11a-4b8b-aa07-209fd65db586_d,46.4219,30.7184,371,
0fcaf8ea-a11a-4b8b-aa07-209fd65db586_d,46.42214,30.7187,373,
0fcaf8ea-a11a-4b8b-aa07-209fd65db586_d,46.42216,30.71874,375,
0fcaf8ea-a11a-4b8b-aa07-209fd65db586_d,46.42225,30.71887,377,
0fcaf8ea-a11a-4b8b-aa07-209fd65db586_d,46.42257,30.71929,379,
0fcaf8ea-a11a-4b8b-aa07-209fd65db586_d,46.42251,30.71938,381,
0fcaf8ea-a11a-4b8b-aa07-209fd65db586_d,46.422501,30.719376,383,
0fcaf8ea-a11a-4b8b-aa07-209fd65db586_d,46.4225,30.71938,388,
0fcaf8ea-a11a-4b8b-aa07-209fd65db586_d,46.42256,30.71929,390,
0fcaf8ea-a11a-4b8b-aa07-209fd65db586_d,46.42292,30.71977,392,
0fcaf8ea-a11a-4b8b-aa07-209fd65db586_d,46.42365,30.72076,394,
0fcaf8ea-a11a-4b8b-aa07-209fd65db586_d,46.42376,30.72088,396,
0fcaf8ea-a11a-4b8b-aa07-209fd65db586_d,46.42389,30.72103,398,
0fcaf8ea-a11a-4b8b-aa07-209fd65db586_d,46.42397,30.72116,400,
0fcaf8ea-a11a-4b8b-aa07-209fd65db586_d,46.42423,30.72151,402,
0fcaf8ea-a11a-4b8b-aa07-209fd65db586_d,46.42453,30.72189,404,
0fcaf8ea-a11a-4b8b-aa07-209fd65db586_d,46.42457,30.72198,406,
0fcaf8ea-a11a-4b8b-aa07-209fd65db586_d,46.42513,30.72277,408,
0fcaf8ea-a11a-4b8b-aa07-209fd65db586_d,46.42514,30.72278,410,
0fcaf8ea-a11a-4b8b-aa07-209fd65db586_d,46.4251,30.72284,412,
0fcaf8ea-a11a-4b8b-aa07-209fd65db586_d,46.424820278266694,30.722451210021976,414,
0fcaf8ea-a11a-4b8b-aa07-209fd65db586_d,46.4251,30.72284,419,
0fcaf8ea-a11a-4b8b-aa07-209fd65db586_d,46.42514,30.72278,421,
0fcaf8ea-a11a-4b8b-aa07-209fd65db586_d,46.42522,30.72288,423,
0fcaf8ea-a11a-4b8b-aa07-209fd65db586_d,46.42539,30.72307,425,
0fcaf8ea-a11a-4b8b-aa07-209fd65db586_d,46.42545,30.72316,427,
0fcaf8ea-a11a-4b8b-aa07-209fd65db586_d,46.42555,30.72336,429,
0fcaf8ea-a11a-4b8b-aa07-209fd65db586_d,46.42572,30.72379,431,
0fcaf8ea-a11a-4b8b-aa07-209fd65db586_d,46.4258,30.72391,433,
0fcaf8ea-a11a-4b8b-aa07-209fd65db586_d,46.42586,30.72404,435,
0fcaf8ea-a11a-4b8b-aa07-209fd65db586_d,46.42685,30.72535,437,
0fcaf8ea-a11a-4b8b-aa07-209fd65db586_d,46.42848,30.72758,439,
0fcaf8ea-a11a-4b8b-aa07-209fd65db586_d,46.42921,30.7285,441,
0fcaf8ea-a11a-4b8b-aa07-209fd65db586_d,46.42935,30.72874,443,
0fcaf8ea-a11a-4b8b-aa07-209fd65db586_d,46.42942,30.72886,445,
0fcaf8ea-a11a-4b8b-aa07-209fd65db586_d,46.42952,30.72898,447,
0fcaf8ea-a11a-4b8b-aa07-209fd65db586_d,46.42965,30.72911,449,
0fcaf8ea-a11a-4b8b-aa07-209fd65db586_d,46.42977,30.72921,451,
0fcaf8ea-a11a-4b8b-aa07-209fd65db586_d,46.42988,30.72921,453,
0fcaf8ea-a11a-4b8b-aa07-209fd65db586_d,46.42999,30.72911,455,
0fcaf8ea-a11a-4b8b-aa07-209fd65db586_d,46.43008,30.72899,457,
0fcaf8ea-a11a-4b8b-aa07-209fd65db586_d,46.43012,30.72886,459,
0fcaf8ea-a11a-4b8b-aa07-209fd65db586_d,46.4302,30.72873,461,
0fcaf8ea-a11a-4b8b-aa07-209fd65db586_d,46.43029,30.72866,463,
0fcaf8ea-a11a-4b8b-aa07-209fd65db586_d,46.43056,30.72854,465,
0fcaf8ea-a11a-4b8b-aa07-209fd65db586_d,46.43061,30.72852,467,
0fcaf8ea-a11a-4b8b-aa07-209fd65db586_d,46.43064,30.72866,469,
0fcaf8ea-a11a-4b8b-aa07-209fd65db586_d,46.43066976425814,30.72858810424805,471,
0fcaf8ea-a11a-4b8b-aa07-209fd65db586_d,46.43066,30.72867,476,
0fcaf8ea-a11a-4b8b-aa07-209fd65db586_d,46.43063,30.72853,478,
0fcaf8ea-a11a-4b8b-aa07-209fd65db586_d,46.43097,30.72842,480,
0fcaf8ea-a11a-4b8b-aa07-209fd65db586_d,46.43108,30.7284,482,
0fcaf8ea-a11a-4b8b-aa07-209fd65db586_d,46.43151,30.72822,484,
0fcaf8ea-a11a-4b8b-aa07-209fd65db586_d,46.43234,30.72794,486,
0fcaf8ea-a11a-4b8b-aa07-209fd65db586_d,46.43249,30.7279,488,
0fcaf8ea-a11a-4b8b-aa07-209fd65db586_d,46.43342,30.72756,490,
0fcaf8ea-a11a-4b8b-aa07-209fd65db586_d,46.4335,30.72754,492,
0fcaf8ea-a11a-4b8b-aa07-209fd65db586_d,46.43423,30.7273,494,
0fcaf8ea-a11a-4b8b-aa07-209fd65db586_d,46.43433,30.72727,496,
0fcaf8ea-a11a-4b8b-aa07-209fd65db586_d,46.43434,30.72736,498,
0fcaf8ea-a11a-4b8b-aa07-209fd65db586_d,46.434341,30.727358,500,
0fcaf8ea-a11a-4b8b-aa07-209fd65db586_d,46.43434,30.72736,505,
0fcaf8ea-a11a-4b8b-aa07-209fd65db586_d,46.43433,30.72727,507,
0fcaf8ea-a11a-4b8b-aa07-209fd65db586_d,46.435,30.72706,509,
0fcaf8ea-a11a-4b8b-aa07-209fd65db586_d,46.43507,30.72706,511,
0fcaf8ea-a11a-4b8b-aa07-209fd65db586_d,46.43636,30.72668,513,
0fcaf8ea-a11a-4b8b-aa07-209fd65db586_d,46.43661,30.72661,515,
0fcaf8ea-a11a-4b8b-aa07-209fd65db586_d,46.43747,30.72637,517,
0fcaf8ea-a11a-4b8b-aa07-209fd65db586_d,46.43757,30.72635,519,
0fcaf8ea-a11a-4b8b-aa07-209fd65db586_d,46.43757,30.72652,521,
0fcaf8ea-a11a-4b8b-aa07-209fd65db586_d,46.43754,30.72666,523,
0fcaf8ea-a11a-4b8b-aa07-209fd65db586_d,46.43752,30.72682,525,
0fcaf8ea-a11a-4b8b-aa07-209fd65db586_d,46.43753,30.72708,527,
0fcaf8ea-a11a-4b8b-aa07-209fd65db586_d,46.43745,30.72707,529,
0fcaf8ea-a11a-4b8b-aa07-209fd65db586_d,46.43750569409824,30.726909041404728,531,
0fcaf8ea-a11a-4b8b-aa07-209fd65db586_d,46.43745,30.72706,536,
0fcaf8ea-a11a-4b8b-aa07-209fd65db586_d,46.43753,30.72707,538,
0fcaf8ea-a11a-4b8b-aa07-209fd65db586_d,46.43743,30.7282,540,
0fcaf8ea-a11a-4b8b-aa07-209fd65db586_d,46.43734,30.7291,542,
0fcaf8ea-a11a-4b8b-aa07-209fd65db586_d,46.4373,30.72953,544,
0fcaf8ea-a11a-4b8b-aa07-209fd65db586_d,46.43719,30.73073,546,
0fcaf8ea-a11a-4b8b-aa07-209fd65db586_d,46.43713,30.73148,548,
0fcaf8ea-a11a-4b8b-aa07-209fd65db586_d,46.43713,30.73153,550,
0fcaf8ea-a11a-4b8b-aa07-209fd65db586_d,46.43706,30.73152,552,
0fcaf8ea-a11a-4b8b-aa07-209fd65db586_d,46.43708424999919,30.731441974639893,554,
0fcaf8ea-a11a-4b8b-aa07-209fd65db586_d,46.43706,30.73152,559,
0fcaf8ea-a11a-4b8b-aa07-209fd65db586_d,46.43713,30.73153,561,
0fcaf8ea-a11a-4b8b-aa07-209fd65db586_d,46.437,30.73284,563,
0fcaf8ea-a11a-4b8b-aa07-209fd65db586_d,46.43677,30.7346,565,
0fcaf8ea-a11a-4b8b-aa07-209fd65db586_d,46.43658,30.73622,567,
0fcaf8ea-a11a-4b8b-aa07-209fd65db586_d,46.43655,30.73696,569,
0fcaf8ea-a11a-4b8b-aa07-209fd65db586_d,46.43657777339239,30.736924409866337,571,
0fcaf8ea-a11a-4b8b-aa07-209fd65db586_d,46.43655,30.73696,576,
0fcaf8ea-a11a-4b8b-aa07-209fd65db586_d,46.43653,30.73727,578,
0fcaf8ea-a11a-4b8b-aa07-209fd65db586_d,46.4364,30.73884,580,
0fcaf8ea-a11a-4b8b-aa07-209fd65db586_d,46.43624,30.7405,582,
0fcaf8ea-a11a-4b8b-aa07-209fd65db586_d,46.43613,30.74141,584,
0fcaf8ea-a11a-4b8b-aa07-209fd65db586_d,46.43612,30.74164,586,
0fcaf8ea-a11a-4b8b-aa07-209fd65db586_d,46.43616,30.74186,588,
0fcaf8ea-a11a-4b8b-aa07-209fd65db586_d,46.4362117764181,30.74182748794556,590,
0fcaf8ea-a11a-4b8b-aa07-209fd65db586_d,46.43616,30.74186,595,
0fcaf8ea-a11a-4b8b-aa07-209fd65db586_d,46.43641,30.74243,597,
0fcaf8ea-a11a-4b8b-aa07-209fd65db586_d,46.43685,30.74354,599,
0fcaf8ea-a11a-4b8b-aa07-209fd65db586_d,46.43724,30.74455,601,
0fcaf8ea-a11a-4b8b-aa07-209fd65db586_d,46.43767,30.74561,603,
0fcaf8ea-a11a-4b8b-aa07-209fd65db586_d,46.43776,30.74584,605,
0fcaf8ea-a11a-4b8b-aa07-209fd65db586_d,46.4378,30.746,607,
0fcaf8ea-a11a-4b8b-aa07-209fd65db586_d,46.43794,30.74653,609,
0fcaf8ea-a11a-4b8b-aa07-209fd65db586_d,46.43794,30.74678,611,
0fcaf8ea-a11a-4b8b-aa07-209fd65db586_d,46.437934,30.746774,613,
0fcaf8ea-a11a-4b8b-aa07-209fd65db586_d,46.43793,30.74677,618,
0fcaf8ea-a11a-4b8b-aa07-209fd65db586_d,46.43802,30.74693,620,
0fcaf8ea-a11a-4b8b-aa07-209fd65db586_d,46.43809,30.74715,622,
0fcaf8ea-a11a-4b8b-aa07-209fd65db586_d,46.43822,30.74775,624,
0fcaf8ea-a11a-4b8b-aa07-209fd65db586_d,46.43839,30.74857,626,
0fcaf8ea-a11a-4b8b-aa07-209fd65db586_d,46.43852,30.74912,628,
0fcaf8ea-a11a-4b8b-aa07-209fd65db586_d,46.43865,30.74993,630,
0fcaf8ea-a11a-4b8b-aa07-209fd65db586_d,46.43873,30.75026,632,
0fcaf8ea-a11a-4b8b-aa07-209fd65db586_d,46.43881,30.7506,634,
0fcaf8ea-a11a-4b8b-aa07-209fd65db586_d,46.43903,30.75152,636,
0fcaf8ea-a11a-4b8b-aa07-209fd65db586_d,46.43934,30.75282,638,
0fcaf8ea-a11a-4b8b-aa07-209fd65db586_d,46.43946,30.75344,640,
0fcaf8ea-a11a-4b8b-aa07-209fd65db586_d,46.43957,30.75378,642,
0fcaf8ea-a11a-4b8b-aa07-209fd65db586_d,46.4395,30.75381,644,
0fcaf8ea-a11a-4b8b-aa07-209fd65db586_d,46.43954632468552,30.75380623340607,646,
0fcaf8ea-a11a-4b8b-aa07-209fd65db586_d,46.43951,30.75382,651,
0fcaf8ea-a11a-4b8b-aa07-209fd65db586_d,46.43958,30.75379,653,
0fcaf8ea-a11a-4b8b-aa07-209fd65db586_d,46.43958,30.7538,655,
0fcaf8ea-a11a-4b8b-aa07-209fd65db586_d,46.43977,30.75471,657,
0fcaf8ea-a11a-4b8b-aa07-209fd65db586_d,46.43981,30.75489,659,
0fcaf8ea-a11a-4b8b-aa07-209fd65db586_d,46.43996,30.75559,661,
0fcaf8ea-a11a-4b8b-aa07-209fd65db586_d,46.44001,30.75573,663,
0fcaf8ea-a11a-4b8b-aa07-209fd65db586_d,46.44003,30.7558,665,
0fcaf8ea-a11a-4b8b-aa07-209fd65db586_d,46.44006,30.75593,667,
0fcaf8ea-a11a-4b8b-aa07-209fd65db586_d,46.44006,30.75603,669,
0fcaf8ea-a11a-4b8b-aa07-209fd65db586_d,46.44003,30.75612,671,
0fcaf8ea-a11a-4b8b-aa07-209fd65db586_d,46.43999,30.75618,673,
0fcaf8ea-a11a-4b8b-aa07-209fd65db586_d,46.43997,30.75623,675,
0fcaf8ea-a11a-4b8b-aa07-209fd65db586_d,46.43995,30.75625,677,
0fcaf8ea-a11a-4b8b-aa07-209fd65db586_d,46.43991,30.75629,679,
0fcaf8ea-a11a-4b8b-aa07-209fd65db586_d,46.4398,30.75635,681,
0fcaf8ea-a11a-4b8b-aa07-209fd65db586_d,46.43976,30.75635,683,
0fcaf8ea-a11a-4b8b-aa07-209fd65db586_d,46.43969,30.75635,685,
0fcaf8ea-a11a-4b8b-aa07-209fd65db586_d,46.43963,30.75638,687,
0fcaf8ea-a11a-4b8b-aa07-209fd65db586_d,46.43956,30.75642,689,
0fcaf8ea-a11a-4b8b-aa07-209fd65db586_d,46.43952,30.75648,691,
0fcaf8ea-a11a-4b8b-aa07-209fd65db586_d,46.43948,30.75655,693,
0fcaf8ea-a11a-4b8b-aa07-209fd65db586_d,46.43943,30.75663,695,
0fcaf8ea-a11a-4b8b-aa07-209fd65db586_d,46.43943,30.75672,697,
0fcaf8ea-a11a-4b8b-aa07-209fd65db586_d,46.43941,30.75683,699,
0fcaf8ea-a11a-4b8b-aa07-209fd65db586_d,46.43941,30.75691,701,
0fcaf8ea-a11a-4b8b-aa07-209fd65db586_d,46.43943,30.75702,703,
0fcaf8ea-a11a-4b8b-aa07-209fd65db586_d,46.43948,30.75708,705,
0fcaf8ea-a11a-4b8b-aa07-209fd65db586_d,46.43952,30.75717,707,
0fcaf8ea-a11a-4b8b-aa07-209fd65db586_d,46.43956,30.75723,709,
0fcaf8ea-a11a-4b8b-aa07-209fd65db586_d,46.43963,30.75728,711,
0fcaf8ea-a11a-4b8b-aa07-209fd65db586_d,46.43971,30.7573,713,
0fcaf8ea-a11a-4b8b-aa07-209fd65db586_d,46.44023,30.75741,715,
0fcaf8ea-a11a-4b8b-aa07-209fd65db586_d,46.44038,30.75741,717,
0fcaf8ea-a11a-4b8b-aa07-209fd65db586_d,46.44047,30.75735,719,
0fcaf8ea-a11a-4b8b-aa07-209fd65db586_d,46.44063,30.75726,721,
0fcaf8ea-a11a-4b8b-aa07-209fd65db586_d,46.44072,30.75723,723,
0fcaf8ea-a11a-4b8b-aa07-209fd65db586_d,46.44079,30.75719,725,
0fcaf8ea-a11a-4b8b-aa07-209fd65db586_d,46.44089,30.75717,727,
0fcaf8ea-a11a-4b8b-aa07-209fd65db586_d,46.44096,30.75715,729,
0fcaf8ea-a11a-4b8b-aa07-209fd65db586_d,46.44112,30.75719,731,
0fcaf8ea-a11a-4b8b-aa07-209fd65db586_d,46.44111,30.75727,733,
0fcaf8ea-a11a-4b8b-aa07-209fd65db586_d,46.44111741029474,30.757250189781193,735,
0fcaf8ea-a11a-4b8b-aa07-209fd65db586_d,46.44111,30.75727,740,
0fcaf8ea-a11a-4b8b-aa07-209fd65db586_d,46.44112,30.75719,742,
0fcaf8ea-a11a-4b8b-aa07-209fd65db586_d,46.44113,30.75719,744,
0fcaf8ea-a11a-4b8b-aa07-209fd65db586_d,46.44197,30.75741,746,
0fcaf8ea-a11a-4b8b-aa07-209fd65db586_d,46.44394,30.75794,748,
0fcaf8ea-a11a-4b8b-aa07-209fd65db586_d,46.44445,30.75809,750,
0fcaf8ea-a11a-4b8b-aa07-209fd65db586_d,46.44525,30.75833,752,
0fcaf8ea-a11a-4b8b-aa07-209fd65db586_d,46.44581,30.75846,754,
0fcaf8ea-a11a-4b8b-aa07-209fd65db586_d,46.44589,30.75848,756,
0fcaf8ea-a11a-4b8b-aa07-209fd65db586_d,46.44596,30.75846,758,
0fcaf8ea-a11a-4b8b-aa07-209fd65db586_d,46.44602,30.75841,760,
0fcaf8ea-a11a-4b8b-aa07-209fd65db586_d,46.44611,30.75837,762,
0fcaf8ea-a11a-4b8b-aa07-209fd65db586_d,46.44621,30.75831,764,
0fcaf8ea-a11a-4b8b-aa07-209fd65db586_d,46.44634,30.75822,766,
0fcaf8ea-a11a-4b8b-aa07-209fd65db586_d,46.44645,30.75814,768,
0fcaf8ea-a11a-4b8b-aa07-209fd65db586_d,46.44664,30.75801,770,
0fcaf8ea-a11a-4b8b-aa07-209fd65db586_d,46.4467,30.75797,772,
0fcaf8ea-a11a-4b8b-aa07-209fd65db586_d,46.44674,30.75808,774,
0fcaf8ea-a11a-4b8b-aa07-209fd65db586_d,46.44673228478528,30.7580441236496,776,
0fcaf8ea-a11a-4b8b-aa07-209fd65db586_d,46.44673,30.75808,781,
0fcaf8ea-a11a-4b8b-aa07-209fd65db586_d,46.44669,30.75797,783,
0fcaf8ea-a11a-4b8b-aa07-209fd65db586_d,46.44861,30.75661,785,
0fcaf8ea-a11a-4b8b-aa07-209fd65db586_d,46.44955,30.75597,787,
0fcaf8ea-a11a-4b8b-aa07-209fd65db586_d,46.45022,30.75552,789,
0fcaf8ea-a11a-4b8b-aa07-209fd65db586_d,46.4503,30.75545,791,
0fcaf8ea-a11a-4b8b-aa07-209fd65db586_d,46.45077,30.75513,793,
0fcaf8ea-a11a-4b8b-aa07-209fd65db586_d,46.45082,30.75511,795,
0fcaf8ea-a11a-4b8b-aa07-209fd65db586_d,46.45112,30.7549,797,
0fcaf8ea-a11a-4b8b-aa07-209fd65db586_d,46.4515,30.75462,799,
0fcaf8ea-a11a-4b8b-aa07-209fd65db586_d,46.45152,30.75461,801,
0fcaf8ea-a11a-4b8b-aa07-209fd65db586_d,46.45155,30.75471,803,
0fcaf8ea-a11a-4b8b-aa07-209fd65db586_d,46.451522398278016,30.754664540290836,805,
0fcaf8ea-a11a-4b8b-aa07-209fd65db586_d,46.45155,30.75471,810,
0fcaf8ea-a11a-4b8b-aa07-209fd65db586_d,46.45152,30.75461,812,
0fcaf8ea-a11a-4b8b-aa07-209fd65db586_d,46.45161,30.75455,814,
0fcaf8ea-a11a-4b8b-aa07-209fd65db586_d,46.45241,30.75399,816,
0fcaf8ea-a11a-4b8b-aa07-209fd65db586_d,46.45277,30.75372,818,
0fcaf8ea-a11a-4b8b-aa07-209fd65db586_d,46.45298,30.75359,820,
0fcaf8ea-a11a-4b8b-aa07-209fd65db586_d,46.45324,30.75339,822,
0fcaf8ea-a11a-4b8b-aa07-209fd65db586_d,46.45359,30.75314,824,
0fcaf8ea-a11a-4b8b-aa07-209fd65db586_d,46.45378,30.75301,826,
0fcaf8ea-a11a-4b8b-aa07-209fd65db586_d,46.45389,30.75292,828,
0fcaf8ea-a11a-4b8b-aa07-209fd65db586_d,46.45405,30.75281,830,
0fcaf8ea-a11a-4b8b-aa07-209fd65db586_d,46.45407,30.75286,832,
0fcaf8ea-a11a-4b8b-aa07-209fd65db586_d,46.454071,30.752865,834,
0fcaf8ea-a11a-4b8b-aa07-209fd65db586_d,46.45407,30.75287,839,
0fcaf8ea-a11a-4b8b-aa07-209fd65db586_d,46.45405,30.75282,841,
0fcaf8ea-a11a-4b8b-aa07-209fd65db586_d,46.45414,30.75276,843,
0fcaf8ea-a11a-4b8b-aa07-209fd65db586_d,46.45464,30.75242,845,
0fcaf8ea-a11a-4b8b-aa07-209fd65db586_d,46.4547,30.75235,847,
0fcaf8ea-a11a-4b8b-aa07-209fd65db586_d,46.45584,30.75156,849,
0fcaf8ea-a11a-4b8b-aa07-209fd65db586_d,46.45642,30.75113,851,
0fcaf8ea-a11a-4b8b-aa07-209fd65db586_d,46.45697,30.75071,853,
0fcaf8ea-a11a-4b8b-aa07-209fd65db586_d,46.4573,30.75048,855,
0fcaf8ea-a11a-4b8b-aa07-209fd65db586_d,46.45754,30.7503,857,
0fcaf8ea-a11a-4b8b-aa07-209fd65db586_d,46.45758,30.75042,859,
0fcaf8ea-a11a-4b8b-aa07-209fd65db586_d,46.45758,30.750412,861,
0fcaf8ea-a11a-4b8b-aa07-209fd65db586_d,46.45758,30.75041,866,
0fcaf8ea-a11a-4b8b-aa07-209fd65db586_d,46.45754,30.75029,868,
0fcaf8ea-a11a-4b8b-aa07-209fd65db586_d,46.45803,30.74992,870,
0fcaf8ea-a11a-4b8b-aa07-209fd65db586_d,46.45816,30.74983,872,
0fcaf8ea-a11a-4b8b-aa07-209fd65db586_d,46.45826,30.74977,874,
0fcaf8ea-a11a-4b8b-aa07-209fd65db586_d,46.45835,30.74975,876,
0fcaf8ea-a11a-4b8b-aa07-209fd65db586_d,46.45839,30.74972,878,
0fcaf8ea-a11a-4b8b-aa07-209fd65db586_d,46.45844,30.7497,880,
0fcaf8ea-a11a-4b8b-aa07-209fd65db586_d,46.45914,30.74979,882,
0fcaf8ea-a11a-4b8b-aa07-209fd65db586_d,46.45981,30.74987,884,
0fcaf8ea-a11a-4b8b-aa07-209fd65db586_d,46.46007,30.74992,886,
0fcaf8ea-a11a-4b8b-aa07-209fd65db586_d,46.46028,30.74994,888,
0fcaf8ea-a11a-4b8b-aa07-209fd65db586_d,46.46039,30.74996,890,
0fcaf8ea-a11a-4b8b-aa07-209fd65db586_d,46.46071,30.75,892,
0fcaf8ea-a11a-4b8b-aa07-209fd65db586_d,46.46092,30.75005,894,
0fcaf8ea-a11a-4b8b-aa07-209fd65db586_d,46.46096,30.75006,896,
0fcaf8ea-a11a-4b8b-aa07-209fd65db586_d,46.46095,30.75021,898,
0fcaf8ea-a11a-4b8b-aa07-209fd65db586_d,46.46095,30.750207,900,
0fcaf8ea-a11a-4b8b-aa07-209fd65db586_d,46.46095,30.75021,905,
0fcaf8ea-a11a-4b8b-aa07-209fd65db586_d,46.46096,30.75006,907,
0fcaf8ea-a11a-4b8b-aa07-209fd65db586_d,46.46105,30.75007,909,
0fcaf8ea-a11a-4b8b-aa07-209fd65db586_d,46.46185,30.75017,911,
0fcaf8ea-a11a-4b8b-aa07-209fd65db586_d,46.46202,30.75017,913,
0fcaf8ea-a11a-4b8b-aa07-209fd65db586_d,46.46215,30.75015,915,
0fcaf8ea-a11a-4b8b-aa07-209fd65db586_d,46.46221,30.75015,917,
0fcaf8ea-a11a-4b8b-aa07-209fd65db586_d,46.46311,30.75028,919,
0fcaf8ea-a11a-4b8b-aa07-209fd65db586_d,46.4631,30.75051,921,
0fcaf8ea-a11a-4b8b-aa07-209fd65db586_d,46.463118937512256,30.750378370285038,923,
0fcaf8ea-a11a-4b8b-aa07-209fd65db586_d,46.4631,30.75051,928,
0fcaf8ea-a11a-4b8b-aa07-209fd65db586_d,46.46311,30.75028,930,
0fcaf8ea-a11a-4b8b-aa07-209fd65db586_d,46.46322,30.7503,932,
0fcaf8ea-a11a-4b8b-aa07-209fd65db586_d,46.46404,30.75043,934,
0fcaf8ea-a11a-4b8b-aa07-209fd65db586_d,46.46412,30.7504,936,
0fcaf8ea-a11a-4b8b-aa07-209fd65db586_d,46.46418,30.74922,938,
0fcaf8ea-a11a-4b8b-aa07-209fd65db586_d,46.46421,30.74875,940,
0fcaf8ea-a11a-4b8b-aa07-209fd65db586_d,46.46494,30.74881,942,
0fcaf8ea-a11a-4b8b-aa07-209fd65db586_d,46.46518,30.74884,944,
0fcaf8ea-a11a-4b8b-aa07-209fd65db586_d,46.46627,30.74895,946,
0fcaf8ea-a11a-4b8b-aa07-209fd65db586_d,46.46706,30.74906,948,
0fcaf8ea-a11a-4b8b-aa07-209fd65db586_d,46.46706,30.74911,950,
0fcaf8ea-a11a-4b8b-aa07-209fd65db586_d,46.467056,30.749112,952,
0fcaf8ea-a11a-4b8b-aa07-209fd65db586_d,46.46706,30.74911,957,
0fcaf8ea-a11a-4b8b-aa07-209fd65db586_d,46.46706,30.74906,959,
0fcaf8ea-a11a-4b8b-aa07-209fd65db586_d,46.46731,30.74907,961,
0fcaf8ea-a11a-4b8b-aa07-209fd65db586_d,46.46775,30.74912,963,
0fcaf8ea-a11a-4b8b-aa07-209fd65db586_d,46.46777,30.74905,965,
0fcaf8ea-a11a-4b8b-aa07-209fd65db586_d,46.46777,30.74803,967,
0fcaf8ea-a11a-4b8b-aa07-209fd65db586_d,46.46777,30.74695,969,
0fcaf8ea-a11a-4b8b-aa07-209fd65db586_d,46.46777,30.74639,971,
0fcaf8ea-a11a-4b8b-aa07-209fd65db586_d,46.46778,30.74581,973,
0fcaf8ea-a11a-4b8b-aa07-209fd65db586_d,46.46781,30.74546,975,
0fcaf8ea-a11a-4b8b-aa07-209fd65db586_d,46.46781,30.74545,977,
0fcaf8ea-a11a-4b8b-aa07-209fd65db586_d,46.46785,30.74545,979,
0fcaf8ea-a11a-4b8b-aa07-209fd65db586_d,46.467854,30.745441,981,
0fcaf8ea-a11a-4b8b-aa07-209fd65db586_d,46.46785,30.74544,986,
0fcaf8ea-a11a-4b8b-aa07-209fd65db586_d,46.46781,30.74544,988,
0fcaf8ea-a11a-4b8b-aa07-209fd65db586_d,46.4678,30.74527,990,
0fcaf8ea-a11a-4b8b-aa07-209fd65db586_d,46.46783,30.74504,992,
0fcaf8ea-a11a-4b8b-aa07-209fd65db586_d,46.46792,30.74479,994,
0fcaf8ea-a11a-4b8b-aa07-209fd65db586_d,46.468,30.74457,996,
0fcaf8ea-a11a-4b8b-aa07-209fd65db586_d,46.46808,30.74433,998,
0fcaf8ea-a11a-4b8b-aa07-209fd65db586_d,46.46811,30.74408,1000,
0fcaf8ea-a11a-4b8b-aa07-209fd65db586_d,46.46821,30.74252,1002,
0fcaf8ea-a11a-4b8b-aa07-209fd65db586_d,46.46822,30.74241,1004,
0fcaf8ea-a11a-4b8b-aa07-209fd65db586_d,46.46826,30.74202,1006,
0fcaf8ea-a11a-4b8b-aa07-209fd65db586_d,46.46829,30.74157,1008,
0fcaf8ea-a11a-4b8b-aa07-209fd65db586_d,46.46834,30.74141,1010,
0fcaf8ea-a11a-4b8b-aa07-209fd65db586_d,46.46841,30.74133,1012,
0fcaf8ea-a11a-4b8b-aa07-209fd65db586_d,46.46848,30.74131,1014,
0fcaf8ea-a11a-4b8b-aa07-209fd65db586_d,46.46856,30.74129,1016,
0fcaf8ea-a11a-4b8b-aa07-209fd65db586_d,46.46862,30.7413,1018,
0fcaf8ea-a11a-4b8b-aa07-209fd65db586_d,46.46873,30.74135,1020,
0fcaf8ea-a11a-4b8b-aa07-209fd65db586_d,46.46882,30.74144,1022,
0fcaf8ea-a11a-4b8b-aa07-209fd65db586_d,46.46879065997577,30.741435885429386,1024,
0fcaf8ea-a11a-4b8b-aa07-209fd65db586_d,46.46881,30.74148,1029,
0fcaf8ea-a11a-4b8b-aa07-209fd65db586_d,46.46901,30.74133,1031,
0fcaf8ea-a11a-4b8b-aa07-209fd65db586_d,46.46914,30.74125,1033,
0fcaf8ea-a11a-4b8b-aa07-209fd65db586_d,46.46921,30.7411,1035,
0fcaf8ea-a11a-4b8b-aa07-209fd65db586_d,46.46927,30.74089,1037,
0fcaf8ea-a11a-4b8b-aa07-209fd65db586_d,46.46946,30.7409,1039,
0fcaf8ea-a11a-4b8b-aa07-209fd65db586_d,46.46968,30.74093,1041,
0fcaf8ea-a11a-4b8b-aa07-209fd65db586_d,46.47022,30.74099,1043,
0fcaf8ea-a11a-4b8b-aa07-209fd65db586_d,46.47047,30.74103,1045,
0fcaf8ea-a11a-4b8b-aa07-209fd65db586_d,46.47107,30.74112,1047,
0fcaf8ea-a11a-4b8b-aa07-209fd65db586_d,46.47148,30.74118,1049,
0fcaf8ea-a11a-4b8b-aa07-209fd65db586_d,46.47167,30.74121,1051,
0fcaf8ea-a11a-4b8b-aa07-209fd65db586_d,46.47167,30.74131,1053,
0fcaf8ea-a11a-4b8b-aa07-209fd65db586_d,46.4717,30.74131,1055,
0fcaf8ea-a11a-4b8b-aa07-209fd65db586_d,46.471698,30.741313,1057,
0fcaf8ea-a11a-4b8b-aa07-209fd65db586_d,46.4717,30.74131,1062,
0fcaf8ea-a11a-4b8b-aa07-209fd65db586_d,46.47167,30.74131,1064,
0fcaf8ea-a11a-4b8b-aa07-209fd65db586_d,46.47167,30.74121,1066,
0fcaf8ea-a11a-4b8b-aa07-209fd65db586_d,46.4724,30.74131,1068,
0fcaf8ea-a11a-4b8b-aa07-209fd65db586_d,46.47251,30.74131,1070,
0fcaf8ea-a11a-4b8b-aa07-209fd65db586_d,46.47258,30.74133,1072,
0fcaf8ea-a11a-4b8b-aa07-209fd65db586_d,46.47275,30.74136,1074,
0fcaf8ea-a11a-4b8b-aa07-209fd65db586_d,46.473,30.7414,1076,
0fcaf8ea-a11a-4b8b-aa07-209fd65db586_d,46.47324,30.74144,1078,
0fcaf8ea-a11a-4b8b-aa07-209fd65db586_d,46.47331,30.74144,1080,
0fcaf8ea-a11a-4b8b-aa07-209fd65db586_d,46.47358,30.74148,1082,
0fcaf8ea-a11a-4b8b-aa07-209fd65db586_d,46.47397,30.74155,1084,
0fcaf8ea-a11a-4b8b-aa07-209fd65db586_d,46.47455,30.74163,1086,
0fcaf8ea-a11a-4b8b-aa07-209fd65db586_d,46.47532,30.74174,1088,
0fcaf8ea-a11a-4b8b-aa07-209fd65db586_d,46.47537,30.74176,1090,
0fcaf8ea-a11a-4b8b-aa07-209fd65db586_d,46.47547,30.74178,1092,
0fcaf8ea-a11a-4b8b-aa07-209fd65db586_d,46.47596,30.74185,1094,
0fcaf8ea-a11a-4b8b-aa07-209fd65db586_d,46.47595,30.74192,1096,
0fcaf8ea-a11a-4b8b-aa07-209fd65db586_d,46.475952,30.741922,1098,
0fcaf8ea-a11a-4b8b-aa07-209fd65db586_d,46.47595,30.74192,1103,
0fcaf8ea-a11a-4b8b-aa07-209fd65db586_d,46.47596,30.74185,1105,
0fcaf8ea-a11a-4b8b-aa07-209fd65db586_d,46.47599,30.74185,1107,
0fcaf8ea-a11a-4b8b-aa07-209fd65db586_d,46.47655,30.74196,1109,
0fcaf8ea-a11a-4b8b-aa07-209fd65db586_d,46.47689,30.742,1111,
0fcaf8ea-a11a-4b8b-aa07-209fd65db586_d,46.47798,30.74217,1113,
0fcaf8ea-a11a-4b8b-aa07-209fd65db586_d,46.47867,30.74228,1115,
0fcaf8ea-a11a-4b8b-aa07-209fd65db586_d,46.47944,30.74241,1117,
0fcaf8ea-a11a-4b8b-aa07-209fd65db586_d,46.47961,30.74243,1119,
0fcaf8ea-a11a-4b8b-aa07-209fd65db586_d,46.47985,30.74247,1121,
0fcaf8ea-a11a-4b8b-aa07-209fd65db586_d,46.47984,30.74252,1123,
0fcaf8ea-a11a-4b8b-aa07-209fd65db586_d,46.479843,30.742517,1125,
0fcaf8ea-a11a-4b8b-aa07-209fd65db586_d,46.47984,30.74252,1130,
0fcaf8ea-a11a-4b8b-aa07-209fd65db586_d,46.47985,30.74247,1132,
0fcaf8ea-a11a-4b8b-aa07-209fd65db586_d,46.48039,30.74256,1134,
0fcaf8ea-a11a-4b8b-aa07-209fd65db586_d,46.48058,30.74258,1136,
0fcaf8ea-a11a-4b8b-aa07-209fd65db586_d,46.48092,30.74262,1138,
0fcaf8ea-a11a-4b8b-aa07-209fd65db586_d,46.48129,30.74269,1140,
0fcaf8ea-a11a-4b8b-aa07-209fd65db586_d,46.48161,30.74273,1142,
0fcaf8ea-a11a-4b8b-aa07-209fd65db586_d,46.48182,30.74277,1144,
0fcaf8ea-a11a-4b8b-aa07-209fd65db586_d,46.48223,30.74284,1146,
0fcaf8ea-a11a-4b8b-aa07-209fd65db586_d,46.48236,30.74284,1148,
0fcaf8ea-a11a-4b8b-aa07-209fd65db586_d,46.48242,30.74198,1150,
0fcaf8ea-a11a-4b8b-aa07-209fd65db586_d,46.48245,30.74153,1152,
0fcaf8ea-a11a-4b8b-aa07-209fd65db586_d,46.48247,30.74136,1154,
0fcaf8ea-a11a-4b8b-aa07-209fd65db586_d,46.48247,30.74131,1156,
0fcaf8ea-a11a-4b8b-aa07-209fd65db586_d,46.48251,30.74075,1158,
0fcaf8ea-a11a-4b8b-aa07-209fd65db586_d,46.48242,30.74073,1160,
0fcaf8ea-a11a-4b8b-aa07-209fd65db586_d,46.48223,30.74071,1162,
0fcaf8ea-a11a-4b8b-aa07-209fd65db586_d,46.48191,30.74067,1164,
0fcaf8ea-a11a-4b8b-aa07-209fd65db586_d,46.48193,30.74048,1166,
0fcaf8ea-a11a-4b8b-aa07-209fd65db586_d,46.48202,30.74048,1168,
0fcaf8ea-a11a-4b8b-aa07-209fd65db586_d,46.482022,30.740477,1170,
0fcaf8ea-a11a-4b8b-aa07-209fd65db586_d,46.48202,30.74048,1175,
0fcaf8ea-a11a-4b8b-aa07-209fd65db586_d,46.48193,30.74048,1177,
0fcaf8ea-a11a-4b8b-aa07-209fd65db586_d,46.48191,30.74067,1179,
0fcaf8ea-a11a-4b8b-aa07-209fd65db586_d,46.48146,30.74058,1181,
0fcaf8ea-a11a-4b8b-aa07-209fd65db586_d,46.48107,30.74054,1183,
0fcaf8ea-a11a-4b8b-aa07-209fd65db586_d,46.48064,30.74045,1185,
0fcaf8ea-a11a-4b8b-aa07-209fd65db586_d,46.48061,30.74045,1187,
0fcaf8ea-a11a-4b8b-aa07-209fd65db586_d,46.48063,30.74017,1189,
0fcaf8ea-a11a-4b8b-aa07-209fd65db586_d,46.48061993406714,30.74034690856934,1191,
0fcaf8ea-a11a-4b8b-aa07-209fd65db586_d,46.48063,30.74017,1196,
0fcaf8ea-a11a-4b8b-aa07-209fd65db586_d,46.48061,30.74045,1198,
0fcaf8ea-a11a-4b8b-aa07-209fd65db586_d,46.47955,30.7403,1200,
0fcaf8ea-a11a-4b8b-aa07-209fd65db586_d,46.4794,30.74028,1202,
0fcaf8ea-a11a-4b8b-aa07-209fd65db586_d,46.47884,30.7402,1204,
0fcaf8ea-a11a-4b8b-aa07-209fd65db586_d,46.47859,30.74015,1206,
0fcaf8ea-a11a-4b8b-aa07-209fd65db586_d,46.4786,30.74001,1208,
0fcaf8ea-a11a-4b8b-aa07-209fd65db586_d,46.478601,30.740014,1210,
0fcaf8ea-a11a-4b8b-aa07-209fd65db586_d,46.4786,30.74001,1215,
0fcaf8ea-a11a-4b8b-aa07-209fd65db586_d,46.47859,30.74015,1217,
0fcaf8ea-a11a-4b8b-aa07-209fd65db586_d,46.47846,30.74013,1219,
0fcaf8ea-a11a-4b8b-aa07-209fd65db586_d,46.47678,30.73986,1221,
0fcaf8ea-a11a-4b8b-aa07-209fd65db586_d,46.47685,30.73903,1223,
0fcaf8ea-a11a-4b8b-aa07-209fd65db586_d,46.47685219307398,30.739030782683418,1225,
0fcaf8ea-a11a-4b8b-aa07-209fd65db586_d,46.47685,30.73903,1230,
0fcaf8ea-a11a-4b8b-aa07-209fd65db586_d,46.4774,30.73168,1232,
0fcaf8ea-a11a-4b8b-aa07-209fd65db586_d,46.4777,30.73131,1234,
0fcaf8ea-a11a-4b8b-aa07-209fd65db586_d,46.47781,30.73116,1236,
0fcaf8ea-a11a-4b8b-aa07-209fd65db586_d,46.47787,30.73111,1238,
0fcaf8ea-a11a-4b8b-aa07-209fd65db586_d,46.47791,30.73122,1240,
0fcaf8ea-a11a-4b8b-aa07-209fd65db586_d,46.477911,30.731224,1242,
0fcaf8ea-a11a-4b8b-aa07-209fd65db586_d,46.47791,30.73122,1247,
0fcaf8ea-a11a-4b8b-aa07-209fd65db586_d,46.47787,30.73111,1249,
0fcaf8ea-a11a-4b8b-aa07-209fd65db586_d,46.47788,30.7311,1251,
0fcaf8ea-a11a-4b8b-aa07-209fd65db586_d,46.47824,30.73065,1253,
0fcaf8ea-a11a-4b8b-aa07-209fd65db586_d,46.47841,30.73041,1255,
0fcaf8ea-a11a-4b8b-aa07-209fd65db586_d,46.47843,30.73039,1257,
0fcaf8ea-a11a-4b8b-aa07-209fd65db586_d,46.4785,30.73033,1259,
0fcaf8ea-a11a-4b8b-aa07-209fd65db586_d,46.47856,30.73024,1261,
0fcaf8ea-a11a-4b8b-aa07-209fd65db586_d,46.47865,30.73013,1263,
0fcaf8ea-a11a-4b8b-aa07-209fd65db586_d,46.47873,30.73003,1265,
0fcaf8ea-a11a-4b8b-aa07-209fd65db586_d,46.47895,30.72975,1267,
0fcaf8ea-a11a-4b8b-aa07-209fd65db586_d,46.47897,30.7297,1269,
0fcaf8ea-a11a-4b8b-aa07-209fd65db586_d,46.47918,30.72945,1271,
0fcaf8ea-a11a-4b8b-aa07-209fd65db586_d,46.47933,30.72927,1273,
0fcaf8ea-a11a-4b8b-aa07-209fd65db586_d,46.47987,30.72861,1275,
0fcaf8ea-a11a-4b8b-aa07-209fd65db586_d,46.48002,30.72842,1277,
0fcaf8ea-a11a-4b8b-aa07-209fd65db586_d,46.48026,30.72812,1279,
0fcaf8ea-a11a-4b8b-aa07-209fd65db586_d,46.48047,30.72786,1281,
0fcaf8ea-a11a-4b8b-aa07-209fd65db586_d,46.48069,30.7276,1283,
0fcaf8ea-a11a-4b8b-aa07-209fd65db586_d,46.48073,30.72756,1285,
0fcaf8ea-a11a-4b8b-aa07-209fd65db586_d,46.48092,30.72732,1287,
0fcaf8ea-a11a-4b8b-aa07-209fd65db586_d,46.48097,30.72726,1289,
0fcaf8ea-a11a-4b8b-aa07-209fd65db586_d,46.48099,30.7273,1291,
0fcaf8ea-a11a-4b8b-aa07-209fd65db586_d,46.480992,30.727296,1293,
0fcaf8ea-a11a-4b8b-aa07-209fd65db586_d,46.48099,30.7273,1298,
0fcaf8ea-a11a-4b8b-aa07-209fd65db586_d,46.48097,30.72726,1300,
0fcaf8ea-a11a-4b8b-aa07-209fd65db586_d,46.48101,30.72721,1302,
0fcaf8ea-a11a-4b8b-aa07-209fd65db586_d,46.48112,30.72706,1304,
0fcaf8ea-a11a-4b8b-aa07-209fd65db586_d,46.48137,30.72676,1306,
0fcaf8ea-a11a-4b8b-aa07-209fd65db586_d,46.48142,30.72672,1308,
0fcaf8ea-a11a-4b8b-aa07-209fd65db586_d,46.48159,30.72651,1310,
0fcaf8ea-a11a-4b8b-aa07-209fd65db586_d,46.48167,30.72636,1312,
0fcaf8ea-a11a-4b8b-aa07-209fd65db586_d,46.48277,30.725,1314,
0fcaf8ea-a11a-4b8b-aa07-209fd65db586_d,46.48298,30.72473,1316,
0fcaf8ea-a11a-4b8b-aa07-209fd65db586_d,46.48303,30.72468,1318,
0fcaf8ea-a11a-4b8b-aa07-209fd65db586_d,46.48315,30.72451,1320,
0fcaf8ea-a11a-4b8b-aa07-209fd65db586_d,46.48358,30.72402,1322,
0fcaf8ea-a11a-4b8b-aa07-209fd65db586_d,46.48406,30.72342,1324,
0fcaf8ea-a11a-4b8b-aa07-209fd65db586_d,46.48407,30.72344,1326,
0fcaf8ea-a11a-4b8b-aa07-209fd65db586_d,46.484073,30.72344,1328,
0fcaf8ea-a11a-4b8b-aa07-209fd65db586_d,46.48407,30.72344,1333,
0fcaf8ea-a11a-4b8b-aa07-209fd65db586_d,46.48406,30.72342,1335,
0fcaf8ea-a11a-4b8b-aa07-209fd65db586_d,46.48414,30.72333,1337,
0fcaf8ea-a11a-4b8b-aa07-209fd65db586_d,46.48423,30.7232,1339,
0fcaf8ea-a11a-4b8b-aa07-209fd65db586_d,46.48427,30.72314,1341,
0fcaf8ea-a11a-4b8b-aa07-209fd65db586_d,46.4844,30.72299,1343,
0fcaf8ea-a11a-4b8b-aa07-209fd65db586_d,46.48521,30.722,1345,
0fcaf8ea-a11a-4b8b-aa07-209fd65db586_d,46.48541,30.72189,1347,
0fcaf8ea-a11a-4b8b-aa07-209fd65db586_d,46.48551,30.72183,1349,
0fcaf8ea-a11a-4b8b-aa07-209fd65db586_d,46.48571,30.7217,1351,
0fcaf8ea-a11a-4b8b-aa07-209fd65db586_d,46.48605,30.72149,1353,
0fcaf8ea-a11a-4b8b-aa07-209fd65db586_d,46.48685,30.72099,1355,
0fcaf8ea-a11a-4b8b-aa07-209fd65db586_d,46.48775,30.72046,1357,
0fcaf8ea-a11a-4b8b-aa07-209fd65db586_d,46.48781,30.72039,1359,
0fcaf8ea-a11a-4b8b-aa07-209fd65db586_d,46.4879,30.72035,1361,
0fcaf8ea-a11a-4b8b-aa07-209fd65db586_d,46.488,30.72028,1363,
0fcaf8ea-a11a-4b8b-aa07-209fd65db586_d,46.48805,30.72026,1365,
0fcaf8ea-a11a-4b8b-aa07-209fd65db586_d,46.48822,30.72016,1367,
0fcaf8ea-a11a-4b8b-aa07-209fd65db586_d,46.48844,30.72001,1369,
0fcaf8ea-a11a-4b8b-aa07-209fd65db586_d,46.48847,30.7201,1371,
0fcaf8ea-a11a-4b8b-aa07-209fd65db586_d,46.488467,30.720098,1373,
0fcaf8ea-a11a-4b8b-aa07-209fd65db586_d,46.48847,30.7201,1378,
0fcaf8ea-a11a-4b8b-aa07-209fd65db586_d,46.48844,30.72001,1380,
0fcaf8ea-a11a-4b8b-aa07-209fd65db586_d,46.48845,30.72001,1382,
0fcaf8ea-a11a-4b8b-aa07-209fd65db586_d,46.48863,30.71993,1384,
0fcaf8ea-a11a-4b8b-aa07-209fd65db586_d,46.48877,30.71991,1386,
0fcaf8ea-a11a-4b8b-aa07-209fd65db586_d,46.489,30.71993,1388,
0fcaf8ea-a11a-4b8b-aa07-209fd65db586_d,46.48908,30.72024,1390,
0fcaf8ea-a11a-4b8b-aa07-209fd65db586_d,46.48994,30.72162,1392,
0fcaf8ea-a11a-4b8b-aa07-209fd65db586_d,46.49022,30.72207,1394,
0fcaf8ea-a11a-4b8b-aa07-209fd65db586_d,46.49044,30.7224,1396,
0fcaf8ea-a11a-4b8b-aa07-209fd65db586_d,46.49058,30.72264,1398,
0fcaf8ea-a11a-4b8b-aa07-209fd65db586_d,46.49082,30.72298,1400,
0fcaf8ea-a11a-4b8b-aa07-209fd65db586_d,46.49088,30.72307,1402,
0fcaf8ea-a11a-4b8b-aa07-209fd65db586_d,46.49083,30.72312,1404,
0fcaf8ea-a11a-4b8b-aa07-209fd65db586_d,46.490822,30.723115,1406,
0fcaf8ea-a11a-4b8b-aa07-209fd65db586_d,46.49082,30.72312,1411,
0fcaf8ea-a11a-4b8b-aa07-209fd65db586_d,46.49087,30.72307,1413,
0fcaf8ea-a11a-4b8b-aa07-209fd65db586_d,46.49181,30.72459,1415,
0fcaf8ea-a11a-4b8b-aa07-209fd65db586_d,46.49275,30.72342,1417,
0fcaf8ea-a11a-4b8b-aa07-209fd65db586_d,46.49333,30.72269,1419,
0fcaf8ea-a11a-4b8b-aa07-209fd65db586_d,46.49283,30.72195,1421,
0fcaf8ea-a11a-4b8b-aa07-209fd65db586_d,46.49294,30.72212,1423,
0fcaf8ea-a11a-4b8b-aa07-209fd65db586_d,46.49299,30.72205,1425,
0fcaf8ea-a11a-4b8b-aa07-209fd65db586_d,46.49298952492902,30.722038149833683,1427,
0fcaf8ea-a11a-4b8b-aa07-209fd65db586_d,46.49299,30.72204,1432,
0fcaf8ea-a11a-4b8b-aa07-209fd65db586_d,46.49294,30.72211,1434,
0fcaf8ea-a11a-4b8b-aa07-209fd65db586_d,46.49283,30.72194,1436,
0fcaf8ea-a11a-4b8b-aa07-209fd65db586_d,46.49249,30.72141,1438,
0fcaf8ea-a11a-4b8b-aa07-209fd65db586_d,46.49222,30.72099,1440,
0fcaf8ea-a11a-4b8b-aa07-209fd65db586_d,46.49205,30.72073,1442,
0fcaf8ea-a11a-4b8b-aa07-209fd65db586_d,46.49199,30.72061,1444,
0fcaf8ea-a11a-4b8b-aa07-209fd65db586_d,46.49197,30.72046,1446,
0fcaf8ea-a11a-4b8b-aa07-209fd65db586_d,46.49196,30.72034,1448,
0fcaf8ea-a11a-4b8b-aa07-209fd65db586_d,46.49195,30.72018,1450,
0fcaf8ea-a11a-4b8b-aa07-209fd65db586_d,46.49172,30.7201,1452,
0fcaf8ea-a11a-4b8b-aa07-209fd65db586_d,46.49145,30.72002,1454,
0fcaf8ea-a11a-4b8b-aa07-209fd65db586_d,46.49121,30.71995,1456,
0fcaf8ea-a11a-4b8b-aa07-209fd65db586_d,46.49085,30.71985,1458,
0fcaf8ea-a11a-4b8b-aa07-209fd65db586_d,46.49051,30.71979,1460,
0fcaf8ea-a11a-4b8b-aa07-209fd65db586_d,46.48953,30.71989,1462,
0fcaf8ea-a11a-4b8b-aa07-209fd65db586_d,46.48953,30.71984,1464,
0fcaf8ea-a11a-4b8b-aa07-209fd65db586_d,46.489536,30.719829,1466,
c83cda1d-8fd9-44e0-b6ef-814acdce1a54_r,46.451202,30.68366,1,
c83cda1d-8fd9-44e0-b6ef-814acdce1a54_r,46.4512,30.68366,6,
c83cda1d-8fd9-44e0-b6ef-814acdce1a54_r,46.45128,30.68373,8,
c83cda1d-8fd9-44e0-b6ef-814acdce1a54_r,46.45075,30.68496,10,
c83cda1d-8fd9-44e0-b6ef-814acdce1a54_r,46.45073,30.68503,12,
c83cda1d-8fd9-44e0-b6ef-814acdce1a54_r,46.45005,30.68668,14,
c83cda1d-8fd9-44e0-b6ef-814acdce1a54_r,46.44992,30.68696,16,
c83cda1d-8fd9-44e0-b6ef-814acdce1a54_r,46.44985,30.6869,18,
c83cda1d-8fd9-44e0-b6ef-814acdce1a54_r,46.449851,30.686897,20,
c83cda1d-8fd9-44e0-b6ef-814acdce1a54_r,46.44985,30.6869,25,
c83cda1d-8fd9-44e0-b6ef-814acdce1a54_r,46.44992,30.68696,27,
c83cda1d-8fd9-44e0-b6ef-814acdce1a54_r,46.44989,30.68702,29,
c83cda1d-8fd9-44e0-b6ef-814acdce1a54_r,46.44966,30.68758,31,
c83cda1d-8fd9-44e0-b6ef-814acdce1a54_r,46.44904,30.68908,33,
c83cda1d-8fd9-44e0-b6ef-814acdce1a54_r,46.44801,30.69162,35,
c83cda1d-8fd9-44e0-b6ef-814acdce1a54_r,46.44796,30.69172,37,
c83cda1d-8fd9-44e0-b6ef-814acdce1a54_r,46.44789,30.69187,39,
c83cda1d-8fd9-44e0-b6ef-814acdce1a54_r,46.44782,30.6918,41,
c83cda1d-8fd9-44e0-b6ef-814acdce1a54_r,46.447821,30.691802,43,
c83cda1d-8fd9-44e0-b6ef-814acdce1a54_r,46.44782,30.6918,48,
c83cda1d-8fd9-44e0-b6ef-814acdce1a54_r,46.44789,30.69187,50,
c83cda1d-8fd9-44e0-b6ef-814acdce1a54_r,46.44781,30.69205,52,
c83cda1d-8fd9-44e0-b6ef-814acdce1a54_r,46.44758,30.69263,54,
c83cda1d-8fd9-44e0-b6ef-814acdce1a54_r,46.44728,30.69335,56,
c83cda1d-8fd9-44e0-b6ef-814acdce1a54_r,46.44698,30.69404,58,
c83cda1d-8fd9-44e0-b6ef-814acdce1a54_r,46.44683,30.69438,60,
c83cda1d-8fd9-44e0-b6ef-814acdce1a54_r,46.44678,30.69449,62,
c83cda1d-8fd9-44e0-b6ef-814acdce1a54_r,46.44665,30.69477,64,
c83cda1d-8fd9-44e0-b6ef-814acdce1a54_r,46.44633,30.69544,66,
c83cda1d-8fd9-44e0-b6ef-814acdce1a54_r,46.44599,30.69621,68,
c83cda1d-8fd9-44e0-b6ef-814acdce1a54_r,46.44588,30.69643,70,
c83cda1d-8fd9-44e0-b6ef-814acdce1a54_r,46.4458,30.69635,72,
c83cda1d-8fd9-44e0-b6ef-814acdce1a54_r,46.44580006269403,30.69635059448355,74,
c83cda1d-8fd9-44e0-b6ef-814acdce1a54_r,46.4458,30.69635,79,
c83cda1d-8fd9-44e0-b6ef-814acdce1a54_r,46.44588,30.69643,81,
c83cda1d-8fd9-44e0-b6ef-814acdce1a54_r,46.44575,30.6967,83,
c83cda1d-8fd9-44e0-b6ef-814acdce1a54_r,46.44556,30.69711,85,
c83cda1d-8fd9-44e0-b6ef-814acdce1a54_r,46.44517,30.69795,87,
c83cda1d-8fd9-44e0-b6ef-814acdce1a54_r,46.44475,30.69883,89,
c83cda1d-8fd9-44e0-b6ef-814acdce1a54_r,46.44427,30.69986,91,
c83cda1d-8fd9-44e0-b6ef-814acdce1a54_r,46.44378,30.70089,93,
c83cda1d-8fd9-44e0-b6ef-814acdce1a54_r,46.44296,30.7026,95,
c83cda1d-8fd9-44e0-b6ef-814acdce1a54_r,46.44286,30.7028,97,
c83cda1d-8fd9-44e0-b6ef-814acdce1a54_r,46.44275,30.70295,99,
c83cda1d-8fd9-44e0-b6ef-814acdce1a54_r,46.4426,30.70305,101,
c83cda1d-8fd9-44e0-b6ef-814acdce1a54_r,46.44245,30.70312,103,
c83cda1d-8fd9-44e0-b6ef-814acdce1a54_r,46.44241,30.70314,105,
c83cda1d-8fd9-44e0-b6ef-814acdce1a54_r,46.44232,30.7032,107,
c83cda1d-8fd9-44e0-b6ef-814acdce1a54_r,46.44223,30.70338,109,
c83cda1d-8fd9-44e0-b6ef-814acdce1a54_r,46.4422,30.70343,111,
c83cda1d-8fd9-44e0-b6ef-814acdce1a54_r,46.4421,30.70332,113,
c83cda1d-8fd9-44e0-b6ef-814acdce1a54_r,46.442101,30.703318,115,
c83cda1d-8fd9-44e0-b6ef-814acdce1a54_r,46.4421,30.70332,120,
c83cda1d-8fd9-44e0-b6ef-814acdce1a54_r,46.4422,30.70343,122,
c83cda1d-8fd9-44e0-b6ef-814acdce1a54_r,46.44215,30.70353,124,
c83cda1d-8fd9-44e0-b6ef-814acdce1a54_r,46.442,30.70385,126,
c83cda1d-8fd9-44e0-b6ef-814acdce1a54_r,46.44163,30.7046,128,
c83cda1d-8fd9-44e0-b6ef-814acdce1a54_r,46.44161,30.70468,130,
c83cda1d-8fd9-44e0-b6ef-814acdce1a54_r,46.44155,30.70481,132,
c83cda1d-8fd9-44e0-b6ef-814acdce1a54_r,46.4415,30.70488,134,
c83cda1d-8fd9-44e0-b6ef-814acdce1a54_r,46.44148,30.70494,136,
c83cda1d-8fd9-44e0-b6ef-814acdce1a54_r,46.44146,30.70511,138,
c83cda1d-8fd9-44e0-b6ef-814acdce1a54_r,46.44148,30.70533,140,
c83cda1d-8fd9-44e0-b6ef-814acdce1a54_r,46.44153,30.7055,142,
c83cda1d-8fd9-44e0-b6ef-814acdce1a54_r,46.44155,30.70578,144,
c83cda1d-8fd9-44e0-b6ef-814acdce1a54_r,46.4415,30.70608,146,
c83cda1d-8fd9-44e0-b6ef-814acdce1a54_r,46.44146,30.70616,148,
c83cda1d-8fd9-44e0-b6ef-814acdce1a54_r,46.44143,30.70626,150,
c83cda1d-8fd9-44e0-b6ef-814acdce1a54_r,46.44134,30.70619,152,
c83cda1d-8fd9-44e0-b6ef-814acdce1a54_r,46.441335,30.706194,154,
c83cda1d-8fd9-44e0-b6ef-814acdce1a54_r,46.44134,30.70619,159,
c83cda1d-8fd9-44e0-b6ef-814acdce1a54_r,46.44143,30.70626,161,
c83cda1d-8fd9-44e0-b6ef-814acdce1a54_r,46.44142,30.70627,163,
c83cda1d-8fd9-44e0-b6ef-814acdce1a54_r,46.44099,30.70726,165,
c83cda1d-8fd9-44e0-b6ef-814acdce1a54_r,46.44082,30.70765,167,
c83cda1d-8fd9-44e0-b6ef-814acdce1a54_r,46.44054,30.70825,169,
c83cda1d-8fd9-44e0-b6ef-814acdce1a54_r,46.44043,30.70853,171,
c83cda1d-8fd9-44e0-b6ef-814acdce1a54_r,46.44028,30.70883,173,
c83cda1d-8fd9-44e0-b6ef-814acdce1a54_r,46.44026,30.70889,175,
c83cda1d-8fd9-44e0-b6ef-814acdce1a54_r,46.43975,30.71005,177,
c83cda1d-8fd9-44e0-b6ef-814acdce1a54_r,46.4397,30.71016,179,
c83cda1d-8fd9-44e0-b6ef-814acdce1a54_r,46.43951,30.71056,181,
c83cda1d-8fd9-44e0-b6ef-814acdce1a54_r,46.4391,30.71149,183,
c83cda1d-8fd9-44e0-b6ef-814acdce1a54_r,46.43904,30.71166,185,
c83cda1d-8fd9-44e0-b6ef-814acdce1a54_r,46.43882,30.71213,187,
c83cda1d-8fd9-44e0-b6ef-814acdce1a54_r,46.43864,30.71252,189,
c83cda1d-8fd9-44e0-b6ef-814acdce1a54_r,46.43856,30.71245,191,
c83cda1d-8fd9-44e0-b6ef-814acdce1a54_r,46.438564,30.712448,193,
c83cda1d-8fd9-44e0-b6ef-814acdce1a54_r,46.43856,30.71245,198,
c83cda1d-8fd9-44e0-b6ef-814acdce1a54_r,46.43864,30.71252,200,
c83cda1d-8fd9-44e0-b6ef-814acdce1a54_r,46.43863,30.71256,202,
c83cda1d-8fd9-44e0-b6ef-814acdce1a54_r,46.43839,30.71312,204,
c83cda1d-8fd9-44e0-b6ef-814acdce1a54_r,46.43809,30.7138,206,
c83cda1d-8fd9-44e0-b6ef-814acdce1a54_r,46.43781,30.71447,208,
c83cda1d-8fd9-44e0-b6ef-814acdce1a54_r,46.43766,30.71483,210,
c83cda1d-8fd9-44e0-b6ef-814acdce1a54_r,46.4376,30.71498,212,
c83cda1d-8fd9-44e0-b6ef-814acdce1a54_r,46.43726,30.71578,214,
c83cda1d-8fd9-44e0-b6ef-814acdce1a54_r,46.43715,30.71599,216,
c83cda1d-8fd9-44e0-b6ef-814acdce1a54_r,46.43704,30.71625,218,
c83cda1d-8fd9-44e0-b6ef-814acdce1a54_r,46.43702,30.7163,220,
c83cda1d-8fd9-44e0-b6ef-814acdce1a54_r,46.43695,30.71624,222,
c83cda1d-8fd9-44e0-b6ef-814acdce1a54_r,46.436947,30.716242,224,
c83cda1d-8fd9-44e0-b6ef-814acdce1a54_r,46.43695,30.71624,229,
c83cda1d-8fd9-44e0-b6ef-814acdce1a54_r,46.43702,30.7163,231,
c83cda1d-8fd9-44e0-b6ef-814acdce1a54_r,46.43685,30.71668,233,
c83cda1d-8fd9-44e0-b6ef-814acdce1a54_r,46.43655,30.71743,235,
c83cda1d-8fd9-44e0-b6ef-814acdce1a54_r,46.43603,30.71861,237,
c83cda1d-8fd9-44e0-b6ef-814acdce1a54_r,46.43524,30.72043,239,
c83cda1d-8fd9-44e0-b6ef-814acdce1a54_r,46.43502,30.72091,241,
c83cda1d-8fd9-44e0-b6ef-814acdce1a54_r,46.43496,30.72103,243,
c83cda1d-8fd9-44e0-b6ef-814acdce1a54_r,46.43485,30.72119,245,
c83cda1d-8fd9-44e0-b6ef-814acdce1a54_r,46.43466,30.72144,247,
c83cda1d-8fd9-44e0-b6ef-814acdce1a54_r,46.43457,30.72155,249,
c83cda1d-8fd9-44e0-b6ef-814acdce1a54_r,46.43452,30.72147,251,
c83cda1d-8fd9-44e0-b6ef-814acdce1a54_r,46.434525,30.721466,253,
c83cda1d-8fd9-44e0-b6ef-814acdce1a54_r,46.43453,30.72147,258,
c83cda1d-8fd9-44e0-b6ef-814acdce1a54_r,46.43458,30.72155,260,
c83cda1d-8fd9-44e0-b6ef-814acdce1a54_r,46.43437,30.72185,262,
c83cda1d-8fd9-44e0-b6ef-814acdce1a54_r,46.43418,30.72213,264,
c83cda1d-8fd9-44e0-b6ef-814acdce1a54_r,46.43392,30.72247,266,
c83cda1d-8fd9-44e0-b6ef-814acdce1a54_r,46.43353,30.72301,268,
c83cda1d-8fd9-44e0-b6ef-814acdce1a54_r,46.43317,30.72348,270,
c83cda1d-8fd9-44e0-b6ef-814acdce1a54_r,46.43297,30.72376,272,
c83cda1d-8fd9-44e0-b6ef-814acdce1a54_r,46.43289,30.72389,274,
c83cda1d-8fd9-44e0-b6ef-814acdce1a54_r,46.43263,30.72423,276,
c83cda1d-8fd9-44e0-b6ef-814acdce1a54_r,46.43257,30.72432,278,
c83cda1d-8fd9-44e0-b6ef-814acdce1a54_r,46.43247,30.72447,280,
c83cda1d-8fd9-44e0-b6ef-814acdce1a54_r,46.43241,30.72437,282,
c83cda1d-8fd9-44e0-b6ef-814acdce1a54_r,46.432396,30.724375,284,
c83cda1d-8fd9-44e0-b6ef-814acdce1a54_r,46.4324,30.72438,289,
c83cda1d-8fd9-44e0-b6ef-814acdce1a54_r,46.43246,30.72448,291,
c83cda1d-8fd9-44e0-b6ef-814acdce1a54_r,46.43245,30.7245,293,
c83cda1d-8fd9-44e0-b6ef-814acdce1a54_r,46.43239,30.72456,295,
c83cda1d-8fd9-44e0-b6ef-814acdce1a54_r,46.43193,30.72519,297,
c83cda1d-8fd9-44e0-b6ef-814acdce1a54_r,46.43159,30.72551,299,
c83cda1d-8fd9-44e0-b6ef-814acdce1a54_r,46.43155,30.72555,301,
c83cda1d-8fd9-44e0-b6ef-814acdce1a54_r,46.43024,30.72735,303,
c83cda1d-8fd9-44e0-b6ef-814acdce1a54_r,46.43011,30.72755,305,
c83cda1d-8fd9-44e0-b6ef-814acdce1a54_r,46.43007,30.72761,307,
c83cda1d-8fd9-44e0-b6ef-814acdce1a54_r,46.42998,30.72772,309,
c83cda1d-8fd9-44e0-b6ef-814acdce1a54_r,46.42966,30.72817,311,
c83cda1d-8fd9-44e0-b6ef-814acdce1a54_r,46.42948,30.72827,313,
c83cda1d-8fd9-44e0-b6ef-814acdce1a54_r,46.42935,30.72825,315,
c83cda1d-8fd9-44e0-b6ef-814acdce1a54_r,46.42915,30.72805,317,
c83cda1d-8fd9-44e0-b6ef-814acdce1a54_r,46.42914,30.72804,319,
c83cda1d-8fd9-44e0-b6ef-814acdce1a54_r,46.42923,30.72788,321,
c83cda1d-8fd9-44e0-b6ef-814acdce1a54_r,46.42918711575825,30.727906823158268,323,
c83cda1d-8fd9-44e0-b6ef-814acdce1a54_r,46.42923,30.72786,328,
c83cda1d-8fd9-44e0-b6ef-814acdce1a54_r,46.42914,30.72802,330,
c83cda1d-8fd9-44e0-b6ef-814acdce1a54_r,46.42882,30.72762,332,
c83cda1d-8fd9-44e0-b6ef-814acdce1a54_r,46.42859,30.72734,334,
c83cda1d-8fd9-44e0-b6ef-814acdce1a54_r,46.42786,30.72634,336,
c83cda1d-8fd9-44e0-b6ef-814acdce1a54_r,46.42694,30.72507,338,
c83cda1d-8fd9-44e0-b6ef-814acdce1a54_r,46.4263,30.72425,340,
c83cda1d-8fd9-44e0-b6ef-814acdce1a54_r,46.42636,30.72415,342,
c83cda1d-8fd9-44e0-b6ef-814acdce1a54_r,46.42634002177239,30.724178552627567,344,
c83cda1d-8fd9-44e0-b6ef-814acdce1a54_r,46.42636,30.72415,349,
c83cda1d-8fd9-44e0-b6ef-814acdce1a54_r,46.4263,30.72425,351,
c83cda1d-8fd9-44e0-b6ef-814acdce1a54_r,46.42618,30.7241,353,
c83cda1d-8fd9-44e0-b6ef-814acdce1a54_r,46.42599,30.72387,355,
c83cda1d-8fd9-44e0-b6ef-814acdce1a54_r,46.42558,30.72335,357,
c83cda1d-8fd9-44e0-b6ef-814acdce1a54_r,46.42545,30.72316,359,
c83cda1d-8fd9-44e0-b6ef-814acdce1a54_r,46.42539,30.72307,361,
c83cda1d-8fd9-44e0-b6ef-814acdce1a54_r,46.42522,30.72288,363,
c83cda1d-8fd9-44e0-b6ef-814acdce1a54_r,46.42513,30.72277,365,
c83cda1d-8fd9-44e0-b6ef-814acdce1a54_r,46.42457,30.72198,367,
c83cda1d-8fd9-44e0-b6ef-814acdce1a54_r,46.42453,30.72189,369,
c83cda1d-8fd9-44e0-b6ef-814acdce1a54_r,46.42423,30.72151,371,
c83cda1d-8fd9-44e0-b6ef-814acdce1a54_r,46.42397,30.72116,373,
c83cda1d-8fd9-44e0-b6ef-814acdce1a54_r,46.42389,30.72103,375,
c83cda1d-8fd9-44e0-b6ef-814acdce1a54_r,46.42376,30.72088,377,
c83cda1d-8fd9-44e0-b6ef-814acdce1a54_r,46.42365,30.72076,379,
c83cda1d-8fd9-44e0-b6ef-814acdce1a54_r,46.42292,30.71977,381,
c83cda1d-8fd9-44e0-b6ef-814acdce1a54_r,46.42224,30.71887,383,
c83cda1d-8fd9-44e0-b6ef-814acdce1a54_r,46.42215,30.71874,385,
c83cda1d-8fd9-44e0-b6ef-814acdce1a54_r,46.42213,30.7187,387,
c83cda1d-8fd9-44e0-b6ef-814acdce1a54_r,46.42192,30.71843,389,
c83cda1d-8fd9-44e0-b6ef-814acdce1a54_r,46.422,30.71831,391,
c83cda1d-8fd9-44e0-b6ef-814acdce1a54_r,46.421995,30.718308,393,
c83cda1d-8fd9-44e0-b6ef-814acdce1a54_r,46.422,30.71831,398,
c83cda1d-8fd9-44e0-b6ef-814acdce1a54_r,46.42192,30.71843,400,
c83cda1d-8fd9-44e0-b6ef-814acdce1a54_r,46.42189,30.7184,402,
c83cda1d-8fd9-44e0-b6ef-814acdce1a54_r,46.42148,30.71788,404,
c83cda1d-8fd9-44e0-b6ef-814acdce1a54_r,46.42101,30.71726,406,
c83cda1d-8fd9-44e0-b6ef-814acdce1a54_r,46.42088,30.71711,408,
c83cda1d-8fd9-44e0-b6ef-814acdce1a54_r,46.42082,30.71702,410,
c83cda1d-8fd9-44e0-b6ef-814acdce1a54_r,46.42054,30.71666,412,
c83cda1d-8fd9-44e0-b6ef-814acdce1a54_r,46.42045,30.71655,414,
c83cda1d-8fd9-44e0-b6ef-814acdce1a54_r,46.42037,30.71644,416,
c83cda1d-8fd9-44e0-b6ef-814acdce1a54_r,46.42015,30.71619,418,
c83cda1d-8fd9-44e0-b6ef-814acdce1a54_r,46.42013,30.71616,420,
c83cda1d-8fd9-44e0-b6ef-814acdce1a54_r,46.42005,30.71604,422,
c83cda1d-8fd9-44e0-b6ef-814acdce1a54_r,46.41972,30.7156,424,
c83cda1d-8fd9-44e0-b6ef-814acdce1a54_r,46.41956,30.71538,426,
c83cda1d-8fd9-44e0-b6ef-814acdce1a54_r,46.41947,30.71526,428,
c83cda1d-8fd9-44e0-b6ef-814acdce1a54_r,46.41933,30.71509,430,
c83cda1d-8fd9-44e0-b6ef-814acdce1a54_r,46.41917,30.71498,432,
c83cda1d-8fd9-44e0-b6ef-814acdce1a54_r,46.4191,30.71492,434,
c83cda1d-8fd9-44e0-b6ef-814acdce1a54_r,46.41863,30.71479,436,
c83cda1d-8fd9-44e0-b6ef-814acdce1a54_r,46.41687,30.71432,438,
c83cda1d-8fd9-44e0-b6ef-814acdce1a54_r,46.41642,30.71417,440,
c83cda1d-8fd9-44e0-b6ef-814acdce1a54_r,46.41629,30.71413,442,
c83cda1d-8fd9-44e0-b6ef-814acdce1a54_r,46.41591,30.71402,444,
c83cda1d-8fd9-44e0-b6ef-814acdce1a54_r,46.41589,30.71402,446,
c83cda1d-8fd9-44e0-b6ef-814acdce1a54_r,46.41593,30.7138,448,
c83cda1d-8fd9-44e0-b6ef-814acdce1a54_r,46.41590063764535,30.71391105651856,450,
c83cda1d-8fd9-44e0-b6ef-814acdce1a54_r,46.41593,30.7138,455,
c83cda1d-8fd9-44e0-b6ef-814acdce1a54_r,46.41589,30.71402,457,
c83cda1d-8fd9-44e0-b6ef-814acdce1a54_r,46.4146,30.71359,459,
c83cda1d-8fd9-44e0-b6ef-814acdce1a54_r,46.41372,30.71331,461,
c83cda1d-8fd9-44e0-b6ef-814acdce1a54_r,46.41292,30.71307,463,
c83cda1d-8fd9-44e0-b6ef-814acdce1a54_r,46.41249,30.71292,465,
c83cda1d-8fd9-44e0-b6ef-814acdce1a54_r,46.41241,30.71288,467,
c83cda1d-8fd9-44e0-b6ef-814acdce1a54_r,46.41239,30.71288,469,
c83cda1d-8fd9-44e0-b6ef-814acdce1a54_r,46.41234,30.71286,471,
c83cda1d-8fd9-44e0-b6ef-814acdce1a54_r,46.41228,30.71286,473,
c83cda1d-8fd9-44e0-b6ef-814acdce1a54_r,46.41217,30.71282,475,
c83cda1d-8fd9-44e0-b6ef-814acdce1a54_r,46.41174,30.71265,477,
c83cda1d-8fd9-44e0-b6ef-814acdce1a54_r,46.4117,30.71263,479,
c83cda1d-8fd9-44e0-b6ef-814acdce1a54_r,46.41173,30.71246,481,
c83cda1d-8fd9-44e0-b6ef-814acdce1a54_r,46.411728,30.712458,483,
c83cda1d-8fd9-44e0-b6ef-814acdce1a54_r,46.41173,30.71246,488,
c83cda1d-8fd9-44e0-b6ef-814acdce1a54_r,46.4117,30.71263,490,
c83cda1d-8fd9-44e0-b6ef-814acdce1a54_r,46.41031,30.71211,492,
c83cda1d-8fd9-44e0-b6ef-814acdce1a54_r,46.40998,30.712,494,
c83cda1d-8fd9-44e0-b6ef-814acdce1a54_r,46.40943,30.71179,496,
c83cda1d-8fd9-44e0-b6ef-814acdce1a54_r,46.40932,30.71174,498,
c83cda1d-8fd9-44e0-b6ef-814acdce1a54_r,46.40917,30.71168,500,
c83cda1d-8fd9-44e0-b6ef-814acdce1a54_r,46.4092,30.71154,502,
c83cda1d-8fd9-44e0-b6ef-814acdce1a54_r,46.409197,30.711535,504,
c83cda1d-8fd9-44e0-b6ef-814acdce1a54_r,46.4092,30.71154,509,
c83cda1d-8fd9-44e0-b6ef-814acdce1a54_r,46.40917,30.71168,511,
c83cda1d-8fd9-44e0-b6ef-814acdce1a54_r,46.40893,30.71159,513,
c83cda1d-8fd9-44e0-b6ef-814acdce1a54_r,46.40872,30.71151,515,
c83cda1d-8fd9-44e0-b6ef-814acdce1a54_r,46.4081,30.71125,517,
c83cda1d-8fd9-44e0-b6ef-814acdce1a54_r,46.40722,30.71091,519,
c83cda1d-8fd9-44e0-b6ef-814acdce1a54_r,46.40653,30.71063,521,
c83cda1d-8fd9-44e0-b6ef-814acdce1a54_r,46.40623,30.71048,523,
c83cda1d-8fd9-44e0-b6ef-814acdce1a54_r,46.40614,30.71042,525,
c83cda1d-8fd9-44e0-b6ef-814acdce1a54_r,46.40604,30.71036,527,
c83cda1d-8fd9-44e0-b6ef-814acdce1a54_r,46.40586,30.71021,529,
c83cda1d-8fd9-44e0-b6ef-814acdce1a54_r,46.40588,30.71009,531,
c83cda1d-8fd9-44e0-b6ef-814acdce1a54_r,46.405883,30.710087,533,
c83cda1d-8fd9-44e0-b6ef-814acdce1a54_r,46.40588,30.71009,538,
c83cda1d-8fd9-44e0-b6ef-814acdce1a54_r,46.40586,30.71021,540,
c83cda1d-8fd9-44e0-b6ef-814acdce1a54_r,46.40568,30.7101,542,
c83cda1d-8fd9-44e0-b6ef-814acdce1a54_r,46.40536,30.71002,544,
c83cda1d-8fd9-44e0-b6ef-814acdce1a54_r,46.40518,30.71001,546,
c83cda1d-8fd9-44e0-b6ef-814acdce1a54_r,46.40507,30.71001,548,
c83cda1d-8fd9-44e0-b6ef-814acdce1a54_r,46.40498,30.71003,550,
c83cda1d-8fd9-44e0-b6ef-814acdce1a54_r,46.40479,30.71003,552,
c83cda1d-8fd9-44e0-b6ef-814acdce1a54_r,46.40473,30.71003,554,
c83cda1d-8fd9-44e0-b6ef-814acdce1a54_r,46.40466,30.71003,556,
c83cda1d-8fd9-44e0-b6ef-814acdce1a54_r,46.40458,30.71001,558,
c83cda1d-8fd9-44e0-b6ef-814acdce1a54_r,46.40325,30.70962,560,
c83cda1d-8fd9-44e0-b6ef-814acdce1a54_r,46.4023,30.7093,562,
c83cda1d-8fd9-44e0-b6ef-814acdce1a54_r,46.40119,30.70895,564,
c83cda1d-8fd9-44e0-b6ef-814acdce1a54_r,46.4011,30.70892,566,
c83cda1d-8fd9-44e0-b6ef-814acdce1a54_r,46.40111,30.70882,568,
c83cda1d-8fd9-44e0-b6ef-814acdce1a54_r,46.401111,30.70882,570,
c83cda1d-8fd9-44e0-b6ef-814acdce1a54_r,46.40111,30.70882,575,
c83cda1d-8fd9-44e0-b6ef-814acdce1a54_r,46.4011,30.70892,577,
c83cda1d-8fd9-44e0-b6ef-814acdce1a54_r,46.40108,30.70891,579,
c83cda1d-8fd9-44e0-b6ef-814acdce1a54_r,46.40084,30.70885,581,
c83cda1d-8fd9-44e0-b6ef-814acdce1a54_r,46.40078,30.70883,583,
c83cda1d-8fd9-44e0-b6ef-814acdce1a54_r,46.40033,30.7087,585,
c83cda1d-8fd9-44e0-b6ef-814acdce1a54_r,46.39805,30.70795,587,
c83cda1d-8fd9-44e0-b6ef-814acdce1a54_r,46.39724,30.7077,589,
c83cda1d-8fd9-44e0-b6ef-814acdce1a54_r,46.39706,30.70765,591,
c83cda1d-8fd9-44e0-b6ef-814acdce1a54_r,46.39712,30.70799,593,
c83cda1d-8fd9-44e0-b6ef-814acdce1a54_r,46.3972,30.70862,595,
c83cda1d-8fd9-44e0-b6ef-814acdce1a54_r,46.39723,30.70887,597,
c83cda1d-8fd9-44e0-b6ef-814acdce1a54_r,46.39721,30.70902,599,
c83cda1d-8fd9-44e0-b6ef-814acdce1a54_r,46.39721,30.70902,601,
c83cda1d-8fd9-44e0-b6ef-814acdce1a54_r,46.39726527161941,30.709045529365543,603,
c83cda1d-8fd9-44e0-b6ef-814acdce1a54_r,46.39722,30.70902,608,
c83cda1d-8fd9-44e0-b6ef-814acdce1a54_r,46.3973,30.70943,610,
c83cda1d-8fd9-44e0-b6ef-814acdce1a54_r,46.39734,30.70983,612,
c83cda1d-8fd9-44e0-b6ef-814acdce1a54_r,46.3974,30.71027,614,
c83cda1d-8fd9-44e0-b6ef-814acdce1a54_r,46.39744,30.7107,616,
c83cda1d-8fd9-44e0-b6ef-814acdce1a54_r,46.39751,30.71133,618,
c83cda1d-8fd9-44e0-b6ef-814acdce1a54_r,46.39755,30.71164,620,
c83cda1d-8fd9-44e0-b6ef-814acdce1a54_r,46.3976,30.7122,622,
c83cda1d-8fd9-44e0-b6ef-814acdce1a54_r,46.3977,30.71311,624,
c83cda1d-8fd9-44e0-b6ef-814acdce1a54_r,46.39786,30.71456,626,
c83cda1d-8fd9-44e0-b6ef-814acdce1a54_r,46.3979,30.71484,628,
c83cda1d-8fd9-44e0-b6ef-814acdce1a54_r,46.39792,30.71498,630,
c83cda1d-8fd9-44e0-b6ef-814acdce1a54_r,46.39792,30.71508,632,
c83cda1d-8fd9-44e0-b6ef-814acdce1a54_r,46.39794,30.71531,634,
c83cda1d-8fd9-44e0-b6ef-814acdce1a54_r,46.39795,30.71562,636,
c83cda1d-8fd9-44e0-b6ef-814acdce1a54_r,46.39786,30.7157,638,
c83cda1d-8fd9-44e0-b6ef-814acdce1a54_r,46.397949692019075,30.71564376354218,640,
c83cda1d-8fd9-44e0-b6ef-814acdce1a54_r,46.39787,30.71569,645,
c83cda1d-8fd9-44e0-b6ef-814acdce1a54_r,46.39797,30.71573,647,
c83cda1d-8fd9-44e0-b6ef-814acdce1a54_r,46.3981,30.71656,649,
c83cda1d-8fd9-44e0-b6ef-814acdce1a54_r,46.39817,30.71721,651,
c83cda1d-8fd9-44e0-b6ef-814acdce1a54_r,46.39821,30.71766,653,
c83cda1d-8fd9-44e0-b6ef-814acdce1a54_r,46.39824,30.71793,655,
c83cda1d-8fd9-44e0-b6ef-814acdce1a54_r,46.3983,30.71835,657,
c83cda1d-8fd9-44e0-b6ef-814acdce1a54_r,46.39849,30.71991,659,
c83cda1d-8fd9-44e0-b6ef-814acdce1a54_r,46.39835,30.71994,661,
c83cda1d-8fd9-44e0-b6ef-814acdce1a54_r,46.398337,30.719954,663,
c83cda1d-8fd9-44e0-b6ef-814acdce1a54_r,46.39834,30.71995,668,
c83cda1d-8fd9-44e0-b6ef-814acdce1a54_r,46.39848,30.71992,670,
c83cda1d-8fd9-44e0-b6ef-814acdce1a54_r,46.39853,30.72035,672,
c83cda1d-8fd9-44e0-b6ef-814acdce1a54_r,46.39855,30.72065,674,
c83cda1d-8fd9-44e0-b6ef-814acdce1a54_r,46.39872,30.72209,676,
c83cda1d-8fd9-44e0-b6ef-814acdce1a54_r,46.39874,30.7223,678,
c83cda1d-8fd9-44e0-b6ef-814acdce1a54_r,46.39877,30.72249,680,
c83cda1d-8fd9-44e0-b6ef-814acdce1a54_r,46.39866,30.72254,682,
c83cda1d-8fd9-44e0-b6ef-814acdce1a54_r,46.398664,30.722535,684,
c83cda1d-8fd9-44e0-b6ef-814acdce1a54_r,46.39866,30.72254,689,
c83cda1d-8fd9-44e0-b6ef-814acdce1a54_r,46.39877,30.72249,691,
c83cda1d-8fd9-44e0-b6ef-814acdce1a54_r,46.39878,30.72252,693,
c83cda1d-8fd9-44e0-b6ef-814acdce1a54_r,46.39878,30.72273,695,
c83cda1d-8fd9-44e0-b6ef-814acdce1a54_r,46.39873,30.72287,697,
c83cda1d-8fd9-44e0-b6ef-814acdce1a54_r,46.39867,30.72301,699,
c83cda1d-8fd9-44e0-b6ef-814acdce1a54_r,46.39861,30.72311,701,
c83cda1d-8fd9-44e0-b6ef-814acdce1a54_r,46.39855,30.72321,703,
c83cda1d-8fd9-44e0-b6ef-814acdce1a54_r,46.39851,30.7233,705,
c83cda1d-8fd9-44e0-b6ef-814acdce1a54_r,46.39842,30.72345,707,
c83cda1d-8fd9-44e0-b6ef-814acdce1a54_r,46.39823,30.72363,709,
c83cda1d-8fd9-44e0-b6ef-814acdce1a54_r,46.3981,30.72366,711,
c83cda1d-8fd9-44e0-b6ef-814acdce1a54_r,46.39796,30.72368,713,
c83cda1d-8fd9-44e0-b6ef-814acdce1a54_r,46.39745,30.72375,715,
c83cda1d-8fd9-44e0-b6ef-814acdce1a54_r,46.39664,30.72392,717,
c83cda1d-8fd9-44e0-b6ef-814acdce1a54_r,46.39561,30.72407,719,
c83cda1d-8fd9-44e0-b6ef-814acdce1a54_r,46.39552,30.72409,721,
c83cda1d-8fd9-44e0-b6ef-814acdce1a54_r,46.3955,30.72392,723,
c83cda1d-8fd9-44e0-b6ef-814acdce1a54_r,46.395504,30.723911,725,
c83cda1d-8fd9-44e0-b6ef-814acdce1a54_r,46.3955,30.72391,730,
c83cda1d-8fd9-44e0-b6ef-814acdce1a54_r,46.39552,30.72408,732,
c83cda1d-8fd9-44e0-b6ef-814acdce1a54_r,46.39535,30.7241,734,
c83cda1d-8fd9-44e0-b6ef-814acdce1a54_r,46.39466,30.72419,736,
c83cda1d-8fd9-44e0-b6ef-814acdce1a54_r,46.39426,30.72423,738,
c83cda1d-8fd9-44e0-b6ef-814acdce1a54_r,46.39383,30.72423,740,
c83cda1d-8fd9-44e0-b6ef-814acdce1a54_r,46.39361,30.72419,742,
c83cda1d-8fd9-44e0-b6ef-814acdce1a54_r,46.3932,30.72412,744,
c83cda1d-8fd9-44e0-b6ef-814acdce1a54_r,46.39277,30.72404,746,
c83cda1d-8fd9-44e0-b6ef-814acdce1a54_r,46.39276,30.72381,748,
c83cda1d-8fd9-44e0-b6ef-814acdce1a54_r,46.39273308208089,30.723931789398197,750,
c83cda1d-8fd9-44e0-b6ef-814acdce1a54_r,46.39276,30.72381,755,
c83cda1d-8fd9-44e0-b6ef-814acdce1a54_r,46.39277,30.72404,757,
c83cda1d-8fd9-44e0-b6ef-814acdce1a54_r,46.39265,30.72396,759,
c83cda1d-8fd9-44e0-b6ef-814acdce1a54_r,46.39255,30.72395,761,
c83cda1d-8fd9-44e0-b6ef-814acdce1a54_r,46.39248,30.72391,763,
c83cda1d-8fd9-44e0-b6ef-814acdce1a54_r,46.39236,30.72386,765,
c83cda1d-8fd9-44e0-b6ef-814acdce1a54_r,46.39209,30.72373,767,
c83cda1d-8fd9-44e0-b6ef-814acdce1a54_r,46.39141,30.72353,769,
c83cda1d-8fd9-44e0-b6ef-814acdce1a54_r,46.39103,30.72344,771,
c83cda1d-8fd9-44e0-b6ef-814acdce1a54_r,46.3906,30.7234,773,
c83cda1d-8fd9-44e0-b6ef-814acdce1a54_r,46.39005,30.72342,775,
c83cda1d-8fd9-44e0-b6ef-814acdce1a54_r,46.38999,30.72342,777,
c83cda1d-8fd9-44e0-b6ef-814acdce1a54_r,46.38986,30.72337,779,
c83cda1d-8fd9-44e0-b6ef-814acdce1a54_r,46.38979,30.72335,781,
c83cda1d-8fd9-44e0-b6ef-814acdce1a54_r,46.38981,30.72317,783,
c83cda1d-8fd9-44e0-b6ef-814acdce1a54_r,46.389805,30.723166,785,
c83cda1d-8fd9-44e0-b6ef-814acdce1a54_r,46.38981,30.72317,790,
c83cda1d-8fd9-44e0-b6ef-814acdce1a54_r,46.38979,30.72335,792,
c83cda1d-8fd9-44e0-b6ef-814acdce1a54_r,46.38977,30.72335,794,
c83cda1d-8fd9-44e0-b6ef-814acdce1a54_r,46.38951,30.72331,796,
c83cda1d-8fd9-44e0-b6ef-814acdce1a54_r,46.38941,30.72329,798,
c83cda1d-8fd9-44e0-b6ef-814acdce1a54_r,46.38738,30.72282,800,
c83cda1d-8fd9-44e0-b6ef-814acdce1a54_r,46.38725,30.72279,802,
c83cda1d-8fd9-44e0-b6ef-814acdce1a54_r,46.38707,30.72276,804,
c83cda1d-8fd9-44e0-b6ef-814acdce1a54_r,46.38643,30.72263,806,
c83cda1d-8fd9-44e0-b6ef-814acdce1a54_r,46.38603,30.72253,808,
c83cda1d-8fd9-44e0-b6ef-814acdce1a54_r,46.38606,30.72237,810,
c83cda1d-8fd9-44e0-b6ef-814acdce1a54_r,46.38605805397539,30.722483396530155,812,
c83cda1d-8fd9-44e0-b6ef-814acdce1a54_d,46.38599144758627,30.722719430923465,1,
c83cda1d-8fd9-44e0-b6ef-814acdce1a54_d,46.38599,30.72272,6,
c83cda1d-8fd9-44e0-b6ef-814acdce1a54_d,46.386,30.7226,8,
c83cda1d-8fd9-44e0-b6ef-814acdce1a54_d,46.38612,30.72262,10,
c83cda1d-8fd9-44e0-b6ef-814acdce1a54_d,46.38644,30.72269,12,
c83cda1d-8fd9-44e0-b6ef-814acdce1a54_d,46.3872,30.72286,14,
c83cda1d-8fd9-44e0-b6ef-814acdce1a54_d,46.38732,30.7229,16,
c83cda1d-8fd9-44e0-b6ef-814acdce1a54_d,46.38737,30.7229,18,
c83cda1d-8fd9-44e0-b6ef-814acdce1a54_d,46.38941,30.72329,20,
c83cda1d-8fd9-44e0-b6ef-814acdce1a54_d,46.38951,30.72331,22,
c83cda1d-8fd9-44e0-b6ef-814acdce1a54_d,46.38977,30.72335,24,
c83cda1d-8fd9-44e0-b6ef-814acdce1a54_d,46.38986,30.72337,26,
c83cda1d-8fd9-44e0-b6ef-814acdce1a54_d,46.38999,30.72342,28,
c83cda1d-8fd9-44e0-b6ef-814acdce1a54_d,46.39005,30.72342,30,
c83cda1d-8fd9-44e0-b6ef-814acdce1a54_d,46.39063,30.72367,32,
c83cda1d-8fd9-44e0-b6ef-814acdce1a54_d,46.39102,30.72379,34,
c83cda1d-8fd9-44e0-b6ef-814acdce1a54_d,46.39147,30.72389,36,
c83cda1d-8fd9-44e0-b6ef-814acdce1a54_d,46.39171,30.72394,38,
c83cda1d-8fd9-44e0-b6ef-814acdce1a54_d,46.39194,30.72395,40,
c83cda1d-8fd9-44e0-b6ef-814acdce1a54_d,46.3923,30.72393,42,
c83cda1d-8fd9-44e0-b6ef-814acdce1a54_d,46.39237,30.72395,44,
c83cda1d-8fd9-44e0-b6ef-814acdce1a54_d,46.39247,30.72397,46,
c83cda1d-8fd9-44e0-b6ef-814acdce1a54_d,46.39254,30.724,48,
c83cda1d-8fd9-44e0-b6ef-814acdce1a54_d,46.39263,30.724,50,
c83cda1d-8fd9-44e0-b6ef-814acdce1a54_d,46.39263,30.72412,52,
c83cda1d-8fd9-44e0-b6ef-814acdce1a54_d,46.39263318468419,30.72412490844727,54,
c83cda1d-8fd9-44e0-b6ef-814acdce1a54_d,46.39263,30.72412,59,
c83cda1d-8fd9-44e0-b6ef-814acdce1a54_d,46.39263,30.724,61,
c83cda1d-8fd9-44e0-b6ef-814acdce1a54_d,46.39265,30.724,63,
c83cda1d-8fd9-44e0-b6ef-814acdce1a54_d,46.39277,30.72404,65,
c83cda1d-8fd9-44e0-b6ef-814acdce1a54_d,46.3932,30.72412,67,
c83cda1d-8fd9-44e0-b6ef-814acdce1a54_d,46.39361,30.72419,69,
c83cda1d-8fd9-44e0-b6ef-814acdce1a54_d,46.39383,30.72423,71,
c83cda1d-8fd9-44e0-b6ef-814acdce1a54_d,46.39426,30.72423,73,
c83cda1d-8fd9-44e0-b6ef-814acdce1a54_d,46.39466,30.72419,75,
c83cda1d-8fd9-44e0-b6ef-814acdce1a54_d,46.39534,30.7241,77,
c83cda1d-8fd9-44e0-b6ef-814acdce1a54_d,46.39535,30.72419,79,
c83cda1d-8fd9-44e0-b6ef-814acdce1a54_d,46.395348,30.72419,81,
c83cda1d-8fd9-44e0-b6ef-814acdce1a54_d,46.39535,30.72419,86,
c83cda1d-8fd9-44e0-b6ef-814acdce1a54_d,46.39534,30.7241,88,
c83cda1d-8fd9-44e0-b6ef-814acdce1a54_d,46.39535,30.7241,90,
c83cda1d-8fd9-44e0-b6ef-814acdce1a54_d,46.39561,30.72406,92,
c83cda1d-8fd9-44e0-b6ef-814acdce1a54_d,46.39664,30.72391,94,
c83cda1d-8fd9-44e0-b6ef-814acdce1a54_d,46.39747,30.72378,96,
c83cda1d-8fd9-44e0-b6ef-814acdce1a54_d,46.39801,30.7237,98,
c83cda1d-8fd9-44e0-b6ef-814acdce1a54_d,46.39812,30.7237,100,
c83cda1d-8fd9-44e0-b6ef-814acdce1a54_d,46.39825,30.7237,102,
c83cda1d-8fd9-44e0-b6ef-814acdce1a54_d,46.39838,30.72372,104,
c83cda1d-8fd9-44e0-b6ef-814acdce1a54_d,46.39842,30.72374,106,
c83cda1d-8fd9-44e0-b6ef-814acdce1a54_d,46.39846,30.72378,108,
c83cda1d-8fd9-44e0-b6ef-814acdce1a54_d,46.3985,30.72382,110,
c83cda1d-8fd9-44e0-b6ef-814acdce1a54_d,46.39855,30.72387,112,
c83cda1d-8fd9-44e0-b6ef-814acdce1a54_d,46.39855,30.72393,114,
c83cda1d-8fd9-44e0-b6ef-814acdce1a54_d,46.39865,30.72412,116,
c83cda1d-8fd9-44e0-b6ef-814acdce1a54_d,46.39874,30.72423,118,
c83cda1d-8fd9-44e0-b6ef-814acdce1a54_d,46.39887,30.72428,120,
c83cda1d-8fd9-44e0-b6ef-814acdce1a54_d,46.399,30.7243,122,
c83cda1d-8fd9-44e0-b6ef-814acdce1a54_d,46.3991,30.72425,124,
c83cda1d-8fd9-44e0-b6ef-814acdce1a54_d,46.39917,30.72417,126,
c83cda1d-8fd9-44e0-b6ef-814acdce1a54_d,46.39923,30.72408,128,
c83cda1d-8fd9-44e0-b6ef-814acdce1a54_d,46.39928,30.72395,130,
c83cda1d-8fd9-44e0-b6ef-814acdce1a54_d,46.3993,30.72382,132,
c83cda1d-8fd9-44e0-b6ef-814acdce1a54_d,46.39934,30.72372,134,
c83cda1d-8fd9-44e0-b6ef-814acdce1a54_d,46.39934,30.72363,136,
c83cda1d-8fd9-44e0-b6ef-814acdce1a54_d,46.39932,30.72346,138,
c83cda1d-8fd9-44e0-b6ef-814acdce1a54_d,46.3993,30.72333,140,
c83cda1d-8fd9-44e0-b6ef-814acdce1a54_d,46.39923,30.72322,142,
c83cda1d-8fd9-44e0-b6ef-814acdce1a54_d,46.39919,30.72316,144,
c83cda1d-8fd9-44e0-b6ef-814acdce1a54_d,46.39913,30.72307,146,
c83cda1d-8fd9-44e0-b6ef-814acdce1a54_d,46.39902,30.72301,148,
c83cda1d-8fd9-44e0-b6ef-814acdce1a54_d,46.39897,30.72294,150,
c83cda1d-8fd9-44e0-b6ef-814acdce1a54_d,46.39892,30.72271,152,
c83cda1d-8fd9-44e0-b6ef-814acdce1a54_d,46.39894,30.72246,154,
c83cda1d-8fd9-44e0-b6ef-814acdce1a54_d,46.398935,30.722455,156,
c83cda1d-8fd9-44e0-b6ef-814acdce1a54_d,46.39894,30.72246,161,
c83cda1d-8fd9-44e0-b6ef-814acdce1a54_d,46.39879,30.72173,163,
c83cda1d-8fd9-44e0-b6ef-814acdce1a54_d,46.39866,30.72062,165,
c83cda1d-8fd9-44e0-b6ef-814acdce1a54_d,46.39863,30.72031,167,
c83cda1d-8fd9-44e0-b6ef-814acdce1a54_d,46.39872,30.72029,169,
c83cda1d-8fd9-44e0-b6ef-814acdce1a54_d,46.398708,30.720285,171,
c83cda1d-8fd9-44e0-b6ef-814acdce1a54_d,46.39871,30.72029,176,
c83cda1d-8fd9-44e0-b6ef-814acdce1a54_d,46.39862,30.72031,178,
c83cda1d-8fd9-44e0-b6ef-814acdce1a54_d,46.39861,30.72014,180,
c83cda1d-8fd9-44e0-b6ef-814acdce1a54_d,46.3985,30.7192,182,
c83cda1d-8fd9-44e0-b6ef-814acdce1a54_d,46.3984,30.71826,184,
c83cda1d-8fd9-44e0-b6ef-814acdce1a54_d,46.39835,30.71787,186,
c83cda1d-8fd9-44e0-b6ef-814acdce1a54_d,46.39833,30.7177,188,
c83cda1d-8fd9-44e0-b6ef-814acdce1a54_d,46.39822,30.7165,190,
c83cda1d-8fd9-44e0-b6ef-814acdce1a54_d,46.39816,30.71586,192,
c83cda1d-8fd9-44e0-b6ef-814acdce1a54_d,46.3981,30.71529,194,
c83cda1d-8fd9-44e0-b6ef-814acdce1a54_d,46.39805,30.71499,196,
c83cda1d-8fd9-44e0-b6ef-814acdce1a54_d,46.39805,30.71493,198,
c83cda1d-8fd9-44e0-b6ef-814acdce1a54_d,46.39803,30.71484,200,
c83cda1d-8fd9-44e0-b6ef-814acdce1a54_d,46.39803,30.71469,202,
c83cda1d-8fd9-44e0-b6ef-814acdce1a54_d,46.39801,30.71449,204,
c83cda1d-8fd9-44e0-b6ef-814acdce1a54_d,46.39809,30.71448,206,
c83cda1d-8fd9-44e0-b6ef-814acdce1a54_d,46.398034781522846,30.714463591575626,208,
c83cda1d-8fd9-44e0-b6ef-814acdce1a54_d,46.39809,30.71447,213,
c83cda1d-8fd9-44e0-b6ef-814acdce1a54_d,46.39801,30.71448,215,
c83cda1d-8fd9-44e0-b6ef-814acdce1a54_d,46.39801,30.71447,217,
c83cda1d-8fd9-44e0-b6ef-814acdce1a54_d,46.39793,30.71378,219,
c83cda1d-8fd9-44e0-b6ef-814acdce1a54_d,46.39788,30.71331,221,
c83cda1d-8fd9-44e0-b6ef-814acdce1a54_d,46.39784,30.71299,223,
c83cda1d-8fd9-44e0-b6ef-814acdce1a54_d,46.39773,30.71211,225,
c83cda1d-8fd9-44e0-b6ef-814acdce1a54_d,46.39767,30.71146,227,
c83cda1d-8fd9-44e0-b6ef-814acdce1a54_d,46.3976,30.71072,229,
c83cda1d-8fd9-44e0-b6ef-814acdce1a54_d,46.39754,30.71016,231,
c83cda1d-8fd9-44e0-b6ef-814acdce1a54_d,46.39748,30.70958,233,
c83cda1d-8fd9-44e0-b6ef-814acdce1a54_d,46.39743,30.70925,235,
c83cda1d-8fd9-44e0-b6ef-814acdce1a54_d,46.39742,30.70918,237,
c83cda1d-8fd9-44e0-b6ef-814acdce1a54_d,46.397457650112614,30.709195733070374,239,
c83cda1d-8fd9-44e0-b6ef-814acdce1a54_d,46.39742,30.70918,244,
c83cda1d-8fd9-44e0-b6ef-814acdce1a54_d,46.39737,30.70859,246,
c83cda1d-8fd9-44e0-b6ef-814acdce1a54_d,46.39741,30.70844,248,
c83cda1d-8fd9-44e0-b6ef-814acdce1a54_d,46.3975,30.70831,250,
c83cda1d-8fd9-44e0-b6ef-814acdce1a54_d,46.3976,30.7082,252,
c83cda1d-8fd9-44e0-b6ef-814acdce1a54_d,46.39769,30.70814,254,
c83cda1d-8fd9-44e0-b6ef-814acdce1a54_d,46.39785,30.70811,256,
c83cda1d-8fd9-44e0-b6ef-814acdce1a54_d,46.39866,30.70838,258,
c83cda1d-8fd9-44e0-b6ef-814acdce1a54_d,46.40012,30.70886,260,
c83cda1d-8fd9-44e0-b6ef-814acdce1a54_d,46.40067,30.70929,262,
c83cda1d-8fd9-44e0-b6ef-814acdce1a54_d,46.40104,30.70939,264,
c83cda1d-8fd9-44e0-b6ef-814acdce1a54_d,46.40153,30.70955,266,
c83cda1d-8fd9-44e0-b6ef-814acdce1a54_d,46.40151,30.70968,268,
c83cda1d-8fd9-44e0-b6ef-814acdce1a54_d,46.401512,30.709671,270,
c83cda1d-8fd9-44e0-b6ef-814acdce1a54_d,46.40151,30.70967,275,
c83cda1d-8fd9-44e0-b6ef-814acdce1a54_d,46.40153,30.70954,277,
c83cda1d-8fd9-44e0-b6ef-814acdce1a54_d,46.40229,30.70978,279,
c83cda1d-8fd9-44e0-b6ef-814acdce1a54_d,46.40307,30.71003,281,
c83cda1d-8fd9-44e0-b6ef-814acdce1a54_d,46.40438,30.71043,283,
c83cda1d-8fd9-44e0-b6ef-814acdce1a54_d,46.40455,30.7105,285,
c83cda1d-8fd9-44e0-b6ef-814acdce1a54_d,46.40464,30.71052,287,
c83cda1d-8fd9-44e0-b6ef-814acdce1a54_d,46.40492,30.71059,289,
c83cda1d-8fd9-44e0-b6ef-814acdce1a54_d,46.40535,30.71074,291,
c83cda1d-8fd9-44e0-b6ef-814acdce1a54_d,46.40562,30.71081,293,
c83cda1d-8fd9-44e0-b6ef-814acdce1a54_d,46.40578,30.71076,295,
c83cda1d-8fd9-44e0-b6ef-814acdce1a54_d,46.40599,30.71069,297,
c83cda1d-8fd9-44e0-b6ef-814acdce1a54_d,46.4061,30.71065,299,
c83cda1d-8fd9-44e0-b6ef-814acdce1a54_d,46.4064,30.71078,301,
c83cda1d-8fd9-44e0-b6ef-814acdce1a54_d,46.40646,30.7108,303,
c83cda1d-8fd9-44e0-b6ef-814acdce1a54_d,46.40645,30.71088,305,
c83cda1d-8fd9-44e0-b6ef-814acdce1a54_d,46.406452,30.710876,307,
c83cda1d-8fd9-44e0-b6ef-814acdce1a54_d,46.40645,30.71088,312,
c83cda1d-8fd9-44e0-b6ef-814acdce1a54_d,46.40646,30.7108,314,
c83cda1d-8fd9-44e0-b6ef-814acdce1a54_d,46.40661,30.71086,316,
c83cda1d-8fd9-44e0-b6ef-814acdce1a54_d,46.40696,30.71099,318,
c83cda1d-8fd9-44e0-b6ef-814acdce1a54_d,46.40779,30.71131,320,
c83cda1d-8fd9-44e0-b6ef-814acdce1a54_d,46.40891,30.71174,322,
c83cda1d-8fd9-44e0-b6ef-814acdce1a54_d,46.40913,30.71183,324,
c83cda1d-8fd9-44e0-b6ef-814acdce1a54_d,46.4093,30.71189,326,
c83cda1d-8fd9-44e0-b6ef-814acdce1a54_d,46.40954,30.712,328,
c83cda1d-8fd9-44e0-b6ef-814acdce1a54_d,46.40952,30.71208,330,
c83cda1d-8fd9-44e0-b6ef-814acdce1a54_d,46.409523,30.712082,332,
c83cda1d-8fd9-44e0-b6ef-814acdce1a54_d,46.40952,30.71208,337,
c83cda1d-8fd9-44e0-b6ef-814acdce1a54_d,46.40954,30.712,339,
c83cda1d-8fd9-44e0-b6ef-814acdce1a54_d,46.40955,30.712,341,
c83cda1d-8fd9-44e0-b6ef-814acdce1a54_d,46.40983,30.71209,343,
c83cda1d-8fd9-44e0-b6ef-814acdce1a54_d,46.4108,30.71245,345,
c83cda1d-8fd9-44e0-b6ef-814acdce1a54_d,46.41131,30.71267,347,
c83cda1d-8fd9-44e0-b6ef-814acdce1a54_d,46.41204,30.71292,349,
c83cda1d-8fd9-44e0-b6ef-814acdce1a54_d,46.41215,30.71297,351,
c83cda1d-8fd9-44e0-b6ef-814acdce1a54_d,46.4123,30.71301,353,
c83cda1d-8fd9-44e0-b6ef-814acdce1a54_d,46.41234,30.71303,355,
c83cda1d-8fd9-44e0-b6ef-814acdce1a54_d,46.41239,30.71305,357,
c83cda1d-8fd9-44e0-b6ef-814acdce1a54_d,46.41243,30.71305,359,
c83cda1d-8fd9-44e0-b6ef-814acdce1a54_d,46.41265,30.71313,361,
c83cda1d-8fd9-44e0-b6ef-814acdce1a54_d,46.41264,30.71321,363,
c83cda1d-8fd9-44e0-b6ef-814acdce1a54_d,46.412641,30.71321,365,
c83cda1d-8fd9-44e0-b6ef-814acdce1a54_d,46.41264,30.71321,370,
c83cda1d-8fd9-44e0-b6ef-814acdce1a54_d,46.41265,30.71313,372,
c83cda1d-8fd9-44e0-b6ef-814acdce1a54_d,46.41282,30.71318,374,
c83cda1d-8fd9-44e0-b6ef-814acdce1a54_d,46.41415,30.71361,376,
c83cda1d-8fd9-44e0-b6ef-814acdce1a54_d,46.41548,30.71404,378,
c83cda1d-8fd9-44e0-b6ef-814acdce1a54_d,46.41621,30.71427,380,
c83cda1d-8fd9-44e0-b6ef-814acdce1a54_d,46.416303754046744,30.71438312530518,382,
c83cda1d-8fd9-44e0-b6ef-814acdce1a54_d,46.41622,30.71427,387,
c83cda1d-8fd9-44e0-b6ef-814acdce1a54_d,46.4163,30.71438,389,
c83cda1d-8fd9-44e0-b6ef-814acdce1a54_d,46.41641,30.71432,391,
c83cda1d-8fd9-44e0-b6ef-814acdce1a54_d,46.4166,30.71438,393,
c83cda1d-8fd9-44e0-b6ef-814acdce1a54_d,46.41703,30.71451,395,
c83cda1d-8fd9-44e0-b6ef-814acdce1a54_d,46.41787,30.71475,397,
c83cda1d-8fd9-44e0-b6ef-814acdce1a54_d,46.41832,30.71486,399,
c83cda1d-8fd9-44e0-b6ef-814acdce1a54_d,46.41907,30.71507,401,
c83cda1d-8fd9-44e0-b6ef-814acdce1a54_d,46.4192,30.71509,403,
c83cda1d-8fd9-44e0-b6ef-814acdce1a54_d,46.41931,30.71515,405,
c83cda1d-8fd9-44e0-b6ef-814acdce1a54_d,46.41946,30.71528,407,
c83cda1d-8fd9-44e0-b6ef-814acdce1a54_d,46.41954,30.71539,409,
c83cda1d-8fd9-44e0-b6ef-814acdce1a54_d,46.41969,30.71558,411,
c83cda1d-8fd9-44e0-b6ef-814acdce1a54_d,46.41985,30.71578,413,
c83cda1d-8fd9-44e0-b6ef-814acdce1a54_d,46.41981,30.71585,415,
c83cda1d-8fd9-44e0-b6ef-814acdce1a54_d,46.41982442383388,30.71582078933716,417,
c83cda1d-8fd9-44e0-b6ef-814acdce1a54_d,46.41981,30.71585,422,
c83cda1d-8fd9-44e0-b6ef-814acdce1a54_d,46.41985,30.71578,424,
c83cda1d-8fd9-44e0-b6ef-814acdce1a54_d,46.42006,30.71604,426,
c83cda1d-8fd9-44e0-b6ef-814acdce1a54_d,46.42014,30.71616,428,
c83cda1d-8fd9-44e0-b6ef-814acdce1a54_d,46.42016,30.71619,430,
c83cda1d-8fd9-44e0-b6ef-814acdce1a54_d,46.42038,30.71644,432,
c83cda1d-8fd9-44e0-b6ef-814acdce1a54_d,46.42046,30.71655,434,
c83cda1d-8fd9-44e0-b6ef-814acdce1a54_d,46.42055,30.71666,436,
c83cda1d-8fd9-44e0-b6ef-814acdce1a54_d,46.42083,30.71702,438,
c83cda1d-8fd9-44e0-b6ef-814acdce1a54_d,46.42089,30.71711,440,
c83cda1d-8fd9-44e0-b6ef-814acdce1a54_d,46.42102,30.71726,442,
c83cda1d-8fd9-44e0-b6ef-814acdce1a54_d,46.42149,30.71795,444,
c83cda1d-8fd9-44e0-b6ef-814acdce1a54_d,46.42189,30.71848,446,
c83cda1d-8fd9-44e0-b6ef-814acdce1a54_d,46.4221,30.71874,448,
c83cda1d-8fd9-44e0-b6ef-814acdce1a54_d,46.42216,30.71882,450,
c83cda1d-8fd9-44e0-b6ef-814acdce1a54_d,46.42226,30.71899,452,
c83cda1d-8fd9-44e0-b6ef-814acdce1a54_d,46.4225,30.71939,454,
c83cda1d-8fd9-44e0-b6ef-814acdce1a54_d,46.42251,30.71939,456,
c83cda1d-8fd9-44e0-b6ef-814acdce1a54_d,46.422501,30.719376,458,
c83cda1d-8fd9-44e0-b6ef-814acdce1a54_d,46.4225,30.71938,463,
c83cda1d-8fd9-44e0-b6ef-814acdce1a54_d,46.42292,30.71977,465,
c83cda1d-8fd9-44e0-b6ef-814acdce1a54_d,46.42365,30.72076,467,
c83cda1d-8fd9-44e0-b6ef-814acdce1a54_d,46.42376,30.72088,469,
c83cda1d-8fd9-44e0-b6ef-814acdce1a54_d,46.42389,30.72103,471,
c83cda1d-8fd9-44e0-b6ef-814acdce1a54_d,46.42397,30.72116,473,
c83cda1d-8fd9-44e0-b6ef-814acdce1a54_d,46.42423,30.72151,475,
c83cda1d-8fd9-44e0-b6ef-814acdce1a54_d,46.42453,30.72189,477,
c83cda1d-8fd9-44e0-b6ef-814acdce1a54_d,46.42457,30.72198,479,
c83cda1d-8fd9-44e0-b6ef-814acdce1a54_d,46.42513,30.72277,481,
c83cda1d-8fd9-44e0-b6ef-814acdce1a54_d,46.42514,30.72278,483,
c83cda1d-8fd9-44e0-b6ef-814acdce1a54_d,46.4251,30.72284,485,
c83cda1d-8fd9-44e0-b6ef-814acdce1a54_d,46.424820278266694,30.722451210021976,487,
c83cda1d-8fd9-44e0-b6ef-814acdce1a54_d,46.4251,30.72284,492,
c83cda1d-8fd9-44e0-b6ef-814acdce1a54_d,46.42514,30.72278,494,
c83cda1d-8fd9-44e0-b6ef-814acdce1a54_d,46.42522,30.72288,496,
c83cda1d-8fd9-44e0-b6ef-814acdce1a54_d,46.42539,30.72307,498,
c83cda1d-8fd9-44e0-b6ef-814acdce1a54_d,46.42545,30.72316,500,
c83cda1d-8fd9-44e0-b6ef-814acdce1a54_d,46.42558,30.72335,502,
c83cda1d-8fd9-44e0-b6ef-814acdce1a54_d,46.42576,30.7238,504,
c83cda1d-8fd9-44e0-b6ef-814acdce1a54_d,46.4258,30.72391,506,
c83cda1d-8fd9-44e0-b6ef-814acdce1a54_d,46.42586,30.72404,508,
c83cda1d-8fd9-44e0-b6ef-814acdce1a54_d,46.42685,30.72535,510,
c83cda1d-8fd9-44e0-b6ef-814acdce1a54_d,46.42848,30.72758,512,
c83cda1d-8fd9-44e0-b6ef-814acdce1a54_d,46.42919,30.7285,514,
c83cda1d-8fd9-44e0-b6ef-814acdce1a54_d,46.42932,30.72876,516,
c83cda1d-8fd9-44e0-b6ef-814acdce1a54_d,46.42934,30.7288,518,
c83cda1d-8fd9-44e0-b6ef-814acdce1a54_d,46.42938,30.72887,520,
c83cda1d-8fd9-44e0-b6ef-814acdce1a54_d,46.42942,30.72897,522,
c83cda1d-8fd9-44e0-b6ef-814acdce1a54_d,46.42951,30.7291,524,
c83cda1d-8fd9-44e0-b6ef-814acdce1a54_d,46.4297,30.72925,526,
c83cda1d-8fd9-44e0-b6ef-814acdce1a54_d,46.42981,30.72925,528,
c83cda1d-8fd9-44e0-b6ef-814acdce1a54_d,46.4299,30.72925,530,
c83cda1d-8fd9-44e0-b6ef-814acdce1a54_d,46.43,30.72912,532,
c83cda1d-8fd9-44e0-b6ef-814acdce1a54_d,46.43009,30.729,534,
c83cda1d-8fd9-44e0-b6ef-814acdce1a54_d,46.43013,30.72887,536,
c83cda1d-8fd9-44e0-b6ef-814acdce1a54_d,46.4302,30.7287,538,
c83cda1d-8fd9-44e0-b6ef-814acdce1a54_d,46.43018,30.72861,540,
c83cda1d-8fd9-44e0-b6ef-814acdce1a54_d,46.43018,30.72852,542,
c83cda1d-8fd9-44e0-b6ef-814acdce1a54_d,46.43013,30.72842,544,
c83cda1d-8fd9-44e0-b6ef-814acdce1a54_d,46.43013,30.72837,546,
c83cda1d-8fd9-44e0-b6ef-814acdce1a54_d,46.43005,30.72817,548,
c83cda1d-8fd9-44e0-b6ef-814acdce1a54_d,46.43013,30.7281,550,
c83cda1d-8fd9-44e0-b6ef-814acdce1a54_d,46.430048609695795,30.72808921337128,552,
c83cda1d-8fd9-44e0-b6ef-814acdce1a54_d,46.43013,30.7281,557,
c83cda1d-8fd9-44e0-b6ef-814acdce1a54_d,46.43005,30.72817,559,
c83cda1d-8fd9-44e0-b6ef-814acdce1a54_d,46.43003,30.72814,561,
c83cda1d-8fd9-44e0-b6ef-814acdce1a54_d,46.43,30.72803,563,
c83cda1d-8fd9-44e0-b6ef-814acdce1a54_d,46.42998,30.7279,565,
c83cda1d-8fd9-44e0-b6ef-814acdce1a54_d,46.43,30.7277,567,
c83cda1d-8fd9-44e0-b6ef-814acdce1a54_d,46.43007,30.7276,569,
c83cda1d-8fd9-44e0-b6ef-814acdce1a54_d,46.43011,30.72754,571,
c83cda1d-8fd9-44e0-b6ef-814acdce1a54_d,46.43024,30.72734,573,
c83cda1d-8fd9-44e0-b6ef-814acdce1a54_d,46.43155,30.72554,575,
c83cda1d-8fd9-44e0-b6ef-814acdce1a54_d,46.43159,30.7255,577,
c83cda1d-8fd9-44e0-b6ef-814acdce1a54_d,46.4318,30.72537,579,
c83cda1d-8fd9-44e0-b6ef-814acdce1a54_d,46.43196,30.72524,581,
c83cda1d-8fd9-44e0-b6ef-814acdce1a54_d,46.43261,30.72445,583,
c83cda1d-8fd9-44e0-b6ef-814acdce1a54_d,46.432606,30.724455,585,
c83cda1d-8fd9-44e0-b6ef-814acdce1a54_d,46.43261,30.72446,590,
c83cda1d-8fd9-44e0-b6ef-814acdce1a54_d,46.43258,30.72433,592,
c83cda1d-8fd9-44e0-b6ef-814acdce1a54_d,46.43267,30.72425,594,
c83cda1d-8fd9-44e0-b6ef-814acdce1a54_d,46.43288,30.72395,596,
c83cda1d-8fd9-44e0-b6ef-814acdce1a54_d,46.43301,30.72378,598,
c83cda1d-8fd9-44e0-b6ef-814acdce1a54_d,46.43329,30.72339,600,
c83cda1d-8fd9-44e0-b6ef-814acdce1a54_d,46.43367,30.72286,602,
c83cda1d-8fd9-44e0-b6ef-814acdce1a54_d,46.4339,30.72247,604,
c83cda1d-8fd9-44e0-b6ef-814acdce1a54_d,46.43416,30.72213,606,
c83cda1d-8fd9-44e0-b6ef-814acdce1a54_d,46.43435,30.72185,608,
c83cda1d-8fd9-44e0-b6ef-814acdce1a54_d,46.43456,30.72155,610,
c83cda1d-8fd9-44e0-b6ef-814acdce1a54_d,46.43465,30.72144,612,
c83cda1d-8fd9-44e0-b6ef-814acdce1a54_d,46.43484,30.72119,614,
c83cda1d-8fd9-44e0-b6ef-814acdce1a54_d,46.43495,30.72103,616,
c83cda1d-8fd9-44e0-b6ef-814acdce1a54_d,46.43501,30.72091,618,
c83cda1d-8fd9-44e0-b6ef-814acdce1a54_d,46.43523,30.72043,620,
c83cda1d-8fd9-44e0-b6ef-814acdce1a54_d,46.43526,30.72037,622,
c83cda1d-8fd9-44e0-b6ef-814acdce1a54_d,46.43532819783446,30.72038054466248,624,
c83cda1d-8fd9-44e0-b6ef-814acdce1a54_d,46.43528,30.72037,629,
c83cda1d-8fd9-44e0-b6ef-814acdce1a54_d,46.43604,30.71861,631,
c83cda1d-8fd9-44e0-b6ef-814acdce1a54_d,46.43656,30.71743,633,
c83cda1d-8fd9-44e0-b6ef-814acdce1a54_d,46.43686,30.71668,635,
c83cda1d-8fd9-44e0-b6ef-814acdce1a54_d,46.43705,30.71625,637,
c83cda1d-8fd9-44e0-b6ef-814acdce1a54_d,46.43716,30.71599,639,
c83cda1d-8fd9-44e0-b6ef-814acdce1a54_d,46.43727,30.71579,641,
c83cda1d-8fd9-44e0-b6ef-814acdce1a54_d,46.43732,30.71585,643,
c83cda1d-8fd9-44e0-b6ef-814acdce1a54_d,46.437314,30.715853,645,
c83cda1d-8fd9-44e0-b6ef-814acdce1a54_d,46.43731,30.71585,650,
c83cda1d-8fd9-44e0-b6ef-814acdce1a54_d,46.43726,30.71579,652,
c83cda1d-8fd9-44e0-b6ef-814acdce1a54_d,46.43726,30.71578,654,
c83cda1d-8fd9-44e0-b6ef-814acdce1a54_d,46.4376,30.71498,656,
c83cda1d-8fd9-44e0-b6ef-814acdce1a54_d,46.43766,30.71483,658,
c83cda1d-8fd9-44e0-b6ef-814acdce1a54_d,46.43781,30.71447,660,
c83cda1d-8fd9-44e0-b6ef-814acdce1a54_d,46.43809,30.7138,662,
c83cda1d-8fd9-44e0-b6ef-814acdce1a54_d,46.43839,30.71312,664,
c83cda1d-8fd9-44e0-b6ef-814acdce1a54_d,46.43863,30.71256,666,
c83cda1d-8fd9-44e0-b6ef-814acdce1a54_d,46.43882,30.71213,668,
c83cda1d-8fd9-44e0-b6ef-814acdce1a54_d,46.43904,30.71166,670,
c83cda1d-8fd9-44e0-b6ef-814acdce1a54_d,46.43906,30.7116,672,
c83cda1d-8fd9-44e0-b6ef-814acdce1a54_d,46.43911,30.71163,674,
c83cda1d-8fd9-44e0-b6ef-814acdce1a54_d,46.439114,30.711634,676,
c83cda1d-8fd9-44e0-b6ef-814acdce1a54_d,46.43911,30.71163,681,
c83cda1d-8fd9-44e0-b6ef-814acdce1a54_d,46.43906,30.7116,683,
c83cda1d-8fd9-44e0-b6ef-814acdce1a54_d,46.4391,30.71149,685,
c83cda1d-8fd9-44e0-b6ef-814acdce1a54_d,46.43951,30.71056,687,
c83cda1d-8fd9-44e0-b6ef-814acdce1a54_d,46.4397,30.71016,689,
c83cda1d-8fd9-44e0-b6ef-814acdce1a54_d,46.43975,30.71005,691,
c83cda1d-8fd9-44e0-b6ef-814acdce1a54_d,46.44026,30.70889,693,
c83cda1d-8fd9-44e0-b6ef-814acdce1a54_d,46.44028,30.70883,695,
c83cda1d-8fd9-44e0-b6ef-814acdce1a54_d,46.44043,30.70853,697,
c83cda1d-8fd9-44e0-b6ef-814acdce1a54_d,46.44054,30.70825,699,
c83cda1d-8fd9-44e0-b6ef-814acdce1a54_d,46.44082,30.70765,701,
c83cda1d-8fd9-44e0-b6ef-814acdce1a54_d,46.44099,30.70726,703,
c83cda1d-8fd9-44e0-b6ef-814acdce1a54_d,46.44142,30.70627,705,
c83cda1d-8fd9-44e0-b6ef-814acdce1a54_d,46.44146,30.70616,707,
c83cda1d-8fd9-44e0-b6ef-814acdce1a54_d,46.4415,30.70608,709,
c83cda1d-8fd9-44e0-b6ef-814acdce1a54_d,46.44161,30.70595,711,
c83cda1d-8fd9-44e0-b6ef-814acdce1a54_d,46.44176,30.70582,713,
c83cda1d-8fd9-44e0-b6ef-814acdce1a54_d,46.44193,30.70578,715,
c83cda1d-8fd9-44e0-b6ef-814acdce1a54_d,46.44206,30.70574,717,
c83cda1d-8fd9-44e0-b6ef-814acdce1a54_d,46.44219,30.70563,719,
c83cda1d-8fd9-44e0-b6ef-814acdce1a54_d,46.44226,30.70556,721,
c83cda1d-8fd9-44e0-b6ef-814acdce1a54_d,46.44235,30.70539,723,
c83cda1d-8fd9-44e0-b6ef-814acdce1a54_d,46.44255,30.70523,725,
c83cda1d-8fd9-44e0-b6ef-814acdce1a54_d,46.44256,30.705234,727,
c83cda1d-8fd9-44e0-b6ef-814acdce1a54_d,46.44256,30.70523,732,
c83cda1d-8fd9-44e0-b6ef-814acdce1a54_d,46.44255,30.70505,734,
c83cda1d-8fd9-44e0-b6ef-814acdce1a54_d,46.44288,30.70428,736,
c83cda1d-8fd9-44e0-b6ef-814acdce1a54_d,46.44298,30.70406,738,
c83cda1d-8fd9-44e0-b6ef-814acdce1a54_d,46.44301,30.7039,740,
c83cda1d-8fd9-44e0-b6ef-814acdce1a54_d,46.44305,30.70373,742,
c83cda1d-8fd9-44e0-b6ef-814acdce1a54_d,46.44304,30.70354,744,
c83cda1d-8fd9-44e0-b6ef-814acdce1a54_d,46.44299,30.70331,746,
c83cda1d-8fd9-44e0-b6ef-814acdce1a54_d,46.44298,30.70318,748,
c83cda1d-8fd9-44e0-b6ef-814acdce1a54_d,46.44296,30.70304,750,
c83cda1d-8fd9-44e0-b6ef-814acdce1a54_d,46.44299,30.70287,752,
c83cda1d-8fd9-44e0-b6ef-814acdce1a54_d,46.44309,30.7026,754,
c83cda1d-8fd9-44e0-b6ef-814acdce1a54_d,46.44387,30.70094,756,
c83cda1d-8fd9-44e0-b6ef-814acdce1a54_d,46.44436,30.69993,758,
c83cda1d-8fd9-44e0-b6ef-814acdce1a54_d,46.44457,30.69944,760,
c83cda1d-8fd9-44e0-b6ef-814acdce1a54_d,46.44526,30.698,762,
c83cda1d-8fd9-44e0-b6ef-814acdce1a54_d,46.44605,30.69626,764,
c83cda1d-8fd9-44e0-b6ef-814acdce1a54_d,46.44624,30.69585,766,
c83cda1d-8fd9-44e0-b6ef-814acdce1a54_d,46.4463,30.69591,768,
c83cda1d-8fd9-44e0-b6ef-814acdce1a54_d,46.44629569168737,30.69591964298694,770,
c83cda1d-8fd9-44e0-b6ef-814acdce1a54_d,46.4463,30.69592,775,
c83cda1d-8fd9-44e0-b6ef-814acdce1a54_d,46.44624,30.69586,777,
c83cda1d-8fd9-44e0-b6ef-814acdce1a54_d,46.44629,30.69576,779,
c83cda1d-8fd9-44e0-b6ef-814acdce1a54_d,46.44685,30.69456,781,
c83cda1d-8fd9-44e0-b6ef-814acdce1a54_d,46.44691,30.69445,783,
c83cda1d-8fd9-44e0-b6ef-814acdce1a54_d,46.44803,30.69179,785,
c83cda1d-8fd9-44e0-b6ef-814acdce1a54_d,46.44807,30.69168,787,
c83cda1d-8fd9-44e0-b6ef-814acdce1a54_d,46.44816,30.69149,789,
c83cda1d-8fd9-44e0-b6ef-814acdce1a54_d,46.44817,30.69147,791,
c83cda1d-8fd9-44e0-b6ef-814acdce1a54_d,46.44822,30.69152,793,
c83cda1d-8fd9-44e0-b6ef-814acdce1a54_d,46.448223,30.691524,795,
c83cda1d-8fd9-44e0-b6ef-814acdce1a54_d,46.44822,30.69152,800,
c83cda1d-8fd9-44e0-b6ef-814acdce1a54_d,46.44817,30.69147,802,
c83cda1d-8fd9-44e0-b6ef-814acdce1a54_d,46.4491,30.68917,804,
c83cda1d-8fd9-44e0-b6ef-814acdce1a54_d,46.45002,30.68696,806,
c83cda1d-8fd9-44e0-b6ef-814acdce1a54_d,46.45005,30.6869,808,
c83cda1d-8fd9-44e0-b6ef-814acdce1a54_d,46.45012,30.68697,810,
c83cda1d-8fd9-44e0-b6ef-814acdce1a54_d,46.450116,30.686966,812,
c83cda1d-8fd9-44e0-b6ef-814acdce1a54_d,46.45012,30.68697,817,
c83cda1d-8fd9-44e0-b6ef-814acdce1a54_d,46.45005,30.6869,819,
c83cda1d-8fd9-44e0-b6ef-814acdce1a54_d,46.45011,30.68675,821,
c83cda1d-8fd9-44e0-b6ef-814acdce1a54_d,46.45079,30.68502,823,
c83cda1d-8fd9-44e0-b6ef-814acdce1a54_d,46.45119,30.68407,825,
c83cda1d-8fd9-44e0-b6ef-814acdce1a54_d,46.45123,30.68391,827,
c83cda1d-8fd9-44e0-b6ef-814acdce1a54_d,46.4514,30.68347,829,
c83cda1d-8fd9-44e0-b6ef-814acdce1a54_d,46.45156,30.68315,831,
c83cda1d-8fd9-44e0-b6ef-814acdce1a54_d,46.45155,30.68307,833,
c83cda1d-8fd9-44e0-b6ef-814acdce1a54_d,46.45151,30.68299,835,
c83cda1d-8fd9-44e0-b6ef-814acdce1a54_d,46.45128,30.68302,837,
c83cda1d-8fd9-44e0-b6ef-814acdce1a54_d,46.4512,30.6831,839,
c83cda1d-8fd9-44e0-b6ef-814acdce1a54_d,46.45127,30.68324,841,
c83cda1d-8fd9-44e0-b6ef-814acdce1a54_d,46.45129,30.68342,843,
c83cda1d-8fd9-44e0-b6ef-814acdce1a54_d,46.4513,30.68359,845,
c83cda1d-8fd9-44e0-b6ef-814acdce1a54_d,46.45127,30.68373,847,
c83cda1d-8fd9-44e0-b6ef-814acdce1a54_d,46.4512,30.68368,849,
c83cda1d-8fd9-44e0-b6ef-814acdce1a54_d,46.4512,30.68368,851,
c83cda1d-8fd9-44e0-b6ef-814acdce1a54_d,46.4512,30.68368,853,
c83cda1d-8fd9-44e0-b6ef-814acdce1a54_d,46.4512,30.68368,855,
c83cda1d-8fd9-44e0-b6ef-814acdce1a54_d,46.4512,30.68368,857,
c83cda1d-8fd9-44e0-b6ef-814acdce1a54_d,46.4512,30.68368,859,
c83cda1d-8fd9-44e0-b6ef-814acdce1a54_d,46.451202,30.68366,861,
76418961-c191-4c61-9b4a-9ee32cbbb8f0_d,46.49777556904292,30.722665786743168,1,
76418961-c191-4c61-9b4a-9ee32cbbb8f0_d,46.49772,30.72267,6,
76418961-c191-4c61-9b4a-9ee32cbbb8f0_d,46.49779,30.72273,8,
76418961-c191-4c61-9b4a-9ee32cbbb8f0_d,46.49778,30.72287,10,
76418961-c191-4c61-9b4a-9ee32cbbb8f0_d,46.49782,30.72298,12,
76418961-c191-4c61-9b4a-9ee32cbbb8f0_d,46.49793,30.72315,14,
76418961-c191-4c61-9b4a-9ee32cbbb8f0_d,46.49801,30.72326,16,
76418961-c191-4c61-9b4a-9ee32cbbb8f0_d,46.49821,30.72334,18,
76418961-c191-4c61-9b4a-9ee32cbbb8f0_d,46.49842,30.72342,20,
76418961-c191-4c61-9b4a-9ee32cbbb8f0_d,46.49913,30.72372,22,
76418961-c191-4c61-9b4a-9ee32cbbb8f0_d,46.49941,30.72383,24,
76418961-c191-4c61-9b4a-9ee32cbbb8f0_d,46.4998,30.72402,26,
76418961-c191-4c61-9b4a-9ee32cbbb8f0_d,46.50005,30.72412,28,
76418961-c191-4c61-9b4a-9ee32cbbb8f0_d,46.50045,30.7243,30,
76418961-c191-4c61-9b4a-9ee32cbbb8f0_d,46.50079,30.72442,32,
76418961-c191-4c61-9b4a-9ee32cbbb8f0_d,46.50103,30.72451,34,
76418961-c191-4c61-9b4a-9ee32cbbb8f0_d,46.50167,30.72477,36,
76418961-c191-4c61-9b4a-9ee32cbbb8f0_d,46.50219,30.72494,38,
76418961-c191-4c61-9b4a-9ee32cbbb8f0_d,46.50231,30.72493,40,
76418961-c191-4c61-9b4a-9ee32cbbb8f0_d,46.50239,30.7249,42,
76418961-c191-4c61-9b4a-9ee32cbbb8f0_d,46.50322,30.72481,44,
76418961-c191-4c61-9b4a-9ee32cbbb8f0_d,46.50462,30.7247,46,
76418961-c191-4c61-9b4a-9ee32cbbb8f0_d,46.50462,30.7248,48,
76418961-c191-4c61-9b4a-9ee32cbbb8f0_d,46.50462,30.7247,50,
76418961-c191-4c61-9b4a-9ee32cbbb8f0_d,46.504602,30.724688,52,
76418961-c191-4c61-9b4a-9ee32cbbb8f0_d,46.5046,30.72469,57,
76418961-c191-4c61-9b4a-9ee32cbbb8f0_d,46.50541,30.72456,59,
76418961-c191-4c61-9b4a-9ee32cbbb8f0_d,46.50633,30.72448,61,
76418961-c191-4c61-9b4a-9ee32cbbb8f0_d,46.50771,30.72434,63,
76418961-c191-4c61-9b4a-9ee32cbbb8f0_d,46.507706,30.724335,65,
76418961-c191-4c61-9b4a-9ee32cbbb8f0_d,46.50771,30.72434,70,
76418961-c191-4c61-9b4a-9ee32cbbb8f0_d,46.50802,30.72432,72,
76418961-c191-4c61-9b4a-9ee32cbbb8f0_d,46.50835,30.72427,74,
76418961-c191-4c61-9b4a-9ee32cbbb8f0_d,46.50899,30.72421,76,
76418961-c191-4c61-9b4a-9ee32cbbb8f0_d,46.51032,30.72405,78,
76418961-c191-4c61-9b4a-9ee32cbbb8f0_d,46.51082,30.72398,80,
76418961-c191-4c61-9b4a-9ee32cbbb8f0_d,46.510816,30.723984,82,
76418961-c191-4c61-9b4a-9ee32cbbb8f0_d,46.51082,30.72398,87,
76418961-c191-4c61-9b4a-9ee32cbbb8f0_d,46.51134,30.72393,89,
76418961-c191-4c61-9b4a-9ee32cbbb8f0_d,46.51206,30.7239,91,
76418961-c191-4c61-9b4a-9ee32cbbb8f0_d,46.5124,30.72401,93,
76418961-c191-4c61-9b4a-9ee32cbbb8f0_d,46.51275,30.72417,95,
76418961-c191-4c61-9b4a-9ee32cbbb8f0_d,46.51439,30.72476,97,
76418961-c191-4c61-9b4a-9ee32cbbb8f0_d,46.51535,30.72512,99,
76418961-c191-4c61-9b4a-9ee32cbbb8f0_d,46.51604,30.72537,101,
76418961-c191-4c61-9b4a-9ee32cbbb8f0_d,46.51685,30.72567,103,
76418961-c191-4c61-9b4a-9ee32cbbb8f0_d,46.51759,30.72595,105,
76418961-c191-4c61-9b4a-9ee32cbbb8f0_d,46.51758,30.725954,107,
76418961-c191-4c61-9b4a-9ee32cbbb8f0_d,46.51758,30.72595,112,
76418961-c191-4c61-9b4a-9ee32cbbb8f0_d,46.51806,30.72612,114,
76418961-c191-4c61-9b4a-9ee32cbbb8f0_d,46.51851,30.7263,116,
76418961-c191-4c61-9b4a-9ee32cbbb8f0_d,46.51882,30.72641,118,
76418961-c191-4c61-9b4a-9ee32cbbb8f0_d,46.51911,30.72651,120,
76418961-c191-4c61-9b4a-9ee32cbbb8f0_d,46.5203,30.72697,122,
76418961-c191-4c61-9b4a-9ee32cbbb8f0_d,46.5209,30.72721,124,
76418961-c191-4c61-9b4a-9ee32cbbb8f0_d,46.5215,30.72745,126,
76418961-c191-4c61-9b4a-9ee32cbbb8f0_d,46.521484,30.727447,128,
76418961-c191-4c61-9b4a-9ee32cbbb8f0_d,46.52148,30.72745,133,
76418961-c191-4c61-9b4a-9ee32cbbb8f0_d,46.52361,30.7282,135,
76418961-c191-4c61-9b4a-9ee32cbbb8f0_d,46.52407,30.72835,137,
76418961-c191-4c61-9b4a-9ee32cbbb8f0_d,46.52468,30.7286,139,
76418961-c191-4c61-9b4a-9ee32cbbb8f0_d,46.52518,30.7288,141,
76418961-c191-4c61-9b4a-9ee32cbbb8f0_d,46.525193,30.728803,143,
76418961-c191-4c61-9b4a-9ee32cbbb8f0_d,46.52519,30.7288,148,
76418961-c191-4c61-9b4a-9ee32cbbb8f0_d,46.52592,30.72911,150,
76418961-c191-4c61-9b4a-9ee32cbbb8f0_d,46.52644,30.72934,152,
76418961-c191-4c61-9b4a-9ee32cbbb8f0_d,46.52658,30.72945,154,
76418961-c191-4c61-9b4a-9ee32cbbb8f0_d,46.52684,30.7297,156,
76418961-c191-4c61-9b4a-9ee32cbbb8f0_d,46.5272,30.7303,158,
76418961-c191-4c61-9b4a-9ee32cbbb8f0_d,46.52751,30.73086,160,
76418961-c191-4c61-9b4a-9ee32cbbb8f0_d,46.52798,30.73131,162,
76418961-c191-4c61-9b4a-9ee32cbbb8f0_d,46.52849,30.73176,164,
76418961-c191-4c61-9b4a-9ee32cbbb8f0_d,46.52887,30.73208,166,
76418961-c191-4c61-9b4a-9ee32cbbb8f0_d,46.52887,30.732071,168,
76418961-c191-4c61-9b4a-9ee32cbbb8f0_d,46.52887,30.73207,173,
76418961-c191-4c61-9b4a-9ee32cbbb8f0_d,46.52916,30.7323,175,
76418961-c191-4c61-9b4a-9ee32cbbb8f0_d,46.52995,30.7326,177,
76418961-c191-4c61-9b4a-9ee32cbbb8f0_d,46.53089,30.73295,179,
76418961-c191-4c61-9b4a-9ee32cbbb8f0_d,46.53101,30.73294,181,
76418961-c191-4c61-9b4a-9ee32cbbb8f0_d,46.53111,30.73294,183,
76418961-c191-4c61-9b4a-9ee32cbbb8f0_d,46.53119,30.7329,185,
76418961-c191-4c61-9b4a-9ee32cbbb8f0_d,46.53126,30.73286,187,
76418961-c191-4c61-9b4a-9ee32cbbb8f0_d,46.53156,30.73272,189,
76418961-c191-4c61-9b4a-9ee32cbbb8f0_d,46.53163,30.73275,191,
76418961-c191-4c61-9b4a-9ee32cbbb8f0_d,46.53163,30.73275,193,
76418961-c191-4c61-9b4a-9ee32cbbb8f0_d,46.53163882288476,30.732643604278568,195,
76418961-c191-4c61-9b4a-9ee32cbbb8f0_d,46.53163,30.73276,200,
76418961-c191-4c61-9b4a-9ee32cbbb8f0_d,46.53166,30.73265,202,
76418961-c191-4c61-9b4a-9ee32cbbb8f0_d,46.53173,30.73263,204,
76418961-c191-4c61-9b4a-9ee32cbbb8f0_d,46.5318,30.73262,206,
76418961-c191-4c61-9b4a-9ee32cbbb8f0_d,46.53194,30.73263,208,
76418961-c191-4c61-9b4a-9ee32cbbb8f0_d,46.53201,30.73268,210,
76418961-c191-4c61-9b4a-9ee32cbbb8f0_d,46.53207,30.73274,212,
76418961-c191-4c61-9b4a-9ee32cbbb8f0_d,46.53216,30.73284,214,
76418961-c191-4c61-9b4a-9ee32cbbb8f0_d,46.53225,30.73294,216,
76418961-c191-4c61-9b4a-9ee32cbbb8f0_d,46.53271,30.73356,218,
76418961-c191-4c61-9b4a-9ee32cbbb8f0_d,46.53291,30.73373,220,
76418961-c191-4c61-9b4a-9ee32cbbb8f0_d,46.53327,30.7342,222,
76418961-c191-4c61-9b4a-9ee32cbbb8f0_d,46.53418,30.7353,224,
76418961-c191-4c61-9b4a-9ee32cbbb8f0_d,46.534179,30.735297,226,
76418961-c191-4c61-9b4a-9ee32cbbb8f0_d,46.53418,30.7353,231,
76418961-c191-4c61-9b4a-9ee32cbbb8f0_d,46.53601,30.73759,233,
76418961-c191-4c61-9b4a-9ee32cbbb8f0_d,46.5375,30.73937,235,
76418961-c191-4c61-9b4a-9ee32cbbb8f0_d,46.53848,30.74053,237,
76418961-c191-4c61-9b4a-9ee32cbbb8f0_d,46.538487,30.740533,239,
76418961-c191-4c61-9b4a-9ee32cbbb8f0_d,46.53849,30.74053,244,
76418961-c191-4c61-9b4a-9ee32cbbb8f0_d,46.53933,30.74157,246,
76418961-c191-4c61-9b4a-9ee32cbbb8f0_d,46.54002,30.74239,248,
76418961-c191-4c61-9b4a-9ee32cbbb8f0_d,46.54101,30.74357,250,
76418961-c191-4c61-9b4a-9ee32cbbb8f0_d,46.54225,30.74511,252,
76418961-c191-4c61-9b4a-9ee32cbbb8f0_d,46.54276,30.74567,254,
76418961-c191-4c61-9b4a-9ee32cbbb8f0_d,46.542758,30.745674,256,
76418961-c191-4c61-9b4a-9ee32cbbb8f0_d,46.54276,30.74567,261,
76418961-c191-4c61-9b4a-9ee32cbbb8f0_d,46.54417,30.74746,263,
76418961-c191-4c61-9b4a-9ee32cbbb8f0_d,46.54473,30.74814,265,
76418961-c191-4c61-9b4a-9ee32cbbb8f0_d,46.54584,30.7495,267,
76418961-c191-4c61-9b4a-9ee32cbbb8f0_d,46.54733,30.7513,269,
76418961-c191-4c61-9b4a-9ee32cbbb8f0_d,46.54783,30.75193,271,
76418961-c191-4c61-9b4a-9ee32cbbb8f0_d,46.547568255546636,30.75154781341553,273,
76418961-c191-4c61-9b4a-9ee32cbbb8f0_d,46.54784,30.75193,278,
76418961-c191-4c61-9b4a-9ee32cbbb8f0_d,46.5492,30.75353,280,
76418961-c191-4c61-9b4a-9ee32cbbb8f0_d,46.54927,30.75363,282,
76418961-c191-4c61-9b4a-9ee32cbbb8f0_d,46.55081,30.75548,284,
76418961-c191-4c61-9b4a-9ee32cbbb8f0_d,46.55085171320204,30.755458474159244,286,
76418961-c191-4c61-9b4a-9ee32cbbb8f0_d,46.55081,30.75548,291,
76418961-c191-4c61-9b4a-9ee32cbbb8f0_d,46.55098,30.75578,293,
76418961-c191-4c61-9b4a-9ee32cbbb8f0_d,46.55124,30.7564,295,
76418961-c191-4c61-9b4a-9ee32cbbb8f0_d,46.55225,30.75929,297,
76418961-c191-4c61-9b4a-9ee32cbbb8f0_d,46.55342,30.76258,299,
76418961-c191-4c61-9b4a-9ee32cbbb8f0_d,46.55346,30.76272,301,
76418961-c191-4c61-9b4a-9ee32cbbb8f0_d,46.55344,30.76286,303,
76418961-c191-4c61-9b4a-9ee32cbbb8f0_d,46.55338,30.76298,305,
76418961-c191-4c61-9b4a-9ee32cbbb8f0_d,46.55332,30.76307,307,
76418961-c191-4c61-9b4a-9ee32cbbb8f0_d,46.55323,30.76324,309,
76418961-c191-4c61-9b4a-9ee32cbbb8f0_d,46.55314,30.76341,311,
76418961-c191-4c61-9b4a-9ee32cbbb8f0_d,46.553319709593964,30.762223005294803,313,
76418961-c191-4c61-9b4a-9ee32cbbb8f0_d,46.55315,30.76342,318,
76418961-c191-4c61-9b4a-9ee32cbbb8f0_d,46.55323,30.76375,320,
76418961-c191-4c61-9b4a-9ee32cbbb8f0_d,46.55334,30.76402,322,
76418961-c191-4c61-9b4a-9ee32cbbb8f0_d,46.55353,30.76415,324,
76418961-c191-4c61-9b4a-9ee32cbbb8f0_d,46.55378,30.76421,326,
76418961-c191-4c61-9b4a-9ee32cbbb8f0_d,46.55386,30.76426,328,
76418961-c191-4c61-9b4a-9ee32cbbb8f0_d,46.55394,30.76431,330,
76418961-c191-4c61-9b4a-9ee32cbbb8f0_d,46.55399,30.76442,332,
76418961-c191-4c61-9b4a-9ee32cbbb8f0_d,46.55403,30.76454,334,
76418961-c191-4c61-9b4a-9ee32cbbb8f0_d,46.55448,30.7659,336,
76418961-c191-4c61-9b4a-9ee32cbbb8f0_d,46.555,30.76748,338,
76418961-c191-4c61-9b4a-9ee32cbbb8f0_d,46.55553,30.76897,340,
76418961-c191-4c61-9b4a-9ee32cbbb8f0_d,46.55577,30.76971,342,
76418961-c191-4c61-9b4a-9ee32cbbb8f0_d,46.55618,30.7705,344,
76418961-c191-4c61-9b4a-9ee32cbbb8f0_d,46.5568,30.7715,346,
76418961-c191-4c61-9b4a-9ee32cbbb8f0_d,46.55701,30.77186,348,
76418961-c191-4c61-9b4a-9ee32cbbb8f0_d,46.55712,30.77195,350,
76418961-c191-4c61-9b4a-9ee32cbbb8f0_d,46.55721,30.77193,352,
76418961-c191-4c61-9b4a-9ee32cbbb8f0_d,46.55752,30.77176,354,
76418961-c191-4c61-9b4a-9ee32cbbb8f0_d,46.55766,30.77178,356,
76418961-c191-4c61-9b4a-9ee32cbbb8f0_d,46.55774,30.77188,358,
76418961-c191-4c61-9b4a-9ee32cbbb8f0_d,46.55782747904811,30.771889686584476,360,
76418961-c191-4c61-9b4a-9ee32cbbb8f0_d,46.55776,30.77189,365,
76418961-c191-4c61-9b4a-9ee32cbbb8f0_d,46.56259,30.77447,367,
76418961-c191-4c61-9b4a-9ee32cbbb8f0_d,46.56258937209552,30.774469971656803,369,
76418961-c191-4c61-9b4a-9ee32cbbb8f0_d,46.56259,30.77447,374,
76418961-c191-4c61-9b4a-9ee32cbbb8f0_d,46.56516,30.77587,376,
76418961-c191-4c61-9b4a-9ee32cbbb8f0_d,46.565164,30.775873,378,
76418961-c191-4c61-9b4a-9ee32cbbb8f0_d,46.56516,30.77587,383,
76418961-c191-4c61-9b4a-9ee32cbbb8f0_d,46.56658,30.77672,385,
76418961-c191-4c61-9b4a-9ee32cbbb8f0_d,46.56754,30.77722,387,
76418961-c191-4c61-9b4a-9ee32cbbb8f0_d,46.56782,30.77738,389,
76418961-c191-4c61-9b4a-9ee32cbbb8f0_d,46.5693,30.77817,391,
76418961-c191-4c61-9b4a-9ee32cbbb8f0_d,46.57062,30.77887,393,
76418961-c191-4c61-9b4a-9ee32cbbb8f0_d,46.57068,30.77895,395,
76418961-c191-4c61-9b4a-9ee32cbbb8f0_d,46.570685,30.778944,397,
76418961-c191-4c61-9b4a-9ee32cbbb8f0_d,46.57069,30.77894,402,
76418961-c191-4c61-9b4a-9ee32cbbb8f0_d,46.57086,30.779,404,
76418961-c191-4c61-9b4a-9ee32cbbb8f0_d,46.57159,30.77938,406,
76418961-c191-4c61-9b4a-9ee32cbbb8f0_d,46.57254,30.77989,408,
76418961-c191-4c61-9b4a-9ee32cbbb8f0_d,46.57388,30.78061,410,
76418961-c191-4c61-9b4a-9ee32cbbb8f0_d,46.57388935697318,30.780585408210758,412,
76418961-c191-4c61-9b4a-9ee32cbbb8f0_d,46.57388,30.78062,417,
76418961-c191-4c61-9b4a-9ee32cbbb8f0_d,46.57469,30.78108,419,
76418961-c191-4c61-9b4a-9ee32cbbb8f0_d,46.57571,30.78166,421,
76418961-c191-4c61-9b4a-9ee32cbbb8f0_d,46.57732,30.78256,423,
76418961-c191-4c61-9b4a-9ee32cbbb8f0_d,46.577313,30.782554,425,
76418961-c191-4c61-9b4a-9ee32cbbb8f0_d,46.57731,30.78255,430,
76418961-c191-4c61-9b4a-9ee32cbbb8f0_d,46.57748,30.78261,432,
76418961-c191-4c61-9b4a-9ee32cbbb8f0_d,46.57885,30.78337,434,
76418961-c191-4c61-9b4a-9ee32cbbb8f0_d,46.57997,30.78398,436,
76418961-c191-4c61-9b4a-9ee32cbbb8f0_d,46.58052,30.78427,438,
76418961-c191-4c61-9b4a-9ee32cbbb8f0_d,46.58112,30.7846,440,
76418961-c191-4c61-9b4a-9ee32cbbb8f0_d,46.58127,30.78471,442,
76418961-c191-4c61-9b4a-9ee32cbbb8f0_d,46.58128249191699,30.784667730331424,444,
76418961-c191-4c61-9b4a-9ee32cbbb8f0_d,46.58128,30.78471,449,
76418961-c191-4c61-9b4a-9ee32cbbb8f0_d,46.5814,30.78473,451,
76418961-c191-4c61-9b4a-9ee32cbbb8f0_d,46.58166,30.78486,453,
76418961-c191-4c61-9b4a-9ee32cbbb8f0_d,46.58184,30.785,455,
76418961-c191-4c61-9b4a-9ee32cbbb8f0_d,46.58198,30.78516,457,
76418961-c191-4c61-9b4a-9ee32cbbb8f0_d,46.58263,30.78579,459,
76418961-c191-4c61-9b4a-9ee32cbbb8f0_d,46.58355,30.78694,461,
76418961-c191-4c61-9b4a-9ee32cbbb8f0_d,46.58468,30.78836,463,
76418961-c191-4c61-9b4a-9ee32cbbb8f0_d,46.584669,30.788361,465,
76418961-c191-4c61-9b4a-9ee32cbbb8f0_d,46.58467,30.78836,470,
76418961-c191-4c61-9b4a-9ee32cbbb8f0_d,46.58535,30.78919,472,
76418961-c191-4c61-9b4a-9ee32cbbb8f0_d,46.58605,30.79009,474,
76418961-c191-4c61-9b4a-9ee32cbbb8f0_d,46.58692,30.79119,476,
76418961-c191-4c61-9b4a-9ee32cbbb8f0_d,46.58849,30.79319,478,
76418961-c191-4c61-9b4a-9ee32cbbb8f0_d,46.58865,30.79343,480,
76418961-c191-4c61-9b4a-9ee32cbbb8f0_d,46.588658,30.793428,482,
76418961-c191-4c61-9b4a-9ee32cbbb8f0_d,46.58866,30.79343,487,
76418961-c191-4c61-9b4a-9ee32cbbb8f0_d,46.58924,30.79414,489,
76418961-c191-4c61-9b4a-9ee32cbbb8f0_d,46.59005,30.79518,491,
76418961-c191-4c61-9b4a-9ee32cbbb8f0_d,46.59103,30.79642,493,
76418961-c191-4c61-9b4a-9ee32cbbb8f0_d,46.59131,30.79669,495,
76418961-c191-4c61-9b4a-9ee32cbbb8f0_d,46.59174,30.7972,497,
76418961-c191-4c61-9b4a-9ee32cbbb8f0_d,46.59182,30.79736,499,
76418961-c191-4c61-9b4a-9ee32cbbb8f0_d,46.59182,30.797365,501,
76418961-c191-4c61-9b4a-9ee32cbbb8f0_d,46.59182,30.79737,506,
76418961-c191-4c61-9b4a-9ee32cbbb8f0_d,46.59191,30.79745,508,
76418961-c191-4c61-9b4a-9ee32cbbb8f0_d,46.59222,30.79781,510,
76418961-c191-4c61-9b4a-9ee32cbbb8f0_d,46.59313,30.79896,512,
76418961-c191-4c61-9b4a-9ee32cbbb8f0_d,46.59405,30.80015,514,
76418961-c191-4c61-9b4a-9ee32cbbb8f0_d,46.59483,30.8012,516,
76418961-c191-4c61-9b4a-9ee32cbbb8f0_d,46.59483,30.80118,518,
76418961-c191-4c61-9b4a-9ee32cbbb8f0_d,46.59483,30.80118,523,
76418961-c191-4c61-9b4a-9ee32cbbb8f0_d,46.59654,30.80339,525,
76418961-c191-4c61-9b4a-9ee32cbbb8f0_d,46.59814,30.80598,527,
76418961-c191-4c61-9b4a-9ee32cbbb8f0_d,46.59814465398097,30.80598056316376,529,
76418961-c191-4c61-9b4a-9ee32cbbb8f0_d,46.59814,30.80598,534,
76418961-c191-4c61-9b4a-9ee32cbbb8f0_d,46.59846,30.80637,536,
76418961-c191-4c61-9b4a-9ee32cbbb8f0_d,46.6006,30.80933,538,
76418961-c191-4c61-9b4a-9ee32cbbb8f0_d,46.6005994416344,30.809333324432377,540,
76418961-c191-4c61-9b4a-9ee32cbbb8f0_d,46.6006,30.80933,545,
76418961-c191-4c61-9b4a-9ee32cbbb8f0_d,46.60092,30.80979,547,
76418961-c191-4c61-9b4a-9ee32cbbb8f0_d,46.60276,30.81241,549,
76418961-c191-4c61-9b4a-9ee32cbbb8f0_d,46.60337,30.81321,551,
76418961-c191-4c61-9b4a-9ee32cbbb8f0_d,46.60385,30.81388,553,
76418961-c191-4c61-9b4a-9ee32cbbb8f0_d,46.60411,30.8142,555,
76418961-c191-4c61-9b4a-9ee32cbbb8f0_d,46.604107,30.814211,557,
76418961-c191-4c61-9b4a-9ee32cbbb8f0_d,46.60411,30.81421,562,
76418961-c191-4c61-9b4a-9ee32cbbb8f0_d,46.60445,30.81464,564,
76418961-c191-4c61-9b4a-9ee32cbbb8f0_d,46.60527,30.81577,566,
76418961-c191-4c61-9b4a-9ee32cbbb8f0_d,46.60574,30.81639,568,
76418961-c191-4c61-9b4a-9ee32cbbb8f0_d,46.60648,30.81729,570,
76418961-c191-4c61-9b4a-9ee32cbbb8f0_d,46.60681,30.81767,572,
76418961-c191-4c61-9b4a-9ee32cbbb8f0_d,46.6071,30.81792,574,
76418961-c191-4c61-9b4a-9ee32cbbb8f0_d,46.607087,30.817922,576,
76418961-c191-4c61-9b4a-9ee32cbbb8f0_d,46.60709,30.81792,581,
76418961-c191-4c61-9b4a-9ee32cbbb8f0_d,46.60764,30.81858,583,
76418961-c191-4c61-9b4a-9ee32cbbb8f0_d,46.60805,30.81898,585,
76418961-c191-4c61-9b4a-9ee32cbbb8f0_d,46.60871,30.81952,587,
76418961-c191-4c61-9b4a-9ee32cbbb8f0_d,46.60903,30.81979,589,
76418961-c191-4c61-9b4a-9ee32cbbb8f0_d,46.61071,30.82119,591,
76418961-c191-4c61-9b4a-9ee32cbbb8f0_d,46.612,30.82231,593,
76418961-c191-4c61-9b4a-9ee32cbbb8f0_d,46.61076690082845,30.821261975616178,595,
76418961-c191-4c61-9b4a-9ee32cbbb8f0_d,46.612,30.82232,600,
76418961-c191-4c61-9b4a-9ee32cbbb8f0_d,46.61299,30.82313,602,
76418961-c191-4c61-9b4a-9ee32cbbb8f0_d,46.61377,30.82381,604,
76418961-c191-4c61-9b4a-9ee32cbbb8f0_d,46.61502,30.82486,606,
76418961-c191-4c61-9b4a-9ee32cbbb8f0_d,46.61512,30.82492,608,
76418961-c191-4c61-9b4a-9ee32cbbb8f0_d,46.61524,30.82494,610,
76418961-c191-4c61-9b4a-9ee32cbbb8f0_d,46.61536,30.82495,612,
76418961-c191-4c61-9b4a-9ee32cbbb8f0_d,46.6155,30.82489,614,
76418961-c191-4c61-9b4a-9ee32cbbb8f0_d,46.61561,30.82484,616,
76418961-c191-4c61-9b4a-9ee32cbbb8f0_d,46.61574,30.82474,618,
76418961-c191-4c61-9b4a-9ee32cbbb8f0_d,46.61584,30.82463,620,
76418961-c191-4c61-9b4a-9ee32cbbb8f0_d,46.6159,30.8245,622,
76418961-c191-4c61-9b4a-9ee32cbbb8f0_d,46.61597,30.82436,624,
76418961-c191-4c61-9b4a-9ee32cbbb8f0_d,46.61604,30.82422,626,
76418961-c191-4c61-9b4a-9ee32cbbb8f0_d,46.616013,30.824209,628,
76418961-c191-4c61-9b4a-9ee32cbbb8f0_d,46.61601,30.82421,633,
76418961-c191-4c61-9b4a-9ee32cbbb8f0_d,46.61677,30.82217,635,
76418961-c191-4c61-9b4a-9ee32cbbb8f0_d,46.61746,30.82045,637,
76418961-c191-4c61-9b4a-9ee32cbbb8f0_d,46.61762,30.82014,639,
76418961-c191-4c61-9b4a-9ee32cbbb8f0_d,46.61777615660678,30.819622278213505,641,
76418961-c191-4c61-9b4a-9ee32cbbb8f0_d,46.61763,30.82014,646,
76418961-c191-4c61-9b4a-9ee32cbbb8f0_d,46.61785,30.81948,648,
76418961-c191-4c61-9b4a-9ee32cbbb8f0_d,46.61886,30.81693,650,
76418961-c191-4c61-9b4a-9ee32cbbb8f0_d,46.61897,30.8167,652,
76418961-c191-4c61-9b4a-9ee32cbbb8f0_d,46.61906,30.81645,654,
76418961-c191-4c61-9b4a-9ee32cbbb8f0_d,46.61914,30.81619,656,
76418961-c191-4c61-9b4a-9ee32cbbb8f0_d,46.61914,30.81602,658,
76418961-c191-4c61-9b4a-9ee32cbbb8f0_d,46.61906,30.81586,660,
76418961-c191-4c61-9b4a-9ee32cbbb8f0_d,46.6189,30.8157,662,
76418961-c191-4c61-9b4a-9ee32cbbb8f0_d,46.61887,30.81551,664,
76418961-c191-4c61-9b4a-9ee32cbbb8f0_d,46.61886310718048,30.815674066543583,666,
b37ccb97-eda3-4661-9219-8b6700ece15b_r,46.473438445343724,30.75484156608582,1,
b37ccb97-eda3-4661-9219-8b6700ece15b_r,46.47332,30.75487,6,
b37ccb97-eda3-4661-9219-8b6700ece15b_r,46.47345,30.75484,8,
b37ccb97-eda3-4661-9219-8b6700ece15b_r,46.47359,30.75501,10,
b37ccb97-eda3-4661-9219-8b6700ece15b_r,46.47373,30.75517,12,
b37ccb97-eda3-4661-9219-8b6700ece15b_r,46.4738,30.75525,14,
b37ccb97-eda3-4661-9219-8b6700ece15b_r,46.47385,30.75531,16,
b37ccb97-eda3-4661-9219-8b6700ece15b_r,46.47394,30.75534,18,
b37ccb97-eda3-4661-9219-8b6700ece15b_r,46.47412,30.75535,20,
b37ccb97-eda3-4661-9219-8b6700ece15b_r,46.47432,30.75535,22,
b37ccb97-eda3-4661-9219-8b6700ece15b_r,46.47443,30.75531,24,
b37ccb97-eda3-4661-9219-8b6700ece15b_r,46.4745,30.75513,26,
b37ccb97-eda3-4661-9219-8b6700ece15b_r,46.47451,30.75501,28,
b37ccb97-eda3-4661-9219-8b6700ece15b_r,46.4745,30.75489,30,
b37ccb97-eda3-4661-9219-8b6700ece15b_r,46.47453,30.7549,32,
b37ccb97-eda3-4661-9219-8b6700ece15b_r,46.47452459551758,30.754868388175968,34,
b37ccb97-eda3-4661-9219-8b6700ece15b_r,46.47452,30.75487,39,
b37ccb97-eda3-4661-9219-8b6700ece15b_r,46.47449,30.75486,41,
b37ccb97-eda3-4661-9219-8b6700ece15b_r,46.47452,30.75473,43,
b37ccb97-eda3-4661-9219-8b6700ece15b_r,46.47454,30.75458,45,
b37ccb97-eda3-4661-9219-8b6700ece15b_r,46.47454,30.75446,47,
b37ccb97-eda3-4661-9219-8b6700ece15b_r,46.4745,30.75435,49,
b37ccb97-eda3-4661-9219-8b6700ece15b_r,46.47445,30.75427,51,
b37ccb97-eda3-4661-9219-8b6700ece15b_r,46.47432,30.75421,53,
b37ccb97-eda3-4661-9219-8b6700ece15b_r,46.47396,30.75414,55,
b37ccb97-eda3-4661-9219-8b6700ece15b_r,46.47293,30.75387,57,
b37ccb97-eda3-4661-9219-8b6700ece15b_r,46.47253,30.7538,59,
b37ccb97-eda3-4661-9219-8b6700ece15b_r,46.47235,30.75369,61,
b37ccb97-eda3-4661-9219-8b6700ece15b_r,46.4719,30.75353,63,
b37ccb97-eda3-4661-9219-8b6700ece15b_r,46.47190893181283,30.75353264808655,65,
b37ccb97-eda3-4661-9219-8b6700ece15b_r,46.47191,30.75353,70,
b37ccb97-eda3-4661-9219-8b6700ece15b_r,46.46923,30.75285,72,
b37ccb97-eda3-4661-9219-8b6700ece15b_r,46.46923033234496,30.75284600257874,74,
b37ccb97-eda3-4661-9219-8b6700ece15b_r,46.46923,30.75285,79,
b37ccb97-eda3-4661-9219-8b6700ece15b_r,46.46902,30.75282,81,
b37ccb97-eda3-4661-9219-8b6700ece15b_r,46.46888,30.75278,83,
b37ccb97-eda3-4661-9219-8b6700ece15b_r,46.4688,30.75268,85,
b37ccb97-eda3-4661-9219-8b6700ece15b_r,46.46876,30.75249,87,
b37ccb97-eda3-4661-9219-8b6700ece15b_r,46.46879,30.75187,89,
b37ccb97-eda3-4661-9219-8b6700ece15b_r,46.46884,30.75111,91,
b37ccb97-eda3-4661-9219-8b6700ece15b_r,46.46895,30.74965,93,
b37ccb97-eda3-4661-9219-8b6700ece15b_r,46.46905,30.74821,95,
b37ccb97-eda3-4661-9219-8b6700ece15b_r,46.46913,30.74722,97,
b37ccb97-eda3-4661-9219-8b6700ece15b_r,46.46919,30.74693,99,
b37ccb97-eda3-4661-9219-8b6700ece15b_r,46.46919338522375,30.746929049491886,101,
b37ccb97-eda3-4661-9219-8b6700ece15b_r,46.46919,30.74693,106,
b37ccb97-eda3-4661-9219-8b6700ece15b_r,46.46918,30.74675,108,
b37ccb97-eda3-4661-9219-8b6700ece15b_r,46.4693,30.74478,110,
b37ccb97-eda3-4661-9219-8b6700ece15b_r,46.46944,30.74305,112,
b37ccb97-eda3-4661-9219-8b6700ece15b_r,46.4695,30.74289,114,
b37ccb97-eda3-4661-9219-8b6700ece15b_r,46.469463098632005,30.74284136295319,116,
b37ccb97-eda3-4661-9219-8b6700ece15b_r,46.4695,30.74289,121,
b37ccb97-eda3-4661-9219-8b6700ece15b_r,46.46945,30.74274,123,
b37ccb97-eda3-4661-9219-8b6700ece15b_r,46.46939,30.74237,125,
b37ccb97-eda3-4661-9219-8b6700ece15b_r,46.46934,30.74208,127,
b37ccb97-eda3-4661-9219-8b6700ece15b_r,46.46932,30.7418,129,
b37ccb97-eda3-4661-9219-8b6700ece15b_r,46.46934,30.74141,131,
b37ccb97-eda3-4661-9219-8b6700ece15b_r,46.46942,30.7405,133,
b37ccb97-eda3-4661-9219-8b6700ece15b_r,46.46949,30.73935,135,
b37ccb97-eda3-4661-9219-8b6700ece15b_r,46.46952,30.73903,137,
b37ccb97-eda3-4661-9219-8b6700ece15b_r,46.46955,30.73869,139,
b37ccb97-eda3-4661-9219-8b6700ece15b_r,46.46962,30.73842,141,
b37ccb97-eda3-4661-9219-8b6700ece15b_r,46.46966,30.73821,143,
b37ccb97-eda3-4661-9219-8b6700ece15b_r,46.46969,30.73794,145,
b37ccb97-eda3-4661-9219-8b6700ece15b_r,46.46974,30.73731,147,
b37ccb97-eda3-4661-9219-8b6700ece15b_r,46.46979,30.7371,149,
b37ccb97-eda3-4661-9219-8b6700ece15b_r,46.469788230827014,30.73709607124329,151,
b37ccb97-eda3-4661-9219-8b6700ece15b_r,46.46979,30.7371,156,
b37ccb97-eda3-4661-9219-8b6700ece15b_r,46.46979,30.73685,158,
b37ccb97-eda3-4661-9219-8b6700ece15b_r,46.47,30.73408,160,
b37ccb97-eda3-4661-9219-8b6700ece15b_r,46.47019,30.7313,162,
b37ccb97-eda3-4661-9219-8b6700ece15b_r,46.47024,30.73113,164,
b37ccb97-eda3-4661-9219-8b6700ece15b_r,46.47024267370873,30.73112010955811,166,
b37ccb97-eda3-4661-9219-8b6700ece15b_r,46.47024,30.73112,171,
b37ccb97-eda3-4661-9219-8b6700ece15b_r,46.47021,30.731,173,
b37ccb97-eda3-4661-9219-8b6700ece15b_r,46.47025,30.73058,175,
b37ccb97-eda3-4661-9219-8b6700ece15b_r,46.47029,30.73001,177,
b37ccb97-eda3-4661-9219-8b6700ece15b_r,46.47039,30.72848,179,
b37ccb97-eda3-4661-9219-8b6700ece15b_r,46.47042,30.72836,181,
b37ccb97-eda3-4661-9219-8b6700ece15b_r,46.47048,30.72828,183,
b37ccb97-eda3-4661-9219-8b6700ece15b_r,46.4706,30.72822,185,
b37ccb97-eda3-4661-9219-8b6700ece15b_r,46.47134,30.72823,187,
b37ccb97-eda3-4661-9219-8b6700ece15b_r,46.47152,30.72816,189,
b37ccb97-eda3-4661-9219-8b6700ece15b_r,46.47169,30.72803,191,
b37ccb97-eda3-4661-9219-8b6700ece15b_r,46.47187,30.72779,193,
b37ccb97-eda3-4661-9219-8b6700ece15b_r,46.47194,30.72767,195,
b37ccb97-eda3-4661-9219-8b6700ece15b_r,46.47207,30.72742,197,
b37ccb97-eda3-4661-9219-8b6700ece15b_r,46.47331,30.72607,199,
b37ccb97-eda3-4661-9219-8b6700ece15b_r,46.4733005662782,30.72606101611335,201,
b37ccb97-eda3-4661-9219-8b6700ece15b_r,46.4733,30.72606,206,
b37ccb97-eda3-4661-9219-8b6700ece15b_r,46.47548,30.72357,208,
b37ccb97-eda3-4661-9219-8b6700ece15b_r,46.47572,30.72335,210,
b37ccb97-eda3-4661-9219-8b6700ece15b_r,46.47583,30.72331,212,
b37ccb97-eda3-4661-9219-8b6700ece15b_r,46.4759,30.72341,214,
b37ccb97-eda3-4661-9219-8b6700ece15b_r,46.47589148839826,30.72339534759522,216,
b37ccb97-eda3-4661-9219-8b6700ece15b_r,46.47589,30.7234,221,
b37ccb97-eda3-4661-9219-8b6700ece15b_r,46.47582,30.7233,223,
b37ccb97-eda3-4661-9219-8b6700ece15b_r,46.47598,30.72326,225,
b37ccb97-eda3-4661-9219-8b6700ece15b_r,46.4782,30.7225,227,
b37ccb97-eda3-4661-9219-8b6700ece15b_r,46.47836,30.72246,229,
b37ccb97-eda3-4661-9219-8b6700ece15b_r,46.47847,30.72249,231,
b37ccb97-eda3-4661-9219-8b6700ece15b_r,46.47825206849665,30.722478032112125,233,
b37ccb97-eda3-4661-9219-8b6700ece15b_r,46.47847,30.72249,238,
b37ccb97-eda3-4661-9219-8b6700ece15b_r,46.47852,30.72241,240,
b37ccb97-eda3-4661-9219-8b6700ece15b_r,46.48091,30.72166,242,
b37ccb97-eda3-4661-9219-8b6700ece15b_r,46.48091544827838,30.72162508964539,244,
b37ccb97-eda3-4661-9219-8b6700ece15b_r,46.4809,30.72166,249,
b37ccb97-eda3-4661-9219-8b6700ece15b_r,46.48417,30.7206,251,
b37ccb97-eda3-4661-9219-8b6700ece15b_r,46.48409951208285,30.720562934875492,253,
b37ccb97-eda3-4661-9219-8b6700ece15b_r,46.48417,30.7206,258,
b37ccb97-eda3-4661-9219-8b6700ece15b_r,46.48874,30.719,260,
b37ccb97-eda3-4661-9219-8b6700ece15b_r,46.48874,30.71904,262,
b37ccb97-eda3-4661-9219-8b6700ece15b_r,46.488742296647736,30.719044804573063,264,
b37ccb97-eda3-4661-9219-8b6700ece15b_r,46.48874,30.71904,269,
b37ccb97-eda3-4661-9219-8b6700ece15b_r,46.48874,30.719,271,
b37ccb97-eda3-4661-9219-8b6700ece15b_r,46.48909,30.71887,273,
b37ccb97-eda3-4661-9219-8b6700ece15b_r,46.48938,30.71884,275,
b37ccb97-eda3-4661-9219-8b6700ece15b_r,46.4896,30.71882,277,
b37ccb97-eda3-4661-9219-8b6700ece15b_r,46.48972,30.71882,279,
b37ccb97-eda3-4661-9219-8b6700ece15b_r,46.49051,30.71878,281,
b37ccb97-eda3-4661-9219-8b6700ece15b_r,46.49067,30.71877,283,
b37ccb97-eda3-4661-9219-8b6700ece15b_r,46.49086,30.71883,285,
b37ccb97-eda3-4661-9219-8b6700ece15b_r,46.4934,30.71968,287,
b37ccb97-eda3-4661-9219-8b6700ece15b_r,46.4935,30.71972,289,
b37ccb97-eda3-4661-9219-8b6700ece15b_r,46.49356,30.71982,291,
b37ccb97-eda3-4661-9219-8b6700ece15b_r,46.49357,30.71993,293,
b37ccb97-eda3-4661-9219-8b6700ece15b_r,46.49355,30.72005,295,
b37ccb97-eda3-4661-9219-8b6700ece15b_r,46.49329,30.72043,297,
b37ccb97-eda3-4661-9219-8b6700ece15b_r,46.49327,30.72057,299,
b37ccb97-eda3-4661-9219-8b6700ece15b_r,46.49327,30.72074,301,
b37ccb97-eda3-4661-9219-8b6700ece15b_r,46.4934,30.72085,303,
b37ccb97-eda3-4661-9219-8b6700ece15b_r,46.49412,30.72119,305,
b37ccb97-eda3-4661-9219-8b6700ece15b_r,46.49411,30.72122,307,
b37ccb97-eda3-4661-9219-8b6700ece15b_r,46.49406051274018,30.721163749694828,309,
b37ccb97-eda3-4661-9219-8b6700ece15b_d,46.49406051274018,30.721163749694828,1,
b37ccb97-eda3-4661-9219-8b6700ece15b_d,46.49409,30.72122,6,
b37ccb97-eda3-4661-9219-8b6700ece15b_d,46.4941,30.72119,8,
b37ccb97-eda3-4661-9219-8b6700ece15b_d,46.49425,30.72121,10,
b37ccb97-eda3-4661-9219-8b6700ece15b_d,46.49443,30.72113,12,
b37ccb97-eda3-4661-9219-8b6700ece15b_d,46.49467,30.72084,14,
b37ccb97-eda3-4661-9219-8b6700ece15b_d,46.49487,30.72058,16,
b37ccb97-eda3-4661-9219-8b6700ece15b_d,46.49502,30.72034,18,
b37ccb97-eda3-4661-9219-8b6700ece15b_d,46.49503,30.72024,20,
b37ccb97-eda3-4661-9219-8b6700ece15b_d,46.49501,30.72015,22,
b37ccb97-eda3-4661-9219-8b6700ece15b_d,46.49497,30.72005,24,
b37ccb97-eda3-4661-9219-8b6700ece15b_d,46.49491,30.71998,26,
b37ccb97-eda3-4661-9219-8b6700ece15b_d,46.49485,30.71995,28,
b37ccb97-eda3-4661-9219-8b6700ece15b_d,46.49385,30.71978,30,
b37ccb97-eda3-4661-9219-8b6700ece15b_d,46.49305,30.71952,32,
b37ccb97-eda3-4661-9219-8b6700ece15b_d,46.49305,30.71947,34,
b37ccb97-eda3-4661-9219-8b6700ece15b_d,46.493052307555075,30.719484686851505,36,
b37ccb97-eda3-4661-9219-8b6700ece15b_d,46.49305,30.71948,41,
b37ccb97-eda3-4661-9219-8b6700ece15b_d,46.49305,30.71953,43,
b37ccb97-eda3-4661-9219-8b6700ece15b_d,46.49209,30.7192,45,
b37ccb97-eda3-4661-9219-8b6700ece15b_d,46.4911,30.71888,47,
b37ccb97-eda3-4661-9219-8b6700ece15b_d,46.49081,30.71877,49,
b37ccb97-eda3-4661-9219-8b6700ece15b_d,46.49058,30.71872,51,
b37ccb97-eda3-4661-9219-8b6700ece15b_d,46.49014,30.71875,53,
b37ccb97-eda3-4661-9219-8b6700ece15b_d,46.48933,30.71878,55,
b37ccb97-eda3-4661-9219-8b6700ece15b_d,46.48933,30.71873,57,
b37ccb97-eda3-4661-9219-8b6700ece15b_d,46.489333235227456,30.718776583671573,59,
b37ccb97-eda3-4661-9219-8b6700ece15b_d,46.48933,30.71878,64,
b37ccb97-eda3-4661-9219-8b6700ece15b_d,46.48671,30.71963,66,
b37ccb97-eda3-4661-9219-8b6700ece15b_d,46.4845,30.72032,68,
b37ccb97-eda3-4661-9219-8b6700ece15b_d,46.48450212404865,30.72038054466248,70,
b37ccb97-eda3-4661-9219-8b6700ece15b_d,46.4845,30.72033,75,
b37ccb97-eda3-4661-9219-8b6700ece15b_d,46.48144,30.72138,77,
b37ccb97-eda3-4661-9219-8b6700ece15b_d,46.48143628816822,30.72138369083405,79,
b37ccb97-eda3-4661-9219-8b6700ece15b_d,46.48144,30.72138,84,
b37ccb97-eda3-4661-9219-8b6700ece15b_d,46.47874,30.72227,86,
b37ccb97-eda3-4661-9219-8b6700ece15b_d,46.47873,30.72222,88,
b37ccb97-eda3-4661-9219-8b6700ece15b_d,46.478743381369654,30.72227954864502,90,
b37ccb97-eda3-4661-9219-8b6700ece15b_d,46.47873,30.72222,95,
b37ccb97-eda3-4661-9219-8b6700ece15b_d,46.47874,30.72227,97,
b37ccb97-eda3-4661-9219-8b6700ece15b_d,46.47592,30.72316,99,
b37ccb97-eda3-4661-9219-8b6700ece15b_d,46.47591734820293,30.723159313201908,101,
b37ccb97-eda3-4661-9219-8b6700ece15b_d,46.47592,30.72316,106,
b37ccb97-eda3-4661-9219-8b6700ece15b_d,46.47578,30.72324,108,
b37ccb97-eda3-4661-9219-8b6700ece15b_d,46.47565,30.72335,110,
b37ccb97-eda3-4661-9219-8b6700ece15b_d,46.47425,30.72492,112,
b37ccb97-eda3-4661-9219-8b6700ece15b_d,46.47292,30.72643,114,
b37ccb97-eda3-4661-9219-8b6700ece15b_d,46.47292491781627,30.726431608200077,116,
b37ccb97-eda3-4661-9219-8b6700ece15b_d,46.47289,30.72645,121,
b37ccb97-eda3-4661-9219-8b6700ece15b_d,46.47218,30.72726,123,
b37ccb97-eda3-4661-9219-8b6700ece15b_d,46.47196,30.72754,125,
b37ccb97-eda3-4661-9219-8b6700ece15b_d,46.47189,30.7277,127,
b37ccb97-eda3-4661-9219-8b6700ece15b_d,46.47182,30.72783,129,
b37ccb97-eda3-4661-9219-8b6700ece15b_d,46.47172,30.72794,131,
b37ccb97-eda3-4661-9219-8b6700ece15b_d,46.47157,30.72809,133,
b37ccb97-eda3-4661-9219-8b6700ece15b_d,46.47143,30.72815,135,
b37ccb97-eda3-4661-9219-8b6700ece15b_d,46.47132,30.72818,137,
b37ccb97-eda3-4661-9219-8b6700ece15b_d,46.47083,30.72816,139,
b37ccb97-eda3-4661-9219-8b6700ece15b_d,46.47059,30.72817,141,
b37ccb97-eda3-4661-9219-8b6700ece15b_d,46.47045,30.72826,143,
b37ccb97-eda3-4661-9219-8b6700ece15b_d,46.47038,30.72844,145,
b37ccb97-eda3-4661-9219-8b6700ece15b_d,46.4703,30.72965,147,
b37ccb97-eda3-4661-9219-8b6700ece15b_d,46.47024,30.73023,149,
b37ccb97-eda3-4661-9219-8b6700ece15b_d,46.47025,30.73026,151,
b37ccb97-eda3-4661-9219-8b6700ece15b_d,46.47023528442392,30.730256438255314,153,
b37ccb97-eda3-4661-9219-8b6700ece15b_d,46.47024,30.73026,158,
b37ccb97-eda3-4661-9219-8b6700ece15b_d,46.46998,30.73345,160,
b37ccb97-eda3-4661-9219-8b6700ece15b_d,46.46978,30.73607,162,
b37ccb97-eda3-4661-9219-8b6700ece15b_d,46.46974,30.7362,164,
b37ccb97-eda3-4661-9219-8b6700ece15b_d,46.469758673434995,30.736248493194584,166,
b37ccb97-eda3-4661-9219-8b6700ece15b_d,46.46974,30.73621,171,
b37ccb97-eda3-4661-9219-8b6700ece15b_d,46.46977,30.73639,173,
b37ccb97-eda3-4661-9219-8b6700ece15b_d,46.46966,30.73806,175,
b37ccb97-eda3-4661-9219-8b6700ece15b_d,46.46963,30.73834,177,
b37ccb97-eda3-4661-9219-8b6700ece15b_d,46.46955,30.73858,179,
b37ccb97-eda3-4661-9219-8b6700ece15b_d,46.46952,30.73883,181,
b37ccb97-eda3-4661-9219-8b6700ece15b_d,46.4693,30.74174,183,
b37ccb97-eda3-4661-9219-8b6700ece15b_d,46.46932270003833,30.74162364006043,185,
b37ccb97-eda3-4661-9219-8b6700ece15b_d,46.4693,30.74174,190,
b37ccb97-eda3-4661-9219-8b6700ece15b_d,46.4693,30.74207,192,
b37ccb97-eda3-4661-9219-8b6700ece15b_d,46.46934,30.74234,194,
b37ccb97-eda3-4661-9219-8b6700ece15b_d,46.4694,30.74263,196,
b37ccb97-eda3-4661-9219-8b6700ece15b_d,46.46941,30.74275,198,
b37ccb97-eda3-4661-9219-8b6700ece15b_d,46.4694,30.74287,200,
b37ccb97-eda3-4661-9219-8b6700ece15b_d,46.46913,30.74634,202,
b37ccb97-eda3-4661-9219-8b6700ece15b_d,46.46909,30.74644,204,
b37ccb97-eda3-4661-9219-8b6700ece15b_d,46.469097322591146,30.746440887451175,206,
b37ccb97-eda3-4661-9219-8b6700ece15b_d,46.4691,30.74644,211,
b37ccb97-eda3-4661-9219-8b6700ece15b_d,46.46912,30.74664,213,
b37ccb97-eda3-4661-9219-8b6700ece15b_d,46.46891,30.74956,215,
b37ccb97-eda3-4661-9219-8b6700ece15b_d,46.46872,30.75205,217,
b37ccb97-eda3-4661-9219-8b6700ece15b_d,46.46871,30.75219,219,
b37ccb97-eda3-4661-9219-8b6700ece15b_d,46.46868,30.75229,221,
b37ccb97-eda3-4661-9219-8b6700ece15b_d,46.468720459856925,30.75228810310364,223,
b37ccb97-eda3-4661-9219-8b6700ece15b_d,46.46866,30.7523,228,
b37ccb97-eda3-4661-9219-8b6700ece15b_d,46.46868,30.75256,230,
b37ccb97-eda3-4661-9219-8b6700ece15b_d,46.46874,30.75273,232,
b37ccb97-eda3-4661-9219-8b6700ece15b_d,46.46881,30.75279,234,
b37ccb97-eda3-4661-9219-8b6700ece15b_d,46.4689,30.75285,236,
b37ccb97-eda3-4661-9219-8b6700ece15b_d,46.47065,30.75325,238,
b37ccb97-eda3-4661-9219-8b6700ece15b_d,46.47157,30.75348,240,
b37ccb97-eda3-4661-9219-8b6700ece15b_d,46.47205,30.75359,242,
b37ccb97-eda3-4661-9219-8b6700ece15b_d,46.47227,30.75366,244,
b37ccb97-eda3-4661-9219-8b6700ece15b_d,46.47239,30.75371,246,
b37ccb97-eda3-4661-9219-8b6700ece15b_d,46.47294,30.75431,248,
b37ccb97-eda3-4661-9219-8b6700ece15b_d,46.4732,30.75456,250,
b37ccb97-eda3-4661-9219-8b6700ece15b_d,46.47332,30.75467,252,
b37ccb97-eda3-4661-9219-8b6700ece15b_d,46.47343,30.75482,254,
b37ccb97-eda3-4661-9219-8b6700ece15b_d,46.47332,30.75488,256,
b37ccb97-eda3-4661-9219-8b6700ece15b_d,46.473438445343724,30.75484156608582,258,
44507bf2-cb6e-4689-af1e-0bb3c3ed1f9b_r,46.43124654429891,30.760747790336612,1,
44507bf2-cb6e-4689-af1e-0bb3c3ed1f9b_r,46.43119,30.76078,6,
44507bf2-cb6e-4689-af1e-0bb3c3ed1f9b_r,46.43107,30.76086,8,
44507bf2-cb6e-4689-af1e-0bb3c3ed1f9b_r,46.43101,30.76103,10,
44507bf2-cb6e-4689-af1e-0bb3c3ed1f9b_r,46.43102,30.76116,12,
44507bf2-cb6e-4689-af1e-0bb3c3ed1f9b_r,46.43105,30.76127,14,
44507bf2-cb6e-4689-af1e-0bb3c3ed1f9b_r,46.43112,30.76135,16,
44507bf2-cb6e-4689-af1e-0bb3c3ed1f9b_r,46.43121,30.76138,18,
44507bf2-cb6e-4689-af1e-0bb3c3ed1f9b_r,46.43133,30.76135,20,
44507bf2-cb6e-4689-af1e-0bb3c3ed1f9b_r,46.43168,30.7612,22,
44507bf2-cb6e-4689-af1e-0bb3c3ed1f9b_r,46.43631,30.7592,24,
44507bf2-cb6e-4689-af1e-0bb3c3ed1f9b_r,46.43630420012844,30.759192109107975,26,
44507bf2-cb6e-4689-af1e-0bb3c3ed1f9b_r,46.4363,30.75919,31,
44507bf2-cb6e-4689-af1e-0bb3c3ed1f9b_r,46.43684,30.75888,33,
44507bf2-cb6e-4689-af1e-0bb3c3ed1f9b_r,46.43741,30.75843,35,
44507bf2-cb6e-4689-af1e-0bb3c3ed1f9b_r,46.43836,30.75748,37,
44507bf2-cb6e-4689-af1e-0bb3c3ed1f9b_r,46.43854,30.75738,39,
44507bf2-cb6e-4689-af1e-0bb3c3ed1f9b_r,46.43872,30.75732,41,
44507bf2-cb6e-4689-af1e-0bb3c3ed1f9b_r,46.43892,30.75734,43,
44507bf2-cb6e-4689-af1e-0bb3c3ed1f9b_r,46.43921,30.75741,45,
44507bf2-cb6e-4689-af1e-0bb3c3ed1f9b_r,46.43955,30.7575,47,
44507bf2-cb6e-4689-af1e-0bb3c3ed1f9b_r,46.43956111158478,30.757496953010563,49,
44507bf2-cb6e-4689-af1e-0bb3c3ed1f9b_r,46.43956,30.7575,54,
44507bf2-cb6e-4689-af1e-0bb3c3ed1f9b_r,46.43968,30.75749,56,
44507bf2-cb6e-4689-af1e-0bb3c3ed1f9b_r,46.43999,30.75753,58,
44507bf2-cb6e-4689-af1e-0bb3c3ed1f9b_r,46.44013,30.75761,60,
44507bf2-cb6e-4689-af1e-0bb3c3ed1f9b_r,46.44023,30.75771,62,
44507bf2-cb6e-4689-af1e-0bb3c3ed1f9b_r,46.44034,30.75791,64,
44507bf2-cb6e-4689-af1e-0bb3c3ed1f9b_r,46.44047,30.75821,66,
44507bf2-cb6e-4689-af1e-0bb3c3ed1f9b_r,46.44054,30.75846,68,
44507bf2-cb6e-4689-af1e-0bb3c3ed1f9b_r,46.44066,30.75936,70,
44507bf2-cb6e-4689-af1e-0bb3c3ed1f9b_r,46.44076,30.76022,72,
44507bf2-cb6e-4689-af1e-0bb3c3ed1f9b_r,46.44085,30.76091,74,
44507bf2-cb6e-4689-af1e-0bb3c3ed1f9b_r,46.44117,30.7617,76,
44507bf2-cb6e-4689-af1e-0bb3c3ed1f9b_r,46.44127,30.7619,78,
44507bf2-cb6e-4689-af1e-0bb3c3ed1f9b_r,46.441268971451635,30.761895775794986,80,
44507bf2-cb6e-4689-af1e-0bb3c3ed1f9b_r,46.44127,30.7619,85,
44507bf2-cb6e-4689-af1e-0bb3c3ed1f9b_r,46.44137,30.76213,87,
44507bf2-cb6e-4689-af1e-0bb3c3ed1f9b_r,46.44146,30.76235,89,
44507bf2-cb6e-4689-af1e-0bb3c3ed1f9b_r,46.44176,30.76302,91,
44507bf2-cb6e-4689-af1e-0bb3c3ed1f9b_r,46.44224,30.76412,93,
44507bf2-cb6e-4689-af1e-0bb3c3ed1f9b_r,46.44248,30.76466,95,
44507bf2-cb6e-4689-af1e-0bb3c3ed1f9b_r,46.44268,30.76511,97,
44507bf2-cb6e-4689-af1e-0bb3c3ed1f9b_r,46.44274,30.76529,99,
44507bf2-cb6e-4689-af1e-0bb3c3ed1f9b_r,46.44282,30.76533,101,
44507bf2-cb6e-4689-af1e-0bb3c3ed1f9b_r,46.44293,30.76533,103,
44507bf2-cb6e-4689-af1e-0bb3c3ed1f9b_r,46.44304,30.76529,105,
44507bf2-cb6e-4689-af1e-0bb3c3ed1f9b_r,46.44315,30.76516,107,
44507bf2-cb6e-4689-af1e-0bb3c3ed1f9b_r,46.44325,30.76505,109,
44507bf2-cb6e-4689-af1e-0bb3c3ed1f9b_r,46.4433,30.76503,111,
44507bf2-cb6e-4689-af1e-0bb3c3ed1f9b_r,46.44332,30.76512,113,
44507bf2-cb6e-4689-af1e-0bb3c3ed1f9b_r,46.443305,30.765109,115,
44507bf2-cb6e-4689-af1e-0bb3c3ed1f9b_r,46.44331,30.76511,120,
44507bf2-cb6e-4689-af1e-0bb3c3ed1f9b_r,46.44329,30.76502,122,
44507bf2-cb6e-4689-af1e-0bb3c3ed1f9b_r,46.44344,30.76496,124,
44507bf2-cb6e-4689-af1e-0bb3c3ed1f9b_r,46.4439,30.76477,126,
44507bf2-cb6e-4689-af1e-0bb3c3ed1f9b_r,46.4443,30.76465,128,
44507bf2-cb6e-4689-af1e-0bb3c3ed1f9b_r,46.44445,30.7646,130,
44507bf2-cb6e-4689-af1e-0bb3c3ed1f9b_r,46.44483,30.76452,132,
44507bf2-cb6e-4689-af1e-0bb3c3ed1f9b_r,46.44521,30.76443,134,
44507bf2-cb6e-4689-af1e-0bb3c3ed1f9b_r,46.44562,30.76433,136,
44507bf2-cb6e-4689-af1e-0bb3c3ed1f9b_r,46.44626,30.76407,138,
44507bf2-cb6e-4689-af1e-0bb3c3ed1f9b_r,46.44628,30.76419,140,
44507bf2-cb6e-4689-af1e-0bb3c3ed1f9b_r,46.44627764564504,30.764175653457645,142,
44507bf2-cb6e-4689-af1e-0bb3c3ed1f9b_r,46.44628,30.76418,147,
44507bf2-cb6e-4689-af1e-0bb3c3ed1f9b_r,46.44626,30.76406,149,
44507bf2-cb6e-4689-af1e-0bb3c3ed1f9b_r,46.44631,30.76404,151,
44507bf2-cb6e-4689-af1e-0bb3c3ed1f9b_r,46.44653,30.76395,153,
44507bf2-cb6e-4689-af1e-0bb3c3ed1f9b_r,46.44786,30.76341,155,
44507bf2-cb6e-4689-af1e-0bb3c3ed1f9b_r,46.4479,30.76339,157,
44507bf2-cb6e-4689-af1e-0bb3c3ed1f9b_r,46.44876,30.76301,159,
44507bf2-cb6e-4689-af1e-0bb3c3ed1f9b_r,46.44953,30.76268,161,
44507bf2-cb6e-4689-af1e-0bb3c3ed1f9b_r,46.44974,30.7626,163,
44507bf2-cb6e-4689-af1e-0bb3c3ed1f9b_r,46.45003,30.76249,165,
44507bf2-cb6e-4689-af1e-0bb3c3ed1f9b_r,46.45005140515751,30.76253414154053,167,
44507bf2-cb6e-4689-af1e-0bb3c3ed1f9b_r,46.45003,30.76249,172,
44507bf2-cb6e-4689-af1e-0bb3c3ed1f9b_r,46.45007,30.76247,174,
44507bf2-cb6e-4689-af1e-0bb3c3ed1f9b_r,46.45153,30.76183,176,
44507bf2-cb6e-4689-af1e-0bb3c3ed1f9b_r,46.45185,30.7617,178,
44507bf2-cb6e-4689-af1e-0bb3c3ed1f9b_r,46.45208,30.76159,180,
44507bf2-cb6e-4689-af1e-0bb3c3ed1f9b_r,46.45288,30.76127,182,
44507bf2-cb6e-4689-af1e-0bb3c3ed1f9b_r,46.45314,30.76114,184,
44507bf2-cb6e-4689-af1e-0bb3c3ed1f9b_r,46.4532,30.7611,186,
44507bf2-cb6e-4689-af1e-0bb3c3ed1f9b_r,46.45384,30.7608,188,
44507bf2-cb6e-4689-af1e-0bb3c3ed1f9b_r,46.45386,30.76087,190,
44507bf2-cb6e-4689-af1e-0bb3c3ed1f9b_r,46.453856,30.76087,192,
44507bf2-cb6e-4689-af1e-0bb3c3ed1f9b_r,46.45386,30.76087,197,
44507bf2-cb6e-4689-af1e-0bb3c3ed1f9b_r,46.45384,30.7608,199,
44507bf2-cb6e-4689-af1e-0bb3c3ed1f9b_r,46.45416,30.76065,201,
44507bf2-cb6e-4689-af1e-0bb3c3ed1f9b_r,46.45457,30.76045,203,
44507bf2-cb6e-4689-af1e-0bb3c3ed1f9b_r,46.45606,30.75973,205,
44507bf2-cb6e-4689-af1e-0bb3c3ed1f9b_r,46.45658,30.75947,207,
44507bf2-cb6e-4689-af1e-0bb3c3ed1f9b_r,46.45666,30.75949,209,
44507bf2-cb6e-4689-af1e-0bb3c3ed1f9b_r,46.456659474648255,30.759487152099613,211,
44507bf2-cb6e-4689-af1e-0bb3c3ed1f9b_r,46.45666,30.75949,216,
44507bf2-cb6e-4689-af1e-0bb3c3ed1f9b_r,46.45672,30.7594,218,
44507bf2-cb6e-4689-af1e-0bb3c3ed1f9b_r,46.45706,30.75923,220,
44507bf2-cb6e-4689-af1e-0bb3c3ed1f9b_r,46.45717,30.75915,222,
44507bf2-cb6e-4689-af1e-0bb3c3ed1f9b_r,46.45738,30.75897,224,
44507bf2-cb6e-4689-af1e-0bb3c3ed1f9b_r,46.45749,30.75888,226,
44507bf2-cb6e-4689-af1e-0bb3c3ed1f9b_r,46.45804,30.75823,228,
44507bf2-cb6e-4689-af1e-0bb3c3ed1f9b_r,46.45855,30.75768,230,
44507bf2-cb6e-4689-af1e-0bb3c3ed1f9b_r,46.45879,30.75741,232,
44507bf2-cb6e-4689-af1e-0bb3c3ed1f9b_r,46.45906,30.75711,234,
44507bf2-cb6e-4689-af1e-0bb3c3ed1f9b_r,46.45914,30.75707,236,
44507bf2-cb6e-4689-af1e-0bb3c3ed1f9b_r,46.45915392327189,30.75707316398621,238,
44507bf2-cb6e-4689-af1e-0bb3c3ed1f9b_r,46.45915,30.75707,243,
44507bf2-cb6e-4689-af1e-0bb3c3ed1f9b_r,46.45918,30.75697,245,
44507bf2-cb6e-4689-af1e-0bb3c3ed1f9b_r,46.45925,30.75692,247,
44507bf2-cb6e-4689-af1e-0bb3c3ed1f9b_r,46.45937,30.75682,249,
44507bf2-cb6e-4689-af1e-0bb3c3ed1f9b_r,46.45951,30.75672,251,
44507bf2-cb6e-4689-af1e-0bb3c3ed1f9b_r,46.46038,30.75629,253,
44507bf2-cb6e-4689-af1e-0bb3c3ed1f9b_r,46.46093,30.75601,255,
44507bf2-cb6e-4689-af1e-0bb3c3ed1f9b_r,46.46176,30.75554,257,
44507bf2-cb6e-4689-af1e-0bb3c3ed1f9b_r,46.46291,30.75497,259,
44507bf2-cb6e-4689-af1e-0bb3c3ed1f9b_r,46.46324,30.75481,261,
44507bf2-cb6e-4689-af1e-0bb3c3ed1f9b_r,46.46359,30.75461,263,
44507bf2-cb6e-4689-af1e-0bb3c3ed1f9b_r,46.46376,30.75461,265,
44507bf2-cb6e-4689-af1e-0bb3c3ed1f9b_r,46.46376558066739,30.75458943843842,267,
44507bf2-cb6e-4689-af1e-0bb3c3ed1f9b_r,46.46377,30.75459,272,
44507bf2-cb6e-4689-af1e-0bb3c3ed1f9b_r,46.46382,30.75449,274,
44507bf2-cb6e-4689-af1e-0bb3c3ed1f9b_r,46.46389,30.75446,276,
44507bf2-cb6e-4689-af1e-0bb3c3ed1f9b_r,46.46412,30.75434,278,
44507bf2-cb6e-4689-af1e-0bb3c3ed1f9b_r,46.46459,30.75404,280,
44507bf2-cb6e-4689-af1e-0bb3c3ed1f9b_r,46.46509,30.75382,282,
44507bf2-cb6e-4689-af1e-0bb3c3ed1f9b_r,46.46539,30.75369,284,
44507bf2-cb6e-4689-af1e-0bb3c3ed1f9b_r,46.46575,30.75352,286,
44507bf2-cb6e-4689-af1e-0bb3c3ed1f9b_r,46.4661,30.75337,288,
44507bf2-cb6e-4689-af1e-0bb3c3ed1f9b_r,46.46742,30.75273,290,
44507bf2-cb6e-4689-af1e-0bb3c3ed1f9b_r,46.46744,30.75281,292,
44507bf2-cb6e-4689-af1e-0bb3c3ed1f9b_r,46.467438368076564,30.752813816070557,294,
44507bf2-cb6e-4689-af1e-0bb3c3ed1f9b_r,46.46744,30.75281,299,
44507bf2-cb6e-4689-af1e-0bb3c3ed1f9b_r,46.46742,30.75273,301,
44507bf2-cb6e-4689-af1e-0bb3c3ed1f9b_r,46.46753,30.75263,303,
44507bf2-cb6e-4689-af1e-0bb3c3ed1f9b_r,46.46771,30.75258,305,
44507bf2-cb6e-4689-af1e-0bb3c3ed1f9b_r,46.46784,30.75256,307,
44507bf2-cb6e-4689-af1e-0bb3c3ed1f9b_r,46.46822,30.75267,309,
44507bf2-cb6e-4689-af1e-0bb3c3ed1f9b_r,46.46861,30.75275,311,
44507bf2-cb6e-4689-af1e-0bb3c3ed1f9b_r,46.4687,30.75261,313,
44507bf2-cb6e-4689-af1e-0bb3c3ed1f9b_r,46.46874,30.75243,315,
44507bf2-cb6e-4689-af1e-0bb3c3ed1f9b_r,46.46887,30.7502,317,
44507bf2-cb6e-4689-af1e-0bb3c3ed1f9b_r,46.469,30.74865,319,
44507bf2-cb6e-4689-af1e-0bb3c3ed1f9b_r,46.46903,30.74803,321,
44507bf2-cb6e-4689-af1e-0bb3c3ed1f9b_r,46.46907,30.74745,323,
44507bf2-cb6e-4689-af1e-0bb3c3ed1f9b_r,46.46911,30.74692,325,
44507bf2-cb6e-4689-af1e-0bb3c3ed1f9b_r,46.46918,30.74693,327,
44507bf2-cb6e-4689-af1e-0bb3c3ed1f9b_r,46.46919338522375,30.746929049491886,329,
44507bf2-cb6e-4689-af1e-0bb3c3ed1f9b_r,46.46919,30.74693,334,
44507bf2-cb6e-4689-af1e-0bb3c3ed1f9b_r,46.46912,30.74692,336,
44507bf2-cb6e-4689-af1e-0bb3c3ed1f9b_r,46.46914,30.74666,338,
44507bf2-cb6e-4689-af1e-0bb3c3ed1f9b_r,46.46927,30.74513,340,
44507bf2-cb6e-4689-af1e-0bb3c3ed1f9b_r,46.46932,30.74431,342,
44507bf2-cb6e-4689-af1e-0bb3c3ed1f9b_r,46.46934,30.74408,344,
44507bf2-cb6e-4689-af1e-0bb3c3ed1f9b_r,46.46934,30.74402,346,
44507bf2-cb6e-4689-af1e-0bb3c3ed1f9b_r,46.46936,30.74374,348,
44507bf2-cb6e-4689-af1e-0bb3c3ed1f9b_r,46.46938,30.7436,350,
44507bf2-cb6e-4689-af1e-0bb3c3ed1f9b_r,46.46941,30.74333,352,
44507bf2-cb6e-4689-af1e-0bb3c3ed1f9b_r,46.46946,30.74284,354,
44507bf2-cb6e-4689-af1e-0bb3c3ed1f9b_r,46.469463098632005,30.74284136295319,356,
44507bf2-cb6e-4689-af1e-0bb3c3ed1f9b_r,46.46946,30.74284,361,
44507bf2-cb6e-4689-af1e-0bb3c3ed1f9b_r,46.46943,30.74252,363,
44507bf2-cb6e-4689-af1e-0bb3c3ed1f9b_r,46.46938,30.74228,365,
44507bf2-cb6e-4689-af1e-0bb3c3ed1f9b_r,46.46937,30.74217,367,
44507bf2-cb6e-4689-af1e-0bb3c3ed1f9b_r,46.46936,30.74206,369,
44507bf2-cb6e-4689-af1e-0bb3c3ed1f9b_r,46.46935,30.74183,371,
44507bf2-cb6e-4689-af1e-0bb3c3ed1f9b_r,46.46937,30.74139,373,
44507bf2-cb6e-4689-af1e-0bb3c3ed1f9b_r,46.46941,30.74067,375,
44507bf2-cb6e-4689-af1e-0bb3c3ed1f9b_r,46.46951,30.73942,377,
44507bf2-cb6e-4689-af1e-0bb3c3ed1f9b_r,46.46954,30.73896,379,
44507bf2-cb6e-4689-af1e-0bb3c3ed1f9b_r,46.46955,30.73874,381,
44507bf2-cb6e-4689-af1e-0bb3c3ed1f9b_r,46.46961,30.73852,383,
44507bf2-cb6e-4689-af1e-0bb3c3ed1f9b_r,46.46966,30.7383,385,
44507bf2-cb6e-4689-af1e-0bb3c3ed1f9b_r,46.46972,30.73767,387,
44507bf2-cb6e-4689-af1e-0bb3c3ed1f9b_r,46.46974,30.73708,389,
44507bf2-cb6e-4689-af1e-0bb3c3ed1f9b_r,46.4698,30.73709,391,
44507bf2-cb6e-4689-af1e-0bb3c3ed1f9b_r,46.469788230827014,30.73709607124329,393,
44507bf2-cb6e-4689-af1e-0bb3c3ed1f9b_r,46.46979,30.7371,398,
44507bf2-cb6e-4689-af1e-0bb3c3ed1f9b_r,46.46973,30.73709,400,
44507bf2-cb6e-4689-af1e-0bb3c3ed1f9b_r,46.46974,30.73698,402,
44507bf2-cb6e-4689-af1e-0bb3c3ed1f9b_r,46.46974,30.73694,404,
44507bf2-cb6e-4689-af1e-0bb3c3ed1f9b_r,46.46974,30.73689,406,
44507bf2-cb6e-4689-af1e-0bb3c3ed1f9b_r,46.46976,30.73674,408,
44507bf2-cb6e-4689-af1e-0bb3c3ed1f9b_r,46.46976,30.73666,410,
44507bf2-cb6e-4689-af1e-0bb3c3ed1f9b_r,46.46979,30.7364,412,
44507bf2-cb6e-4689-af1e-0bb3c3ed1f9b_r,46.46998,30.73378,414,
44507bf2-cb6e-4689-af1e-0bb3c3ed1f9b_r,46.47007,30.73256,416,
44507bf2-cb6e-4689-af1e-0bb3c3ed1f9b_r,46.47017,30.73112,418,
44507bf2-cb6e-4689-af1e-0bb3c3ed1f9b_r,46.47024,30.73112,420,
44507bf2-cb6e-4689-af1e-0bb3c3ed1f9b_r,46.47024267370873,30.73112010955811,422,
44507bf2-cb6e-4689-af1e-0bb3c3ed1f9b_r,46.47024,30.73112,427,
44507bf2-cb6e-4689-af1e-0bb3c3ed1f9b_r,46.47017,30.73112,429,
44507bf2-cb6e-4689-af1e-0bb3c3ed1f9b_r,46.47022,30.73069,431,
44507bf2-cb6e-4689-af1e-0bb3c3ed1f9b_r,46.47023,30.73047,433,
44507bf2-cb6e-4689-af1e-0bb3c3ed1f9b_r,46.47024,30.73028,435,
44507bf2-cb6e-4689-af1e-0bb3c3ed1f9b_r,46.47029,30.72986,437,
44507bf2-cb6e-4689-af1e-0bb3c3ed1f9b_r,46.47033,30.72935,439,
44507bf2-cb6e-4689-af1e-0bb3c3ed1f9b_r,46.47038,30.72842,441,
44507bf2-cb6e-4689-af1e-0bb3c3ed1f9b_r,46.47045,30.72827,443,
44507bf2-cb6e-4689-af1e-0bb3c3ed1f9b_r,46.47059,30.72821,445,
44507bf2-cb6e-4689-af1e-0bb3c3ed1f9b_r,46.47085,30.72821,447,
44507bf2-cb6e-4689-af1e-0bb3c3ed1f9b_r,46.47136,30.72824,449,
44507bf2-cb6e-4689-af1e-0bb3c3ed1f9b_r,46.47157,30.72812,451,
44507bf2-cb6e-4689-af1e-0bb3c3ed1f9b_r,46.47178,30.72789,453,
44507bf2-cb6e-4689-af1e-0bb3c3ed1f9b_r,46.47187,30.72775,455,
44507bf2-cb6e-4689-af1e-0bb3c3ed1f9b_r,46.47197,30.72757,457,
44507bf2-cb6e-4689-af1e-0bb3c3ed1f9b_r,46.47222,30.72723,459,
44507bf2-cb6e-4689-af1e-0bb3c3ed1f9b_r,46.47329,30.72606,461,
44507bf2-cb6e-4689-af1e-0bb3c3ed1f9b_r,46.4733005662782,30.72606101611335,463,
44507bf2-cb6e-4689-af1e-0bb3c3ed1f9b_r,46.4733,30.72606,468,
44507bf2-cb6e-4689-af1e-0bb3c3ed1f9b_r,46.47511,30.72402,470,
44507bf2-cb6e-4689-af1e-0bb3c3ed1f9b_r,46.47554,30.72346,472,
44507bf2-cb6e-4689-af1e-0bb3c3ed1f9b_r,46.47565,30.72318,474,
44507bf2-cb6e-4689-af1e-0bb3c3ed1f9b_r,46.47568,30.72294,476,
44507bf2-cb6e-4689-af1e-0bb3c3ed1f9b_r,46.47574,30.72282,478,
44507bf2-cb6e-4689-af1e-0bb3c3ed1f9b_r,46.47574002358133,30.722810626029972,480,
44507bf2-cb6e-4689-af1e-0bb3c3ed1f9b_r,46.47574,30.72281,485,
44507bf2-cb6e-4689-af1e-0bb3c3ed1f9b_r,46.4757,30.72271,487,
44507bf2-cb6e-4689-af1e-0bb3c3ed1f9b_r,46.47573,30.72248,489,
44507bf2-cb6e-4689-af1e-0bb3c3ed1f9b_r,46.4758,30.72078,491,
44507bf2-cb6e-4689-af1e-0bb3c3ed1f9b_r,46.4759,30.71937,493,
44507bf2-cb6e-4689-af1e-0bb3c3ed1f9b_r,46.47593,30.71814,495,
44507bf2-cb6e-4689-af1e-0bb3c3ed1f9b_r,46.47601,30.71815,497,
44507bf2-cb6e-4689-af1e-0bb3c3ed1f9b_r,46.47596906777535,30.71815431118012,499,
44507bf2-cb6e-4689-af1e-0bb3c3ed1f9b_r,46.476,30.71815,504,
44507bf2-cb6e-4689-af1e-0bb3c3ed1f9b_r,46.47592,30.71814,506,
44507bf2-cb6e-4689-af1e-0bb3c3ed1f9b_r,46.47592,30.71807,508,
44507bf2-cb6e-4689-af1e-0bb3c3ed1f9b_r,46.47596,30.71794,510,
44507bf2-cb6e-4689-af1e-0bb3c3ed1f9b_r,46.47596,30.71773,512,
44507bf2-cb6e-4689-af1e-0bb3c3ed1f9b_r,46.47601,30.71681,514,
44507bf2-cb6e-4689-af1e-0bb3c3ed1f9b_r,46.47603,30.71643,516,
44507bf2-cb6e-4689-af1e-0bb3c3ed1f9b_r,46.47604,30.7162,518,
44507bf2-cb6e-4689-af1e-0bb3c3ed1f9b_r,46.47623,30.71191,520,
44507bf2-cb6e-4689-af1e-0bb3c3ed1f9b_r,46.47633,30.71192,522,
44507bf2-cb6e-4689-af1e-0bb3c3ed1f9b_r,46.476331103406174,30.71191012859345,524,
44507bf2-cb6e-4689-af1e-0bb3c3ed1f9b_r,46.47633,30.71191,529,
44507bf2-cb6e-4689-af1e-0bb3c3ed1f9b_r,46.47623,30.7119,531,
44507bf2-cb6e-4689-af1e-0bb3c3ed1f9b_r,46.47624,30.7117,533,
44507bf2-cb6e-4689-af1e-0bb3c3ed1f9b_r,46.47633,30.71078,535,
44507bf2-cb6e-4689-af1e-0bb3c3ed1f9b_r,46.47639,30.70946,537,
44507bf2-cb6e-4689-af1e-0bb3c3ed1f9b_r,46.47644,30.70946,539,
44507bf2-cb6e-4689-af1e-0bb3c3ed1f9b_r,46.47643823593713,30.709458589553837,541,
44507bf2-cb6e-4689-af1e-0bb3c3ed1f9b_r,46.47644,30.70946,546,
44507bf2-cb6e-4689-af1e-0bb3c3ed1f9b_r,46.47639,30.70946,548,
44507bf2-cb6e-4689-af1e-0bb3c3ed1f9b_r,46.47645,30.70878,550,
44507bf2-cb6e-4689-af1e-0bb3c3ed1f9b_r,46.47647,30.70845,552,
44507bf2-cb6e-4689-af1e-0bb3c3ed1f9b_r,46.47644,30.70827,554,
44507bf2-cb6e-4689-af1e-0bb3c3ed1f9b_r,46.47632,30.70819,556,
44507bf2-cb6e-4689-af1e-0bb3c3ed1f9b_r,46.4762,30.70819,558,
44507bf2-cb6e-4689-af1e-0bb3c3ed1f9b_r,46.47608,30.70829,560,
44507bf2-cb6e-4689-af1e-0bb3c3ed1f9b_r,46.47608,30.70851,562,
44507bf2-cb6e-4689-af1e-0bb3c3ed1f9b_r,46.47616,30.70869,564,
44507bf2-cb6e-4689-af1e-0bb3c3ed1f9b_r,46.47629,30.70877,566,
44507bf2-cb6e-4689-af1e-0bb3c3ed1f9b_r,46.47637,30.70896,568,
44507bf2-cb6e-4689-af1e-0bb3c3ed1f9b_r,46.47638,30.70922,570,
44507bf2-cb6e-4689-af1e-0bb3c3ed1f9b_r,46.476368,30.709207,572,
44507bf2-cb6e-4689-af1e-0bb3c3ed1f9b_d,46.476368,30.709207,1,
44507bf2-cb6e-4689-af1e-0bb3c3ed1f9b_d,46.47637,30.70921,6,
44507bf2-cb6e-4689-af1e-0bb3c3ed1f9b_d,46.47624,30.71134,8,
44507bf2-cb6e-4689-af1e-0bb3c3ed1f9b_d,46.476235053371525,30.71133613586426,10,
44507bf2-cb6e-4689-af1e-0bb3c3ed1f9b_d,46.47624,30.71134,15,
44507bf2-cb6e-4689-af1e-0bb3c3ed1f9b_d,46.47621,30.71207,17,
44507bf2-cb6e-4689-af1e-0bb3c3ed1f9b_d,46.47617,30.71292,19,
44507bf2-cb6e-4689-af1e-0bb3c3ed1f9b_d,46.47608,30.71456,21,
44507bf2-cb6e-4689-af1e-0bb3c3ed1f9b_d,46.47599,30.71626,23,
44507bf2-cb6e-4689-af1e-0bb3c3ed1f9b_d,46.4759,30.71735,25,
44507bf2-cb6e-4689-af1e-0bb3c3ed1f9b_d,46.47589887691513,30.71734964847565,27,
44507bf2-cb6e-4689-af1e-0bb3c3ed1f9b_d,46.4759,30.71735,32,
44507bf2-cb6e-4689-af1e-0bb3c3ed1f9b_d,46.47592,30.71791,34,
44507bf2-cb6e-4689-af1e-0bb3c3ed1f9b_d,46.47586,30.71876,36,
44507bf2-cb6e-4689-af1e-0bb3c3ed1f9b_d,46.47578,30.72034,38,
44507bf2-cb6e-4689-af1e-0bb3c3ed1f9b_d,46.4757,30.72194,40,
44507bf2-cb6e-4689-af1e-0bb3c3ed1f9b_d,46.47566,30.72255,42,
44507bf2-cb6e-4689-af1e-0bb3c3ed1f9b_d,46.47564,30.7228,44,
44507bf2-cb6e-4689-af1e-0bb3c3ed1f9b_d,46.4756,30.72309,46,
44507bf2-cb6e-4689-af1e-0bb3c3ed1f9b_d,46.47558,30.72308,48,
44507bf2-cb6e-4689-af1e-0bb3c3ed1f9b_d,46.475568,30.72308,50,
44507bf2-cb6e-4689-af1e-0bb3c3ed1f9b_d,46.47557,30.72308,55,
44507bf2-cb6e-4689-af1e-0bb3c3ed1f9b_d,46.47559,30.72309,57,
44507bf2-cb6e-4689-af1e-0bb3c3ed1f9b_d,46.47556,30.72334,59,
44507bf2-cb6e-4689-af1e-0bb3c3ed1f9b_d,46.47551,30.72347,61,
44507bf2-cb6e-4689-af1e-0bb3c3ed1f9b_d,46.47537,30.72365,63,
44507bf2-cb6e-4689-af1e-0bb3c3ed1f9b_d,46.47289,30.72645,65,
44507bf2-cb6e-4689-af1e-0bb3c3ed1f9b_d,46.47292491781627,30.726431608200077,67,
44507bf2-cb6e-4689-af1e-0bb3c3ed1f9b_d,46.47289,30.72645,72,
44507bf2-cb6e-4689-af1e-0bb3c3ed1f9b_d,46.47198,30.72751,74,
44507bf2-cb6e-4689-af1e-0bb3c3ed1f9b_d,46.47181,30.72783,76,
44507bf2-cb6e-4689-af1e-0bb3c3ed1f9b_d,46.47164,30.728,78,
44507bf2-cb6e-4689-af1e-0bb3c3ed1f9b_d,46.47148,30.72814,80,
44507bf2-cb6e-4689-af1e-0bb3c3ed1f9b_d,46.47135,30.72821,82,
44507bf2-cb6e-4689-af1e-0bb3c3ed1f9b_d,46.47112,30.72819,84,
44507bf2-cb6e-4689-af1e-0bb3c3ed1f9b_d,46.47047,30.7282,86,
44507bf2-cb6e-4689-af1e-0bb3c3ed1f9b_d,46.47039,30.72828,88,
44507bf2-cb6e-4689-af1e-0bb3c3ed1f9b_d,46.47035,30.72842,90,
44507bf2-cb6e-4689-af1e-0bb3c3ed1f9b_d,46.47033,30.72872,92,
44507bf2-cb6e-4689-af1e-0bb3c3ed1f9b_d,46.47031,30.72899,94,
44507bf2-cb6e-4689-af1e-0bb3c3ed1f9b_d,46.47028,30.72927,96,
44507bf2-cb6e-4689-af1e-0bb3c3ed1f9b_d,46.47021,30.73023,98,
44507bf2-cb6e-4689-af1e-0bb3c3ed1f9b_d,46.47016,30.73035,100,
44507bf2-cb6e-4689-af1e-0bb3c3ed1f9b_d,46.47023528442392,30.730256438255314,102,
44507bf2-cb6e-4689-af1e-0bb3c3ed1f9b_d,46.47017,30.73034,107,
44507bf2-cb6e-4689-af1e-0bb3c3ed1f9b_d,46.4702,30.73053,109,
44507bf2-cb6e-4689-af1e-0bb3c3ed1f9b_d,46.47003,30.73287,111,
44507bf2-cb6e-4689-af1e-0bb3c3ed1f9b_d,46.46983,30.73556,113,
44507bf2-cb6e-4689-af1e-0bb3c3ed1f9b_d,46.46976,30.73625,115,
44507bf2-cb6e-4689-af1e-0bb3c3ed1f9b_d,46.469758673434995,30.736248493194584,117,
44507bf2-cb6e-4689-af1e-0bb3c3ed1f9b_d,46.46974,30.73621,122,
44507bf2-cb6e-4689-af1e-0bb3c3ed1f9b_d,46.46976,30.73659,124,
44507bf2-cb6e-4689-af1e-0bb3c3ed1f9b_d,46.46964,30.73823,126,
44507bf2-cb6e-4689-af1e-0bb3c3ed1f9b_d,46.46957,30.73855,128,
44507bf2-cb6e-4689-af1e-0bb3c3ed1f9b_d,46.46932,30.74162,130,
44507bf2-cb6e-4689-af1e-0bb3c3ed1f9b_d,46.46932270003833,30.74162364006043,132,
44507bf2-cb6e-4689-af1e-0bb3c3ed1f9b_d,46.46932,30.74162,137,
44507bf2-cb6e-4689-af1e-0bb3c3ed1f9b_d,46.46931,30.74199,139,
44507bf2-cb6e-4689-af1e-0bb3c3ed1f9b_d,46.46935,30.74234,141,
44507bf2-cb6e-4689-af1e-0bb3c3ed1f9b_d,46.46941,30.74261,143,
44507bf2-cb6e-4689-af1e-0bb3c3ed1f9b_d,46.46943,30.74275,145,
44507bf2-cb6e-4689-af1e-0bb3c3ed1f9b_d,46.46942,30.74286,147,
44507bf2-cb6e-4689-af1e-0bb3c3ed1f9b_d,46.46911,30.74643,149,
44507bf2-cb6e-4689-af1e-0bb3c3ed1f9b_d,46.469097322591146,30.746440887451175,151,
44507bf2-cb6e-4689-af1e-0bb3c3ed1f9b_d,46.4691,30.74644,156,
44507bf2-cb6e-4689-af1e-0bb3c3ed1f9b_d,46.46872,30.75237,158,
44507bf2-cb6e-4689-af1e-0bb3c3ed1f9b_d,46.46866,30.75264,160,
44507bf2-cb6e-4689-af1e-0bb3c3ed1f9b_d,46.46856,30.75274,162,
44507bf2-cb6e-4689-af1e-0bb3c3ed1f9b_d,46.46855,30.75275,164,
44507bf2-cb6e-4689-af1e-0bb3c3ed1f9b_d,46.4683,30.75263,166,
44507bf2-cb6e-4689-af1e-0bb3c3ed1f9b_d,46.46797,30.75254,168,
44507bf2-cb6e-4689-af1e-0bb3c3ed1f9b_d,46.467966726560604,30.75254023075104,170,
44507bf2-cb6e-4689-af1e-0bb3c3ed1f9b_d,46.46797,30.75254,175,
44507bf2-cb6e-4689-af1e-0bb3c3ed1f9b_d,46.46775,30.75249,177,
44507bf2-cb6e-4689-af1e-0bb3c3ed1f9b_d,46.4676,30.7525,179,
44507bf2-cb6e-4689-af1e-0bb3c3ed1f9b_d,46.46408,30.75415,181,
44507bf2-cb6e-4689-af1e-0bb3c3ed1f9b_d,46.46407227159283,30.754149556159977,183,
44507bf2-cb6e-4689-af1e-0bb3c3ed1f9b_d,46.46407,30.75415,188,
44507bf2-cb6e-4689-af1e-0bb3c3ed1f9b_d,46.45938,30.75652,190,
44507bf2-cb6e-4689-af1e-0bb3c3ed1f9b_d,46.459379341887875,30.756515264511112,192,
44507bf2-cb6e-4689-af1e-0bb3c3ed1f9b_d,46.45938,30.75652,197,
44507bf2-cb6e-4689-af1e-0bb3c3ed1f9b_d,46.45726,30.75885,199,
44507bf2-cb6e-4689-af1e-0bb3c3ed1f9b_d,46.45726184826281,30.75884342193604,201,
44507bf2-cb6e-4689-af1e-0bb3c3ed1f9b_d,46.45726,30.75884,206,
44507bf2-cb6e-4689-af1e-0bb3c3ed1f9b_d,46.45687,30.75911,208,
44507bf2-cb6e-4689-af1e-0bb3c3ed1f9b_d,46.45601,30.75956,210,
44507bf2-cb6e-4689-af1e-0bb3c3ed1f9b_d,46.45424,30.76042,212,
44507bf2-cb6e-4689-af1e-0bb3c3ed1f9b_d,46.45423882637042,30.760425925254825,214,
44507bf2-cb6e-4689-af1e-0bb3c3ed1f9b_d,46.45424,30.76043,219,
44507bf2-cb6e-4689-af1e-0bb3c3ed1f9b_d,46.4536,30.76076,221,
44507bf2-cb6e-4689-af1e-0bb3c3ed1f9b_d,46.4529,30.76106,223,
44507bf2-cb6e-4689-af1e-0bb3c3ed1f9b_d,46.45152,30.76169,225,
44507bf2-cb6e-4689-af1e-0bb3c3ed1f9b_d,46.45150391871136,30.761681199073795,227,
44507bf2-cb6e-4689-af1e-0bb3c3ed1f9b_d,46.4515,30.76168,232,
44507bf2-cb6e-4689-af1e-0bb3c3ed1f9b_d,46.44705,30.76363,234,
44507bf2-cb6e-4689-af1e-0bb3c3ed1f9b_d,46.44677,30.76376,236,
44507bf2-cb6e-4689-af1e-0bb3c3ed1f9b_d,46.4465,30.76376,238,
44507bf2-cb6e-4689-af1e-0bb3c3ed1f9b_d,46.44650311756284,30.763757228851322,240,
44507bf2-cb6e-4689-af1e-0bb3c3ed1f9b_d,46.4465,30.76376,245,
44507bf2-cb6e-4689-af1e-0bb3c3ed1f9b_d,46.44641,30.76388,247,
44507bf2-cb6e-4689-af1e-0bb3c3ed1f9b_d,46.44626,30.76394,249,
44507bf2-cb6e-4689-af1e-0bb3c3ed1f9b_d,46.44597,30.76406,251,
44507bf2-cb6e-4689-af1e-0bb3c3ed1f9b_d,46.44573,30.76417,253,
44507bf2-cb6e-4689-af1e-0bb3c3ed1f9b_d,46.4454,30.76425,255,
44507bf2-cb6e-4689-af1e-0bb3c3ed1f9b_d,46.44479,30.76434,257,
44507bf2-cb6e-4689-af1e-0bb3c3ed1f9b_d,46.44448,30.76441,259,
44507bf2-cb6e-4689-af1e-0bb3c3ed1f9b_d,46.44424,30.76452,261,
44507bf2-cb6e-4689-af1e-0bb3c3ed1f9b_d,46.44369,30.76473,263,
44507bf2-cb6e-4689-af1e-0bb3c3ed1f9b_d,46.44315,30.76499,265,
44507bf2-cb6e-4689-af1e-0bb3c3ed1f9b_d,46.44314681617764,30.764974951744083,267,
44507bf2-cb6e-4689-af1e-0bb3c3ed1f9b_d,46.44315,30.76497,272,
44507bf2-cb6e-4689-af1e-0bb3c3ed1f9b_d,46.44304,30.76506,274,
44507bf2-cb6e-4689-af1e-0bb3c3ed1f9b_d,46.44297,30.76509,276,
44507bf2-cb6e-4689-af1e-0bb3c3ed1f9b_d,46.4429,30.76511,278,
44507bf2-cb6e-4689-af1e-0bb3c3ed1f9b_d,46.44275,30.7651,280,
44507bf2-cb6e-4689-af1e-0bb3c3ed1f9b_d,46.44265,30.76496,282,
44507bf2-cb6e-4689-af1e-0bb3c3ed1f9b_d,46.4425,30.76464,284,
44507bf2-cb6e-4689-af1e-0bb3c3ed1f9b_d,46.44222,30.76404,286,
44507bf2-cb6e-4689-af1e-0bb3c3ed1f9b_d,46.44172,30.76281,288,
44507bf2-cb6e-4689-af1e-0bb3c3ed1f9b_d,46.44146,30.76219,290,
44507bf2-cb6e-4689-af1e-0bb3c3ed1f9b_d,46.44146,30.76207,292,
44507bf2-cb6e-4689-af1e-0bb3c3ed1f9b_d,46.44145749815598,30.762078166008,294,
44507bf2-cb6e-4689-af1e-0bb3c3ed1f9b_d,46.44146,30.76208,299,
44507bf2-cb6e-4689-af1e-0bb3c3ed1f9b_d,46.44146,30.76208,301,
44507bf2-cb6e-4689-af1e-0bb3c3ed1f9b_d,46.44137,30.762,303,
44507bf2-cb6e-4689-af1e-0bb3c3ed1f9b_d,46.44126,30.76176,305,
44507bf2-cb6e-4689-af1e-0bb3c3ed1f9b_d,46.44105,30.76135,307,
44507bf2-cb6e-4689-af1e-0bb3c3ed1f9b_d,46.44095,30.76108,309,
44507bf2-cb6e-4689-af1e-0bb3c3ed1f9b_d,46.44087,30.76088,311,
44507bf2-cb6e-4689-af1e-0bb3c3ed1f9b_d,46.44083,30.76063,313,
44507bf2-cb6e-4689-af1e-0bb3c3ed1f9b_d,46.44077,30.76004,315,
44507bf2-cb6e-4689-af1e-0bb3c3ed1f9b_d,46.44071,30.75934,317,
44507bf2-cb6e-4689-af1e-0bb3c3ed1f9b_d,46.44065,30.7588,319,
44507bf2-cb6e-4689-af1e-0bb3c3ed1f9b_d,46.44056,30.75837,321,
44507bf2-cb6e-4689-af1e-0bb3c3ed1f9b_d,46.44046,30.75809,323,
44507bf2-cb6e-4689-af1e-0bb3c3ed1f9b_d,46.44032,30.75776,325,
44507bf2-cb6e-4689-af1e-0bb3c3ed1f9b_d,46.44023,30.75759,327,
44507bf2-cb6e-4689-af1e-0bb3c3ed1f9b_d,46.44008,30.75748,329,
44507bf2-cb6e-4689-af1e-0bb3c3ed1f9b_d,46.43947,30.75736,331,
44507bf2-cb6e-4689-af1e-0bb3c3ed1f9b_d,46.43945390647418,30.757373571395878,333,
44507bf2-cb6e-4689-af1e-0bb3c3ed1f9b_d,46.43945,30.75737,338,
44507bf2-cb6e-4689-af1e-0bb3c3ed1f9b_d,46.43914,30.75731,340,
44507bf2-cb6e-4689-af1e-0bb3c3ed1f9b_d,46.43884,30.75727,342,
44507bf2-cb6e-4689-af1e-0bb3c3ed1f9b_d,46.43873,30.75726,344,
44507bf2-cb6e-4689-af1e-0bb3c3ed1f9b_d,46.43859,30.7573,346,
44507bf2-cb6e-4689-af1e-0bb3c3ed1f9b_d,46.43843,30.75738,348,
44507bf2-cb6e-4689-af1e-0bb3c3ed1f9b_d,46.4383,30.75748,350,
44507bf2-cb6e-4689-af1e-0bb3c3ed1f9b_d,46.43798,30.75782,352,
44507bf2-cb6e-4689-af1e-0bb3c3ed1f9b_d,46.43767,30.75816,354,
44507bf2-cb6e-4689-af1e-0bb3c3ed1f9b_d,46.43699,30.7587,356,
44507bf2-cb6e-4689-af1e-0bb3c3ed1f9b_d,46.43669,30.75889,358,
44507bf2-cb6e-4689-af1e-0bb3c3ed1f9b_d,46.43658,30.75896,360,
44507bf2-cb6e-4689-af1e-0bb3c3ed1f9b_d,46.43641,30.75904,362,
44507bf2-cb6e-4689-af1e-0bb3c3ed1f9b_d,46.43586,30.75927,364,
44507bf2-cb6e-4689-af1e-0bb3c3ed1f9b_d,46.43179,30.76115,366,
44507bf2-cb6e-4689-af1e-0bb3c3ed1f9b_d,46.43171,30.76116,368,
44507bf2-cb6e-4689-af1e-0bb3c3ed1f9b_d,46.43162,30.76106,370,
44507bf2-cb6e-4689-af1e-0bb3c3ed1f9b_d,46.43155,30.76092,372,
44507bf2-cb6e-4689-af1e-0bb3c3ed1f9b_d,46.4315,30.76084,374,
44507bf2-cb6e-4689-af1e-0bb3c3ed1f9b_d,46.4314,30.76075,376,
44507bf2-cb6e-4689-af1e-0bb3c3ed1f9b_d,46.4313,30.76073,378,
44507bf2-cb6e-4689-af1e-0bb3c3ed1f9b_d,46.43119,30.76078,380,
44507bf2-cb6e-4689-af1e-0bb3c3ed1f9b_d,46.43124654429891,30.760747790336612,382,
d270e88d-cf24-474f-af42-081c51523bdf_r,46.55359638380769,30.76280772686005,1,
d270e88d-cf24-474f-af42-081c51523bdf_r,46.5533,30.76383,6,
d270e88d-cf24-474f-af42-081c51523bdf_r,46.55337,30.76397,8,
d270e88d-cf24-474f-af42-081c51523bdf_r,46.55348,30.76409,10,
d270e88d-cf24-474f-af42-081c51523bdf_r,46.55365,30.76407,12,
d270e88d-cf24-474f-af42-081c51523bdf_r,46.55376,30.76394,14,
d270e88d-cf24-474f-af42-081c51523bdf_r,46.55384,30.76375,16,
d270e88d-cf24-474f-af42-081c51523bdf_r,46.55382,30.76354,18,
d270e88d-cf24-474f-af42-081c51523bdf_r,46.55356,30.76287,20,
d270e88d-cf24-474f-af42-081c51523bdf_r,46.55346,30.76257,22,
d270e88d-cf24-474f-af42-081c51523bdf_r,46.55336,30.76224,24,
d270e88d-cf24-474f-af42-081c51523bdf_r,46.55301,30.76122,26,
d270e88d-cf24-474f-af42-081c51523bdf_r,46.55218,30.75889,28,
d270e88d-cf24-474f-af42-081c51523bdf_r,46.55134,30.75654,30,
d270e88d-cf24-474f-af42-081c51523bdf_r,46.55127,30.75628,32,
d270e88d-cf24-474f-af42-081c51523bdf_r,46.5512,30.756,34,
d270e88d-cf24-474f-af42-081c51523bdf_r,46.55121693947421,30.75605928897858,36,
d270e88d-cf24-474f-af42-081c51523bdf_r,46.55119,30.756,41,
d270e88d-cf24-474f-af42-081c51523bdf_r,46.55121,30.75601,43,
d270e88d-cf24-474f-af42-081c51523bdf_r,46.55104,30.75573,45,
d270e88d-cf24-474f-af42-081c51523bdf_r,46.55094,30.75554,47,
d270e88d-cf24-474f-af42-081c51523bdf_r,46.55085,30.75542,49,
d270e88d-cf24-474f-af42-081c51523bdf_r,46.55037,30.75484,51,
d270e88d-cf24-474f-af42-081c51523bdf_r,46.54976,30.75411,53,
d270e88d-cf24-474f-af42-081c51523bdf_r,46.54918,30.75342,55,
d270e88d-cf24-474f-af42-081c51523bdf_r,46.54811,30.75216,57,
d270e88d-cf24-474f-af42-081c51523bdf_r,46.54797,30.75196,59,
d270e88d-cf24-474f-af42-081c51523bdf_r,46.54799,30.751965,61,
d270e88d-cf24-474f-af42-081c51523bdf_r,46.54799,30.75197,66,
d270e88d-cf24-474f-af42-081c51523bdf_r,46.54779,30.75177,68,
d270e88d-cf24-474f-af42-081c51523bdf_r,46.54735,30.75126,70,
d270e88d-cf24-474f-af42-081c51523bdf_r,46.54639,30.75004,72,
d270e88d-cf24-474f-af42-081c51523bdf_r,46.54551,30.74896,74,
d270e88d-cf24-474f-af42-081c51523bdf_r,46.54469,30.74799,76,
d270e88d-cf24-474f-af42-081c51523bdf_r,46.54416,30.74734,78,
d270e88d-cf24-474f-af42-081c51523bdf_r,46.54363,30.7467,80,
d270e88d-cf24-474f-af42-081c51523bdf_r,46.54321,30.7462,82,
d270e88d-cf24-474f-af42-081c51523bdf_r,46.54207,30.74481,84,
d270e88d-cf24-474f-af42-081c51523bdf_r,46.54193,30.74452,86,
d270e88d-cf24-474f-af42-081c51523bdf_r,46.54194,30.74456,88,
d270e88d-cf24-474f-af42-081c51523bdf_r,46.541935,30.744522,90,
d270e88d-cf24-474f-af42-081c51523bdf_r,46.54194,30.74452,95,
d270e88d-cf24-474f-af42-081c51523bdf_r,46.54194,30.74452,97,
d270e88d-cf24-474f-af42-081c51523bdf_r,46.54173,30.74435,99,
d270e88d-cf24-474f-af42-081c51523bdf_r,46.54104,30.74351,101,
d270e88d-cf24-474f-af42-081c51523bdf_r,46.54034,30.7427,103,
d270e88d-cf24-474f-af42-081c51523bdf_r,46.53952,30.74172,105,
d270e88d-cf24-474f-af42-081c51523bdf_r,46.53929,30.74145,107,
d270e88d-cf24-474f-af42-081c51523bdf_r,46.53893,30.74091,109,
d270e88d-cf24-474f-af42-081c51523bdf_r,46.53892,30.74091,111,
d270e88d-cf24-474f-af42-081c51523bdf_r,46.538927,30.740905,113,
d270e88d-cf24-474f-af42-081c51523bdf_r,46.53893,30.74091,118,
d270e88d-cf24-474f-af42-081c51523bdf_r,46.53893,30.74091,120,
d270e88d-cf24-474f-af42-081c51523bdf_r,46.53849,30.74049,122,
d270e88d-cf24-474f-af42-081c51523bdf_r,46.53753,30.7393,124,
d270e88d-cf24-474f-af42-081c51523bdf_r,46.53665,30.73824,126,
d270e88d-cf24-474f-af42-081c51523bdf_r,46.53561,30.73697,128,
d270e88d-cf24-474f-af42-081c51523bdf_r,46.53455,30.73559,130,
d270e88d-cf24-474f-af42-081c51523bdf_r,46.53455,30.73558,132,
d270e88d-cf24-474f-af42-081c51523bdf_r,46.534552,30.735591,134,
d270e88d-cf24-474f-af42-081c51523bdf_r,46.53455,30.73559,139,
d270e88d-cf24-474f-af42-081c51523bdf_r,46.53403,30.73505,141,
d270e88d-cf24-474f-af42-081c51523bdf_r,46.53297,30.73374,143,
d270e88d-cf24-474f-af42-081c51523bdf_r,46.53287,30.73361,145,
d270e88d-cf24-474f-af42-081c51523bdf_r,46.53276,30.73351,147,
d270e88d-cf24-474f-af42-081c51523bdf_r,46.5326,30.73334,149,
d270e88d-cf24-474f-af42-081c51523bdf_r,46.53236,30.73299,151,
d270e88d-cf24-474f-af42-081c51523bdf_r,46.53219,30.73275,153,
d270e88d-cf24-474f-af42-081c51523bdf_r,46.53207,30.7326,155,
d270e88d-cf24-474f-af42-081c51523bdf_r,46.53199,30.73252,157,
d270e88d-cf24-474f-af42-081c51523bdf_r,46.53189,30.7325,159,
d270e88d-cf24-474f-af42-081c51523bdf_r,46.53175,30.73252,161,
d270e88d-cf24-474f-af42-081c51523bdf_r,46.53155,30.73263,163,
d270e88d-cf24-474f-af42-081c51523bdf_r,46.53144,30.73269,165,
d270e88d-cf24-474f-af42-081c51523bdf_r,46.53146,30.73267,167,
d270e88d-cf24-474f-af42-081c51523bdf_r,46.53146167992067,30.732670426368717,169,
d270e88d-cf24-474f-af42-081c51523bdf_r,46.53146,30.73267,174,
d270e88d-cf24-474f-af42-081c51523bdf_r,46.53111,30.73288,176,
d270e88d-cf24-474f-af42-081c51523bdf_r,46.53097,30.73291,178,
d270e88d-cf24-474f-af42-081c51523bdf_r,46.53087,30.73289,180,
d270e88d-cf24-474f-af42-081c51523bdf_r,46.53002,30.73256,182,
d270e88d-cf24-474f-af42-081c51523bdf_r,46.52914,30.73222,184,
d270e88d-cf24-474f-af42-081c51523bdf_r,46.52889,30.73202,186,
d270e88d-cf24-474f-af42-081c51523bdf_r,46.5287,30.73185,188,
d270e88d-cf24-474f-af42-081c51523bdf_r,46.528693746063986,30.73182284832001,190,
d270e88d-cf24-474f-af42-081c51523bdf_r,46.52869,30.73182,195,
d270e88d-cf24-474f-af42-081c51523bdf_r,46.52794,30.73119,197,
d270e88d-cf24-474f-af42-081c51523bdf_r,46.52777,30.73106,199,
d270e88d-cf24-474f-af42-081c51523bdf_r,46.52764,30.73093,201,
d270e88d-cf24-474f-af42-081c51523bdf_r,46.5275,30.73074,203,
d270e88d-cf24-474f-af42-081c51523bdf_r,46.52736,30.73047,205,
d270e88d-cf24-474f-af42-081c51523bdf_r,46.52717,30.73014,207,
d270e88d-cf24-474f-af42-081c51523bdf_r,46.52699,30.7298,209,
d270e88d-cf24-474f-af42-081c51523bdf_r,46.52676,30.72954,211,
d270e88d-cf24-474f-af42-081c51523bdf_r,46.52649,30.72929,213,
d270e88d-cf24-474f-af42-081c51523bdf_r,46.52632,30.72918,215,
d270e88d-cf24-474f-af42-081c51523bdf_r,46.52598,30.72906,217,
d270e88d-cf24-474f-af42-081c51523bdf_r,46.52543,30.72883,219,
d270e88d-cf24-474f-af42-081c51523bdf_r,46.52543109357912,30.72883486747742,221,
d270e88d-cf24-474f-af42-081c51523bdf_r,46.52543,30.72883,226,
d270e88d-cf24-474f-af42-081c51523bdf_r,46.52356,30.72812,228,
d270e88d-cf24-474f-af42-081c51523bdf_r,46.52171,30.72746,230,
d270e88d-cf24-474f-af42-081c51523bdf_r,46.52170685368437,30.727456212043766,232,
d270e88d-cf24-474f-af42-081c51523bdf_r,46.52171,30.72746,237,
d270e88d-cf24-474f-af42-081c51523bdf_r,46.52137,30.72731,239,
d270e88d-cf24-474f-af42-081c51523bdf_r,46.51783,30.72596,241,
d270e88d-cf24-474f-af42-081c51523bdf_r,46.517834,30.725961,243,
d270e88d-cf24-474f-af42-081c51523bdf_r,46.51783,30.72596,248,
d270e88d-cf24-474f-af42-081c51523bdf_r,46.51421,30.72464,250,
d270e88d-cf24-474f-af42-081c51523bdf_r,46.51213,30.72384,252,
d270e88d-cf24-474f-af42-081c51523bdf_r,46.51192,30.72382,254,
d270e88d-cf24-474f-af42-081c51523bdf_r,46.51171,30.72385,256,
d270e88d-cf24-474f-af42-081c51523bdf_r,46.51133,30.72389,258,
d270e88d-cf24-474f-af42-081c51523bdf_r,46.511248827260346,30.72389423847199,260,
d270e88d-cf24-474f-af42-081c51523bdf_r,46.51121,30.72389,265,
d270e88d-cf24-474f-af42-081c51523bdf_r,46.50965,30.72407,267,
d270e88d-cf24-474f-af42-081c51523bdf_r,46.50821,30.72422,269,
d270e88d-cf24-474f-af42-081c51523bdf_r,46.50809,30.72417,271,
d270e88d-cf24-474f-af42-081c51523bdf_r,46.50809219729214,30.724237561225895,273,
d270e88d-cf24-474f-af42-081c51523bdf_r,46.50809,30.72417,278,
d270e88d-cf24-474f-af42-081c51523bdf_r,46.50809,30.72424,280,
d270e88d-cf24-474f-af42-081c51523bdf_r,46.50797,30.72424,282,
d270e88d-cf24-474f-af42-081c51523bdf_r,46.5077,30.72428,284,
d270e88d-cf24-474f-af42-081c51523bdf_r,46.50499,30.72452,286,
d270e88d-cf24-474f-af42-081c51523bdf_r,46.5049981528327,30.72460234165192,288,
d270e88d-cf24-474f-af42-081c51523bdf_r,46.50498,30.72452,293,
d270e88d-cf24-474f-af42-081c51523bdf_r,46.50457,30.72458,295,
d270e88d-cf24-474f-af42-081c51523bdf_r,46.50398,30.72463,297,
d270e88d-cf24-474f-af42-081c51523bdf_r,46.50304,30.72474,299,
d270e88d-cf24-474f-af42-081c51523bdf_r,46.50257,30.7248,301,
d270e88d-cf24-474f-af42-081c51523bdf_r,46.50226,30.72484,303,
d270e88d-cf24-474f-af42-081c51523bdf_r,46.5021,30.72486,305,
d270e88d-cf24-474f-af42-081c51523bdf_r,46.50189,30.72481,307,
d270e88d-cf24-474f-af42-081c51523bdf_r,46.50131,30.72456,309,
d270e88d-cf24-474f-af42-081c51523bdf_r,46.50094,30.72443,311,
d270e88d-cf24-474f-af42-081c51523bdf_r,46.50078,30.72437,313,
d270e88d-cf24-474f-af42-081c51523bdf_r,46.5007,30.72429,315,
d270e88d-cf24-474f-af42-081c51523bdf_r,46.50070755156701,30.724291205406193,317,
d270e88d-cf24-474f-af42-081c51523bdf_r,46.50071,30.72427,322,
d270e88d-cf24-474f-af42-081c51523bdf_r,46.50064,30.7243,324,
d270e88d-cf24-474f-af42-081c51523bdf_r,46.50058,30.72425,326,
d270e88d-cf24-474f-af42-081c51523bdf_r,46.50052,30.72411,328,
d270e88d-cf24-474f-af42-081c51523bdf_r,46.50049,30.72397,330,
d270e88d-cf24-474f-af42-081c51523bdf_r,46.5005,30.72386,332,
d270e88d-cf24-474f-af42-081c51523bdf_r,46.50056,30.7233,334,
d270e88d-cf24-474f-af42-081c51523bdf_r,46.50063,30.72281,336,
d270e88d-cf24-474f-af42-081c51523bdf_r,46.50063,30.72271,338,
d270e88d-cf24-474f-af42-081c51523bdf_r,46.50056,30.72266,340,
d270e88d-cf24-474f-af42-081c51523bdf_r,46.49905,30.72217,342,
d270e88d-cf24-474f-af42-081c51523bdf_r,46.49847,30.72197,344,
d270e88d-cf24-474f-af42-081c51523bdf_r,46.49798,30.7218,346,
d270e88d-cf24-474f-af42-081c51523bdf_r,46.4979,30.72177,348,
d270e88d-cf24-474f-af42-081c51523bdf_r,46.49785,30.72177,350,
d270e88d-cf24-474f-af42-081c51523bdf_r,46.49781,30.72182,352,
d270e88d-cf24-474f-af42-081c51523bdf_r,46.49777,30.72187,354,
d270e88d-cf24-474f-af42-081c51523bdf_r,46.49775,30.72206,356,
d270e88d-cf24-474f-af42-081c51523bdf_r,46.49776,30.72226,358,
d270e88d-cf24-474f-af42-081c51523bdf_r,46.49777,30.72239,360,
d270e88d-cf24-474f-af42-081c51523bdf_r,46.49778,30.72248,362,
d270e88d-cf24-474f-af42-081c51523bdf_r,46.49781,30.72265,364,
d270e88d-cf24-474f-af42-081c51523bdf_r,46.49772,30.72267,366,
d270e88d-cf24-474f-af42-081c51523bdf_r,46.49777556904292,30.722665786743168,368,
76418961-c191-4c61-9b4a-9ee32cbbb8f0_r,46.61886310718048,30.815674066543583,1,
76418961-c191-4c61-9b4a-9ee32cbbb8f0_r,46.61887,30.81553,6,
76418961-c191-4c61-9b4a-9ee32cbbb8f0_r,46.61872,30.81558,8,
76418961-c191-4c61-9b4a-9ee32cbbb8f0_r,46.61857,30.81555,10,
76418961-c191-4c61-9b4a-9ee32cbbb8f0_r,46.61848,30.81559,12,
76418961-c191-4c61-9b4a-9ee32cbbb8f0_r,46.61841,30.81568,14,
76418961-c191-4c61-9b4a-9ee32cbbb8f0_r,46.61837,30.8158,16,
76418961-c191-4c61-9b4a-9ee32cbbb8f0_r,46.61834,30.81592,18,
76418961-c191-4c61-9b4a-9ee32cbbb8f0_r,46.61833,30.81604,20,
76418961-c191-4c61-9b4a-9ee32cbbb8f0_r,46.61834,30.81614,22,
76418961-c191-4c61-9b4a-9ee32cbbb8f0_r,46.6188,30.81659,24,
76418961-c191-4c61-9b4a-9ee32cbbb8f0_r,46.61884,30.8167,26,
76418961-c191-4c61-9b4a-9ee32cbbb8f0_r,46.61884,30.81684,28,
76418961-c191-4c61-9b4a-9ee32cbbb8f0_r,46.61768,30.81975,30,
76418961-c191-4c61-9b4a-9ee32cbbb8f0_r,46.61768,30.819773,32,
76418961-c191-4c61-9b4a-9ee32cbbb8f0_r,46.61768,30.81977,37,
76418961-c191-4c61-9b4a-9ee32cbbb8f0_r,46.61763,30.81989,39,
76418961-c191-4c61-9b4a-9ee32cbbb8f0_r,46.61744,30.82033,41,
76418961-c191-4c61-9b4a-9ee32cbbb8f0_r,46.61722,30.82088,43,
76418961-c191-4c61-9b4a-9ee32cbbb8f0_r,46.61662,30.8224,45,
76418961-c191-4c61-9b4a-9ee32cbbb8f0_r,46.61604,30.82383,47,
76418961-c191-4c61-9b4a-9ee32cbbb8f0_r,46.61603699030438,30.823865532875065,49,
76418961-c191-4c61-9b4a-9ee32cbbb8f0_r,46.61604,30.82382,54,
76418961-c191-4c61-9b4a-9ee32cbbb8f0_r,46.61602,30.82394,56,
76418961-c191-4c61-9b4a-9ee32cbbb8f0_r,46.61596,30.82408,58,
76418961-c191-4c61-9b4a-9ee32cbbb8f0_r,46.61586,30.82435,60,
76418961-c191-4c61-9b4a-9ee32cbbb8f0_r,46.61569,30.8246,62,
76418961-c191-4c61-9b4a-9ee32cbbb8f0_r,46.61546,30.82479,64,
76418961-c191-4c61-9b4a-9ee32cbbb8f0_r,46.61529,30.82483,66,
76418961-c191-4c61-9b4a-9ee32cbbb8f0_r,46.61508,30.8248,68,
76418961-c191-4c61-9b4a-9ee32cbbb8f0_r,46.61359,30.82353,70,
76418961-c191-4c61-9b4a-9ee32cbbb8f0_r,46.61283,30.82291,72,
76418961-c191-4c61-9b4a-9ee32cbbb8f0_r,46.61219,30.8224,74,
76418961-c191-4c61-9b4a-9ee32cbbb8f0_r,46.61111,30.82153,76,
76418961-c191-4c61-9b4a-9ee32cbbb8f0_r,46.6109,30.82124,78,
76418961-c191-4c61-9b4a-9ee32cbbb8f0_r,46.610890063793356,30.82123593651085,80,
76418961-c191-4c61-9b4a-9ee32cbbb8f0_r,46.61089,30.82124,85,
76418961-c191-4c61-9b4a-9ee32cbbb8f0_r,46.61069,30.82116,87,
76418961-c191-4c61-9b4a-9ee32cbbb8f0_r,46.61055,30.82103,89,
76418961-c191-4c61-9b4a-9ee32cbbb8f0_r,46.61039,30.8209,91,
76418961-c191-4c61-9b4a-9ee32cbbb8f0_r,46.61018,30.82073,93,
76418961-c191-4c61-9b4a-9ee32cbbb8f0_r,46.60987,30.82045,95,
76418961-c191-4c61-9b4a-9ee32cbbb8f0_r,46.60948,30.8201,97,
76418961-c191-4c61-9b4a-9ee32cbbb8f0_r,46.60881,30.81957,99,
76418961-c191-4c61-9b4a-9ee32cbbb8f0_r,46.60836,30.81918,101,
76418961-c191-4c61-9b4a-9ee32cbbb8f0_r,46.60798,30.81884,103,
76418961-c191-4c61-9b4a-9ee32cbbb8f0_r,46.60767,30.8185,105,
76418961-c191-4c61-9b4a-9ee32cbbb8f0_r,46.60756,30.81828,107,
76418961-c191-4c61-9b4a-9ee32cbbb8f0_r,46.607547,30.818267,109,
76418961-c191-4c61-9b4a-9ee32cbbb8f0_r,46.60755,30.81827,114,
76418961-c191-4c61-9b4a-9ee32cbbb8f0_r,46.60739,30.81817,116,
76418961-c191-4c61-9b4a-9ee32cbbb8f0_r,46.60651,30.81726,118,
76418961-c191-4c61-9b4a-9ee32cbbb8f0_r,46.6061,30.81678,120,
76418961-c191-4c61-9b4a-9ee32cbbb8f0_r,46.60571,30.81629,122,
76418961-c191-4c61-9b4a-9ee32cbbb8f0_r,46.60471,30.81491,124,
76418961-c191-4c61-9b4a-9ee32cbbb8f0_r,46.60471,30.81471,126,
76418961-c191-4c61-9b4a-9ee32cbbb8f0_r,46.6047,30.81474,128,
76418961-c191-4c61-9b4a-9ee32cbbb8f0_r,46.604698,30.814753,130,
76418961-c191-4c61-9b4a-9ee32cbbb8f0_r,46.6047,30.81475,135,
76418961-c191-4c61-9b4a-9ee32cbbb8f0_r,46.60471,30.81472,137,
76418961-c191-4c61-9b4a-9ee32cbbb8f0_r,46.60462,30.81476,139,
76418961-c191-4c61-9b4a-9ee32cbbb8f0_r,46.60449,30.81458,141,
76418961-c191-4c61-9b4a-9ee32cbbb8f0_r,46.60358,30.81337,143,
76418961-c191-4c61-9b4a-9ee32cbbb8f0_r,46.6006,30.8092,145,
76418961-c191-4c61-9b4a-9ee32cbbb8f0_r,46.60060312741813,30.80920457839966,147,
76418961-c191-4c61-9b4a-9ee32cbbb8f0_r,46.6006,30.8092,152,
76418961-c191-4c61-9b4a-9ee32cbbb8f0_r,46.59938,30.80753,154,
76418961-c191-4c61-9b4a-9ee32cbbb8f0_r,46.59831,30.80602,156,
76418961-c191-4c61-9b4a-9ee32cbbb8f0_r,46.59821,30.80585,158,
76418961-c191-4c61-9b4a-9ee32cbbb8f0_r,46.598207315109065,30.805846452713016,160,
76418961-c191-4c61-9b4a-9ee32cbbb8f0_r,46.59821,30.80585,165,
76418961-c191-4c61-9b4a-9ee32cbbb8f0_r,46.59821,30.80585,167,
76418961-c191-4c61-9b4a-9ee32cbbb8f0_r,46.5981,30.80577,169,
76418961-c191-4c61-9b4a-9ee32cbbb8f0_r,46.59758,30.80506,171,
76418961-c191-4c61-9b4a-9ee32cbbb8f0_r,46.59726,30.80461,173,
76418961-c191-4c61-9b4a-9ee32cbbb8f0_r,46.59704,30.80423,175,
76418961-c191-4c61-9b4a-9ee32cbbb8f0_r,46.59648,30.80319,177,
76418961-c191-4c61-9b4a-9ee32cbbb8f0_r,46.59551,30.80194,179,
76418961-c191-4c61-9b4a-9ee32cbbb8f0_r,46.59541,30.80182,181,
76418961-c191-4c61-9b4a-9ee32cbbb8f0_r,46.59529,30.80163,183,
76418961-c191-4c61-9b4a-9ee32cbbb8f0_r,46.59531,30.80151,185,
76418961-c191-4c61-9b4a-9ee32cbbb8f0_r,46.59527322219621,30.801571011543277,187,
76418961-c191-4c61-9b4a-9ee32cbbb8f0_r,46.59531,30.80151,192,
76418961-c191-4c61-9b4a-9ee32cbbb8f0_r,46.59516,30.80147,194,
76418961-c191-4c61-9b4a-9ee32cbbb8f0_r,46.59405,30.80005,196,
76418961-c191-4c61-9b4a-9ee32cbbb8f0_r,46.59322,30.79899,198,
76418961-c191-4c61-9b4a-9ee32cbbb8f0_r,46.59279,30.79844,200,
76418961-c191-4c61-9b4a-9ee32cbbb8f0_r,46.59236,30.79797,202,
76418961-c191-4c61-9b4a-9ee32cbbb8f0_r,46.59241,30.79788,204,
76418961-c191-4c61-9b4a-9ee32cbbb8f0_r,46.592415,30.79788,206,
76418961-c191-4c61-9b4a-9ee32cbbb8f0_r,46.59242,30.79788,211,
76418961-c191-4c61-9b4a-9ee32cbbb8f0_r,46.59237,30.79797,213,
76418961-c191-4c61-9b4a-9ee32cbbb8f0_r,46.5919,30.79739,215,
76418961-c191-4c61-9b4a-9ee32cbbb8f0_r,46.59131,30.79666,217,
76418961-c191-4c61-9b4a-9ee32cbbb8f0_r,46.59111,30.79654,219,
76418961-c191-4c61-9b4a-9ee32cbbb8f0_r,46.59076,30.79607,221,
76418961-c191-4c61-9b4a-9ee32cbbb8f0_r,46.59002,30.79507,223,
76418961-c191-4c61-9b4a-9ee32cbbb8f0_r,46.58919,30.794,225,
76418961-c191-4c61-9b4a-9ee32cbbb8f0_r,46.58921,30.79388,227,
76418961-c191-4c61-9b4a-9ee32cbbb8f0_r,46.58916862034075,30.793942809104923,229,
76418961-c191-4c61-9b4a-9ee32cbbb8f0_r,46.5892,30.79388,234,
76418961-c191-4c61-9b4a-9ee32cbbb8f0_r,46.58918,30.794,236,
76418961-c191-4c61-9b4a-9ee32cbbb8f0_r,46.58869,30.79337,238,
76418961-c191-4c61-9b4a-9ee32cbbb8f0_r,46.58821,30.79276,240,
76418961-c191-4c61-9b4a-9ee32cbbb8f0_r,46.58722,30.79149,242,
76418961-c191-4c61-9b4a-9ee32cbbb8f0_r,46.58678,30.79095,244,
76418961-c191-4c61-9b4a-9ee32cbbb8f0_r,46.58625,30.79027,246,
76418961-c191-4c61-9b4a-9ee32cbbb8f0_r,46.586,30.78994,248,
76418961-c191-4c61-9b4a-9ee32cbbb8f0_r,46.58512,30.78882,250,
76418961-c191-4c61-9b4a-9ee32cbbb8f0_r,46.58518,30.78874,252,
76418961-c191-4c61-9b4a-9ee32cbbb8f0_r,46.58516855364387,30.78880369663239,254,
76418961-c191-4c61-9b4a-9ee32cbbb8f0_r,46.58518,30.78876,259,
76418961-c191-4c61-9b4a-9ee32cbbb8f0_r,46.58512,30.78883,261,
76418961-c191-4c61-9b4a-9ee32cbbb8f0_r,46.5849,30.78856,263,
76418961-c191-4c61-9b4a-9ee32cbbb8f0_r,46.58446,30.78801,265,
76418961-c191-4c61-9b4a-9ee32cbbb8f0_r,46.58361,30.78693,267,
76418961-c191-4c61-9b4a-9ee32cbbb8f0_r,46.58275,30.78586,269,
76418961-c191-4c61-9b4a-9ee32cbbb8f0_r,46.58262,30.78572,271,
76418961-c191-4c61-9b4a-9ee32cbbb8f0_r,46.58231,30.7854,273,
76418961-c191-4c61-9b4a-9ee32cbbb8f0_r,46.58208,30.7852,275,
76418961-c191-4c61-9b4a-9ee32cbbb8f0_r,46.58174,30.78492,277,
76418961-c191-4c61-9b4a-9ee32cbbb8f0_r,46.58147,30.78473,279,
76418961-c191-4c61-9b4a-9ee32cbbb8f0_r,46.5815,30.78463,281,
76418961-c191-4c61-9b4a-9ee32cbbb8f0_r,46.58155902354133,30.78474283218384,283,
76418961-c191-4c61-9b4a-9ee32cbbb8f0_r,46.5815,30.78462,288,
76418961-c191-4c61-9b4a-9ee32cbbb8f0_r,46.58147,30.78473,290,
76418961-c191-4c61-9b4a-9ee32cbbb8f0_r,46.58107,30.7845,292,
76418961-c191-4c61-9b4a-9ee32cbbb8f0_r,46.58045,30.78418,294,
76418961-c191-4c61-9b4a-9ee32cbbb8f0_r,46.57993,30.78389,296,
76418961-c191-4c61-9b4a-9ee32cbbb8f0_r,46.57898,30.78339,298,
76418961-c191-4c61-9b4a-9ee32cbbb8f0_r,46.57769,30.78266,300,
76418961-c191-4c61-9b4a-9ee32cbbb8f0_r,46.57771,30.78251,302,
76418961-c191-4c61-9b4a-9ee32cbbb8f0_r,46.577714,30.782509,304,
76418961-c191-4c61-9b4a-9ee32cbbb8f0_r,46.57771,30.78251,309,
76418961-c191-4c61-9b4a-9ee32cbbb8f0_r,46.57769,30.78266,311,
76418961-c191-4c61-9b4a-9ee32cbbb8f0_r,46.57703,30.78231,313,
76418961-c191-4c61-9b4a-9ee32cbbb8f0_r,46.57566,30.78158,315,
76418961-c191-4c61-9b4a-9ee32cbbb8f0_r,46.57503,30.7812,317,
76418961-c191-4c61-9b4a-9ee32cbbb8f0_r,46.57451,30.7809,319,
76418961-c191-4c61-9b4a-9ee32cbbb8f0_r,46.57452,30.7808,321,
76418961-c191-4c61-9b4a-9ee32cbbb8f0_r,46.574505182755516,30.780864357948307,323,
76418961-c191-4c61-9b4a-9ee32cbbb8f0_r,46.57452,30.7808,328,
76418961-c191-4c61-9b4a-9ee32cbbb8f0_r,46.57451,30.7809,330,
76418961-c191-4c61-9b4a-9ee32cbbb8f0_r,46.57399,30.78061,332,
76418961-c191-4c61-9b4a-9ee32cbbb8f0_r,46.57353,30.78036,334,
76418961-c191-4c61-9b4a-9ee32cbbb8f0_r,46.57253,30.77982,336,
76418961-c191-4c61-9b4a-9ee32cbbb8f0_r,46.57115,30.77907,338,
76418961-c191-4c61-9b4a-9ee32cbbb8f0_r,46.57114,30.77896,340,
76418961-c191-4c61-9b4a-9ee32cbbb8f0_r,46.571144,30.778967,342,
76418961-c191-4c61-9b4a-9ee32cbbb8f0_r,46.57114,30.77897,347,
76418961-c191-4c61-9b4a-9ee32cbbb8f0_r,46.57115,30.77908,349,
76418961-c191-4c61-9b4a-9ee32cbbb8f0_r,46.56933,30.77811,351,
76418961-c191-4c61-9b4a-9ee32cbbb8f0_r,46.56776,30.77728,353,
76418961-c191-4c61-9b4a-9ee32cbbb8f0_r,46.56741,30.77708,355,
76418961-c191-4c61-9b4a-9ee32cbbb8f0_r,46.56554,30.77607,357,
76418961-c191-4c61-9b4a-9ee32cbbb8f0_r,46.56558,30.7759,359,
76418961-c191-4c61-9b4a-9ee32cbbb8f0_r,46.565578,30.775904,361,
76418961-c191-4c61-9b4a-9ee32cbbb8f0_r,46.56558,30.7759,366,
76418961-c191-4c61-9b4a-9ee32cbbb8f0_r,46.56532,30.77592,368,
76418961-c191-4c61-9b4a-9ee32cbbb8f0_r,46.5641,30.77521,370,
76418961-c191-4c61-9b4a-9ee32cbbb8f0_r,46.5628,30.77443,372,
76418961-c191-4c61-9b4a-9ee32cbbb8f0_r,46.56286,30.77446,374,
76418961-c191-4c61-9b4a-9ee32cbbb8f0_r,46.562864,30.774474,376,
76418961-c191-4c61-9b4a-9ee32cbbb8f0_r,46.56286,30.77447,381,
76418961-c191-4c61-9b4a-9ee32cbbb8f0_r,46.5628,30.77444,383,
76418961-c191-4c61-9b4a-9ee32cbbb8f0_r,46.56023,30.77315,385,
76418961-c191-4c61-9b4a-9ee32cbbb8f0_r,46.55823,30.7721,387,
76418961-c191-4c61-9b4a-9ee32cbbb8f0_r,46.558,30.77196,389,
76418961-c191-4c61-9b4a-9ee32cbbb8f0_r,46.5579,30.77176,391,
76418961-c191-4c61-9b4a-9ee32cbbb8f0_r,46.55789387547243,30.77181994915009,393,
76418961-c191-4c61-9b4a-9ee32cbbb8f0_r,46.5579,30.77176,398,
76418961-c191-4c61-9b4a-9ee32cbbb8f0_r,46.55788,30.77187,400,
76418961-c191-4c61-9b4a-9ee32cbbb8f0_r,46.55765,30.77176,402,
76418961-c191-4c61-9b4a-9ee32cbbb8f0_r,46.55754,30.77172,404,
76418961-c191-4c61-9b4a-9ee32cbbb8f0_r,46.55733,30.77186,406,
76418961-c191-4c61-9b4a-9ee32cbbb8f0_r,46.5572,30.77191,408,
76418961-c191-4c61-9b4a-9ee32cbbb8f0_r,46.5571,30.77187,410,
76418961-c191-4c61-9b4a-9ee32cbbb8f0_r,46.55699,30.77176,412,
76418961-c191-4c61-9b4a-9ee32cbbb8f0_r,46.55677,30.7714,414,
76418961-c191-4c61-9b4a-9ee32cbbb8f0_r,46.55612,30.77031,416,
76418961-c191-4c61-9b4a-9ee32cbbb8f0_r,46.55585,30.76977,418,
76418961-c191-4c61-9b4a-9ee32cbbb8f0_r,46.55567,30.76928,420,
76418961-c191-4c61-9b4a-9ee32cbbb8f0_r,46.55527,30.76813,422,
76418961-c191-4c61-9b4a-9ee32cbbb8f0_r,46.55447,30.76568,424,
76418961-c191-4c61-9b4a-9ee32cbbb8f0_r,46.55399,30.76425,426,
76418961-c191-4c61-9b4a-9ee32cbbb8f0_r,46.55388,30.76376,428,
76418961-c191-4c61-9b4a-9ee32cbbb8f0_r,46.55374,30.76333,430,
76418961-c191-4c61-9b4a-9ee32cbbb8f0_r,46.55359,30.76288,432,
76418961-c191-4c61-9b4a-9ee32cbbb8f0_r,46.55356,30.76271,434,
76418961-c191-4c61-9b4a-9ee32cbbb8f0_r,46.55359638380769,30.76280772686005,436,
76418961-c191-4c61-9b4a-9ee32cbbb8f0_r,46.55356,30.76272,441,
76418961-c191-4c61-9b4a-9ee32cbbb8f0_r,46.55346,30.7625,443,
76418961-c191-4c61-9b4a-9ee32cbbb8f0_r,46.55337,30.76225,445,
76418961-c191-4c61-9b4a-9ee32cbbb8f0_r,46.55301,30.76131,447,
76418961-c191-4c61-9b4a-9ee32cbbb8f0_r,46.55218,30.75897,449,
76418961-c191-4c61-9b4a-9ee32cbbb8f0_r,46.55122,30.75623,451,
76418961-c191-4c61-9b4a-9ee32cbbb8f0_r,46.5512,30.75601,453,
76418961-c191-4c61-9b4a-9ee32cbbb8f0_r,46.55121693947421,30.75605928897858,455,
76418961-c191-4c61-9b4a-9ee32cbbb8f0_r,46.55119,30.756,460,
76418961-c191-4c61-9b4a-9ee32cbbb8f0_r,46.55109,30.75593,462,
76418961-c191-4c61-9b4a-9ee32cbbb8f0_r,46.55101,30.75573,464,
76418961-c191-4c61-9b4a-9ee32cbbb8f0_r,46.55086,30.75549,466,
76418961-c191-4c61-9b4a-9ee32cbbb8f0_r,46.55036,30.7549,468,
76418961-c191-4c61-9b4a-9ee32cbbb8f0_r,46.54921,30.75349,470,
76418961-c191-4c61-9b4a-9ee32cbbb8f0_r,46.54807,30.7521,472,
76418961-c191-4c61-9b4a-9ee32cbbb8f0_r,46.54799,30.75195,474,
76418961-c191-4c61-9b4a-9ee32cbbb8f0_r,46.54799,30.751965,476,
76418961-c191-4c61-9b4a-9ee32cbbb8f0_r,46.54799,30.75197,481,
76418961-c191-4c61-9b4a-9ee32cbbb8f0_r,46.54779,30.75177,483,
76418961-c191-4c61-9b4a-9ee32cbbb8f0_r,46.54735,30.75126,485,
76418961-c191-4c61-9b4a-9ee32cbbb8f0_r,46.54637,30.75009,487,
76418961-c191-4c61-9b4a-9ee32cbbb8f0_r,46.54548,30.749,489,
76418961-c191-4c61-9b4a-9ee32cbbb8f0_r,46.54467,30.74802,491,
76418961-c191-4c61-9b4a-9ee32cbbb8f0_r,46.54416,30.74737,493,
76418961-c191-4c61-9b4a-9ee32cbbb8f0_r,46.54364,30.74672,495,
76418961-c191-4c61-9b4a-9ee32cbbb8f0_r,46.54321,30.74619,497,
76418961-c191-4c61-9b4a-9ee32cbbb8f0_r,46.54207,30.7448,499,
76418961-c191-4c61-9b4a-9ee32cbbb8f0_r,46.54198,30.74469,501,
76418961-c191-4c61-9b4a-9ee32cbbb8f0_r,46.54195,30.74455,503,
76418961-c191-4c61-9b4a-9ee32cbbb8f0_r,46.541935,30.744522,505,
76418961-c191-4c61-9b4a-9ee32cbbb8f0_r,46.54194,30.74452,510,
76418961-c191-4c61-9b4a-9ee32cbbb8f0_r,46.54183,30.74448,512,
76418961-c191-4c61-9b4a-9ee32cbbb8f0_r,46.54173,30.74435,514,
76418961-c191-4c61-9b4a-9ee32cbbb8f0_r,46.54034,30.7427,516,
76418961-c191-4c61-9b4a-9ee32cbbb8f0_r,46.53952,30.74172,518,
76418961-c191-4c61-9b4a-9ee32cbbb8f0_r,46.53929,30.74145,520,
76418961-c191-4c61-9b4a-9ee32cbbb8f0_r,46.53887,30.741,522,
76418961-c191-4c61-9b4a-9ee32cbbb8f0_r,46.53892,30.74091,524,
76418961-c191-4c61-9b4a-9ee32cbbb8f0_r,46.538927,30.740905,526,
76418961-c191-4c61-9b4a-9ee32cbbb8f0_r,46.53893,30.74091,531,
76418961-c191-4c61-9b4a-9ee32cbbb8f0_r,46.53888,30.741,533,
76418961-c191-4c61-9b4a-9ee32cbbb8f0_r,46.53849,30.74049,535,
76418961-c191-4c61-9b4a-9ee32cbbb8f0_r,46.53753,30.7393,537,
76418961-c191-4c61-9b4a-9ee32cbbb8f0_r,46.53664,30.73825,539,
76418961-c191-4c61-9b4a-9ee32cbbb8f0_r,46.53557,30.73695,541,
76418961-c191-4c61-9b4a-9ee32cbbb8f0_r,46.53451,30.73568,543,
76418961-c191-4c61-9b4a-9ee32cbbb8f0_r,46.53458,30.73554,545,
76418961-c191-4c61-9b4a-9ee32cbbb8f0_r,46.53455,30.73558,547,
76418961-c191-4c61-9b4a-9ee32cbbb8f0_r,46.534552,30.735591,549,
76418961-c191-4c61-9b4a-9ee32cbbb8f0_r,46.53455,30.73559,554,
76418961-c191-4c61-9b4a-9ee32cbbb8f0_r,46.53458,30.73555,556,
76418961-c191-4c61-9b4a-9ee32cbbb8f0_r,46.53451,30.73569,558,
76418961-c191-4c61-9b4a-9ee32cbbb8f0_r,46.53386,30.73489,560,
76418961-c191-4c61-9b4a-9ee32cbbb8f0_r,46.53293,30.73369,562,
76418961-c191-4c61-9b4a-9ee32cbbb8f0_r,46.53275,30.73354,564,
76418961-c191-4c61-9b4a-9ee32cbbb8f0_r,46.53261,30.73337,566,
76418961-c191-4c61-9b4a-9ee32cbbb8f0_r,46.53235,30.73299,568,
76418961-c191-4c61-9b4a-9ee32cbbb8f0_r,46.53218,30.73275,570,
76418961-c191-4c61-9b4a-9ee32cbbb8f0_r,46.53206,30.7326,572,
76418961-c191-4c61-9b4a-9ee32cbbb8f0_r,46.53198,30.73252,574,
76418961-c191-4c61-9b4a-9ee32cbbb8f0_r,46.5319,30.7325,576,
76418961-c191-4c61-9b4a-9ee32cbbb8f0_r,46.53174,30.73255,578,
76418961-c191-4c61-9b4a-9ee32cbbb8f0_r,46.5314,30.73276,580,
76418961-c191-4c61-9b4a-9ee32cbbb8f0_r,46.53137,30.73264,582,
76418961-c191-4c61-9b4a-9ee32cbbb8f0_r,46.53146167992067,30.732670426368717,584,
76418961-c191-4c61-9b4a-9ee32cbbb8f0_r,46.53136,30.73266,589,
76418961-c191-4c61-9b4a-9ee32cbbb8f0_r,46.53139,30.73278,591,
76418961-c191-4c61-9b4a-9ee32cbbb8f0_r,46.53107,30.73293,593,
76418961-c191-4c61-9b4a-9ee32cbbb8f0_r,46.53096,30.73295,595,
76418961-c191-4c61-9b4a-9ee32cbbb8f0_r,46.53084,30.7329,597,
76418961-c191-4c61-9b4a-9ee32cbbb8f0_r,46.53,30.73256,599,
76418961-c191-4c61-9b4a-9ee32cbbb8f0_r,46.52918,30.73224,601,
76418961-c191-4c61-9b4a-9ee32cbbb8f0_r,46.52865,30.73186,603,
76418961-c191-4c61-9b4a-9ee32cbbb8f0_r,46.52869,30.73176,605,
76418961-c191-4c61-9b4a-9ee32cbbb8f0_r,46.528693746063986,30.73182284832001,607,
76418961-c191-4c61-9b4a-9ee32cbbb8f0_r,46.52869,30.73176,612,
76418961-c191-4c61-9b4a-9ee32cbbb8f0_r,46.52865,30.73187,614,
76418961-c191-4c61-9b4a-9ee32cbbb8f0_r,46.52758,30.73085,616,
76418961-c191-4c61-9b4a-9ee32cbbb8f0_r,46.52728,30.73031,618,
76418961-c191-4c61-9b4a-9ee32cbbb8f0_r,46.52698,30.72981,620,
76418961-c191-4c61-9b4a-9ee32cbbb8f0_r,46.52656,30.72931,622,
76418961-c191-4c61-9b4a-9ee32cbbb8f0_r,46.52639,30.7292,624,
76418961-c191-4c61-9b4a-9ee32cbbb8f0_r,46.52541,30.72886,626,
76418961-c191-4c61-9b4a-9ee32cbbb8f0_r,46.52544,30.72876,628,
76418961-c191-4c61-9b4a-9ee32cbbb8f0_r,46.52543109357912,30.72883486747742,630,
76418961-c191-4c61-9b4a-9ee32cbbb8f0_r,46.52544,30.72876,635,
76418961-c191-4c61-9b4a-9ee32cbbb8f0_r,46.52541,30.72886,637,
76418961-c191-4c61-9b4a-9ee32cbbb8f0_r,46.52356,30.72812,639,
76418961-c191-4c61-9b4a-9ee32cbbb8f0_r,46.52181,30.72747,641,
76418961-c191-4c61-9b4a-9ee32cbbb8f0_r,46.52171,30.72738,643,
76418961-c191-4c61-9b4a-9ee32cbbb8f0_r,46.52170685368437,30.727456212043766,645,
76418961-c191-4c61-9b4a-9ee32cbbb8f0_r,46.52172,30.72739,650,
76418961-c191-4c61-9b4a-9ee32cbbb8f0_r,46.52161,30.72741,652,
76418961-c191-4c61-9b4a-9ee32cbbb8f0_r,46.52137,30.72731,654,
76418961-c191-4c61-9b4a-9ee32cbbb8f0_r,46.51783,30.72596,656,
76418961-c191-4c61-9b4a-9ee32cbbb8f0_r,46.517834,30.725961,658,
76418961-c191-4c61-9b4a-9ee32cbbb8f0_r,46.51783,30.72596,663,
76418961-c191-4c61-9b4a-9ee32cbbb8f0_r,46.51421,30.72464,665,
76418961-c191-4c61-9b4a-9ee32cbbb8f0_r,46.51208,30.72385,667,
76418961-c191-4c61-9b4a-9ee32cbbb8f0_r,46.51171,30.72384,669,
76418961-c191-4c61-9b4a-9ee32cbbb8f0_r,46.51137,30.72385,671,
76418961-c191-4c61-9b4a-9ee32cbbb8f0_r,46.51127,30.72379,673,
76418961-c191-4c61-9b4a-9ee32cbbb8f0_r,46.511248827260346,30.72389423847199,675,
76418961-c191-4c61-9b4a-9ee32cbbb8f0_r,46.51127,30.7238,680,
76418961-c191-4c61-9b4a-9ee32cbbb8f0_r,46.51116,30.72388,682,
76418961-c191-4c61-9b4a-9ee32cbbb8f0_r,46.50817,30.7242,684,
76418961-c191-4c61-9b4a-9ee32cbbb8f0_r,46.50809,30.72417,686,
76418961-c191-4c61-9b4a-9ee32cbbb8f0_r,46.50809219729214,30.724237561225895,688,
76418961-c191-4c61-9b4a-9ee32cbbb8f0_r,46.50809,30.72417,693,
76418961-c191-4c61-9b4a-9ee32cbbb8f0_r,46.50799,30.72424,695,
76418961-c191-4c61-9b4a-9ee32cbbb8f0_r,46.50638,30.72442,697,
76418961-c191-4c61-9b4a-9ee32cbbb8f0_r,46.50507,30.72458,699,
76418961-c191-4c61-9b4a-9ee32cbbb8f0_r,46.50499,30.72452,701,
76418961-c191-4c61-9b4a-9ee32cbbb8f0_r,46.5049981528327,30.72460234165192,703,
76418961-c191-4c61-9b4a-9ee32cbbb8f0_r,46.50498,30.72452,708,
76418961-c191-4c61-9b4a-9ee32cbbb8f0_r,46.50498,30.72452,710,
76418961-c191-4c61-9b4a-9ee32cbbb8f0_r,46.50443,30.72458,712,
76418961-c191-4c61-9b4a-9ee32cbbb8f0_r,46.50339,30.72472,714,
76418961-c191-4c61-9b4a-9ee32cbbb8f0_r,46.50292,30.72476,716,
76418961-c191-4c61-9b4a-9ee32cbbb8f0_r,46.50261,30.7248,718,
76418961-c191-4c61-9b4a-9ee32cbbb8f0_r,46.50235,30.72484,720,
76418961-c191-4c61-9b4a-9ee32cbbb8f0_r,46.50221,30.72485,722,
76418961-c191-4c61-9b4a-9ee32cbbb8f0_r,46.50185,30.72475,724,
76418961-c191-4c61-9b4a-9ee32cbbb8f0_r,46.50156,30.72467,726,
76418961-c191-4c61-9b4a-9ee32cbbb8f0_r,46.50133,30.72457,728,
76418961-c191-4c61-9b4a-9ee32cbbb8f0_r,46.50107,30.72445,730,
76418961-c191-4c61-9b4a-9ee32cbbb8f0_r,46.50092,30.72438,732,
76418961-c191-4c61-9b4a-9ee32cbbb8f0_r,46.50073,30.72427,734,
76418961-c191-4c61-9b4a-9ee32cbbb8f0_r,46.500637392622515,30.724554061889652,736,
76418961-c191-4c61-9b4a-9ee32cbbb8f0_r,46.50071,30.72427,741,
76418961-c191-4c61-9b4a-9ee32cbbb8f0_r,46.5006,30.72424,743,
76418961-c191-4c61-9b4a-9ee32cbbb8f0_r,46.50053,30.72416,745,
76418961-c191-4c61-9b4a-9ee32cbbb8f0_r,46.50051,30.72398,747,
76418961-c191-4c61-9b4a-9ee32cbbb8f0_r,46.50061,30.72286,749,
76418961-c191-4c61-9b4a-9ee32cbbb8f0_r,46.50058,30.72268,751,
76418961-c191-4c61-9b4a-9ee32cbbb8f0_r,46.50048,30.72261,753,
76418961-c191-4c61-9b4a-9ee32cbbb8f0_r,46.49934,30.72223,755,
76418961-c191-4c61-9b4a-9ee32cbbb8f0_r,46.49864,30.722,757,
76418961-c191-4c61-9b4a-9ee32cbbb8f0_r,46.49834,30.7219,759,
76418961-c191-4c61-9b4a-9ee32cbbb8f0_r,46.49797,30.72177,761,
76418961-c191-4c61-9b4a-9ee32cbbb8f0_r,46.49783,30.72178,763,
76418961-c191-4c61-9b4a-9ee32cbbb8f0_r,46.49778,30.7219,765,
76418961-c191-4c61-9b4a-9ee32cbbb8f0_r,46.49775,30.72216,767,
76418961-c191-4c61-9b4a-9ee32cbbb8f0_r,46.49775,30.72237,769,
76418961-c191-4c61-9b4a-9ee32cbbb8f0_r,46.49777,30.72253,771,
76418961-c191-4c61-9b4a-9ee32cbbb8f0_r,46.49774,30.72266,773,
76418961-c191-4c61-9b4a-9ee32cbbb8f0_r,46.49777556904292,30.722665786743168,775,
d270e88d-cf24-474f-af42-081c51523bdf_d,46.49777556904292,30.722665786743168,1,
d270e88d-cf24-474f-af42-081c51523bdf_d,46.49772,30.72267,6,
d270e88d-cf24-474f-af42-081c51523bdf_d,46.49779,30.72275,8,
d270e88d-cf24-474f-af42-081c51523bdf_d,46.49782,30.72294,10,
d270e88d-cf24-474f-af42-081c51523bdf_d,46.49788,30.72308,12,
d270e88d-cf24-474f-af42-081c51523bdf_d,46.49794,30.72315,14,
d270e88d-cf24-474f-af42-081c51523bdf_d,46.49803,30.72326,16,
d270e88d-cf24-474f-af42-081c51523bdf_d,46.49821,30.72334,18,
d270e88d-cf24-474f-af42-081c51523bdf_d,46.49842,30.72342,20,
d270e88d-cf24-474f-af42-081c51523bdf_d,46.49913,30.72372,22,
d270e88d-cf24-474f-af42-081c51523bdf_d,46.49941,30.72383,24,
d270e88d-cf24-474f-af42-081c51523bdf_d,46.49981,30.724,26,
d270e88d-cf24-474f-af42-081c51523bdf_d,46.50006,30.72411,28,
d270e88d-cf24-474f-af42-081c51523bdf_d,46.50044,30.72426,30,
d270e88d-cf24-474f-af42-081c51523bdf_d,46.50078,30.7244,32,
d270e88d-cf24-474f-af42-081c51523bdf_d,46.50102,30.72448,34,
d270e88d-cf24-474f-af42-081c51523bdf_d,46.50166,30.72474,36,
d270e88d-cf24-474f-af42-081c51523bdf_d,46.5021,30.72492,38,
d270e88d-cf24-474f-af42-081c51523bdf_d,46.50224,30.72495,40,
d270e88d-cf24-474f-af42-081c51523bdf_d,46.50244,30.72494,42,
d270e88d-cf24-474f-af42-081c51523bdf_d,46.50326,30.72487,44,
d270e88d-cf24-474f-af42-081c51523bdf_d,46.50461,30.72469,46,
d270e88d-cf24-474f-af42-081c51523bdf_d,46.50461,30.72469,48,
d270e88d-cf24-474f-af42-081c51523bdf_d,46.504602,30.724688,50,
d270e88d-cf24-474f-af42-081c51523bdf_d,46.5046,30.72469,55,
d270e88d-cf24-474f-af42-081c51523bdf_d,46.50502,30.72463,57,
d270e88d-cf24-474f-af42-081c51523bdf_d,46.50546,30.72459,59,
d270e88d-cf24-474f-af42-081c51523bdf_d,46.50633,30.72448,61,
d270e88d-cf24-474f-af42-081c51523bdf_d,46.50771,30.72434,63,
d270e88d-cf24-474f-af42-081c51523bdf_d,46.507706,30.724335,65,
d270e88d-cf24-474f-af42-081c51523bdf_d,46.50771,30.72434,70,
d270e88d-cf24-474f-af42-081c51523bdf_d,46.50802,30.72432,72,
d270e88d-cf24-474f-af42-081c51523bdf_d,46.50835,30.72427,74,
d270e88d-cf24-474f-af42-081c51523bdf_d,46.50899,30.72421,76,
d270e88d-cf24-474f-af42-081c51523bdf_d,46.51034,30.72405,78,
d270e88d-cf24-474f-af42-081c51523bdf_d,46.51065,30.72402,80,
d270e88d-cf24-474f-af42-081c51523bdf_d,46.51082,30.72398,82,
d270e88d-cf24-474f-af42-081c51523bdf_d,46.510816,30.723984,84,
d270e88d-cf24-474f-af42-081c51523bdf_d,46.51082,30.72398,89,
d270e88d-cf24-474f-af42-081c51523bdf_d,46.5109,30.72399,91,
d270e88d-cf24-474f-af42-081c51523bdf_d,46.51105,30.72397,93,
d270e88d-cf24-474f-af42-081c51523bdf_d,46.51134,30.72394,95,
d270e88d-cf24-474f-af42-081c51523bdf_d,46.51183,30.7239,97,
d270e88d-cf24-474f-af42-081c51523bdf_d,46.5121,30.72389,99,
d270e88d-cf24-474f-af42-081c51523bdf_d,46.5123,30.72396,101,
d270e88d-cf24-474f-af42-081c51523bdf_d,46.5124,30.72401,103,
d270e88d-cf24-474f-af42-081c51523bdf_d,46.51275,30.72417,105,
d270e88d-cf24-474f-af42-081c51523bdf_d,46.51439,30.72476,107,
d270e88d-cf24-474f-af42-081c51523bdf_d,46.51535,30.72512,109,
d270e88d-cf24-474f-af42-081c51523bdf_d,46.51604,30.72537,111,
d270e88d-cf24-474f-af42-081c51523bdf_d,46.51685,30.72567,113,
d270e88d-cf24-474f-af42-081c51523bdf_d,46.51759,30.72595,115,
d270e88d-cf24-474f-af42-081c51523bdf_d,46.51758,30.725954,117,
d270e88d-cf24-474f-af42-081c51523bdf_d,46.51758,30.72595,122,
d270e88d-cf24-474f-af42-081c51523bdf_d,46.51806,30.72612,124,
d270e88d-cf24-474f-af42-081c51523bdf_d,46.51851,30.7263,126,
d270e88d-cf24-474f-af42-081c51523bdf_d,46.51882,30.72641,128,
d270e88d-cf24-474f-af42-081c51523bdf_d,46.51911,30.72651,130,
d270e88d-cf24-474f-af42-081c51523bdf_d,46.5203,30.72697,132,
d270e88d-cf24-474f-af42-081c51523bdf_d,46.5209,30.72721,134,
d270e88d-cf24-474f-af42-081c51523bdf_d,46.5215,30.72745,136,
d270e88d-cf24-474f-af42-081c51523bdf_d,46.521484,30.727447,138,
d270e88d-cf24-474f-af42-081c51523bdf_d,46.52148,30.72745,143,
d270e88d-cf24-474f-af42-081c51523bdf_d,46.52361,30.7282,145,
d270e88d-cf24-474f-af42-081c51523bdf_d,46.52407,30.72838,147,
d270e88d-cf24-474f-af42-081c51523bdf_d,46.52468,30.7286,149,
d270e88d-cf24-474f-af42-081c51523bdf_d,46.52518,30.7288,151,
d270e88d-cf24-474f-af42-081c51523bdf_d,46.525193,30.728803,153,
d270e88d-cf24-474f-af42-081c51523bdf_d,46.52519,30.7288,158,
d270e88d-cf24-474f-af42-081c51523bdf_d,46.52592,30.72911,160,
d270e88d-cf24-474f-af42-081c51523bdf_d,46.52644,30.72931,162,
d270e88d-cf24-474f-af42-081c51523bdf_d,46.52652,30.72935,164,
d270e88d-cf24-474f-af42-081c51523bdf_d,46.5266,30.72946,166,
d270e88d-cf24-474f-af42-081c51523bdf_d,46.52671,30.72957,168,
d270e88d-cf24-474f-af42-081c51523bdf_d,46.52683,30.72971,170,
d270e88d-cf24-474f-af42-081c51523bdf_d,46.52719,30.73031,172,
d270e88d-cf24-474f-af42-081c51523bdf_d,46.52736,30.73063,174,
d270e88d-cf24-474f-af42-081c51523bdf_d,46.52752,30.73087,176,
d270e88d-cf24-474f-af42-081c51523bdf_d,46.52769,30.73108,178,
d270e88d-cf24-474f-af42-081c51523bdf_d,46.52797,30.73132,180,
d270e88d-cf24-474f-af42-081c51523bdf_d,46.52848,30.73177,182,
d270e88d-cf24-474f-af42-081c51523bdf_d,46.52886,30.73209,184,
d270e88d-cf24-474f-af42-081c51523bdf_d,46.52887,30.732071,186,
d270e88d-cf24-474f-af42-081c51523bdf_d,46.52887,30.73207,191,
d270e88d-cf24-474f-af42-081c51523bdf_d,46.52916,30.7323,193,
d270e88d-cf24-474f-af42-081c51523bdf_d,46.52995,30.7326,195,
d270e88d-cf24-474f-af42-081c51523bdf_d,46.53089,30.73295,197,
d270e88d-cf24-474f-af42-081c51523bdf_d,46.53101,30.73294,199,
d270e88d-cf24-474f-af42-081c51523bdf_d,46.53111,30.73294,201,
d270e88d-cf24-474f-af42-081c51523bdf_d,46.53119,30.7329,203,
d270e88d-cf24-474f-af42-081c51523bdf_d,46.53126,30.73286,205,
d270e88d-cf24-474f-af42-081c51523bdf_d,46.53158,30.73267,207,
d270e88d-cf24-474f-af42-081c51523bdf_d,46.53163,30.73275,209,
d270e88d-cf24-474f-af42-081c51523bdf_d,46.53163,30.73275,211,
d270e88d-cf24-474f-af42-081c51523bdf_d,46.53163882288476,30.732643604278568,213,
d270e88d-cf24-474f-af42-081c51523bdf_d,46.53163,30.73276,218,
d270e88d-cf24-474f-af42-081c51523bdf_d,46.53164,30.73262,220,
d270e88d-cf24-474f-af42-081c51523bdf_d,46.53171,30.73258,222,
d270e88d-cf24-474f-af42-081c51523bdf_d,46.53181,30.73256,224,
d270e88d-cf24-474f-af42-081c51523bdf_d,46.53188,30.73254,226,
d270e88d-cf24-474f-af42-081c51523bdf_d,46.53196,30.7326,228,
d270e88d-cf24-474f-af42-081c51523bdf_d,46.53203,30.73266,230,
d270e88d-cf24-474f-af42-081c51523bdf_d,46.53209,30.73272,232,
d270e88d-cf24-474f-af42-081c51523bdf_d,46.53219,30.73283,234,
d270e88d-cf24-474f-af42-081c51523bdf_d,46.53228,30.73293,236,
d270e88d-cf24-474f-af42-081c51523bdf_d,46.53251,30.73323,238,
d270e88d-cf24-474f-af42-081c51523bdf_d,46.53262,30.73339,240,
d270e88d-cf24-474f-af42-081c51523bdf_d,46.53273,30.73355,242,
d270e88d-cf24-474f-af42-081c51523bdf_d,46.53292,30.73371,244,
d270e88d-cf24-474f-af42-081c51523bdf_d,46.53327,30.7342,246,
d270e88d-cf24-474f-af42-081c51523bdf_d,46.53418,30.7353,248,
d270e88d-cf24-474f-af42-081c51523bdf_d,46.534179,30.735297,250,
d270e88d-cf24-474f-af42-081c51523bdf_d,46.53418,30.7353,255,
d270e88d-cf24-474f-af42-081c51523bdf_d,46.53606,30.73756,257,
d270e88d-cf24-474f-af42-081c51523bdf_d,46.53752,30.73932,259,
d270e88d-cf24-474f-af42-081c51523bdf_d,46.53848,30.74053,261,
d270e88d-cf24-474f-af42-081c51523bdf_d,46.538487,30.740533,263,
d270e88d-cf24-474f-af42-081c51523bdf_d,46.53849,30.74053,268,
d270e88d-cf24-474f-af42-081c51523bdf_d,46.53933,30.74157,270,
d270e88d-cf24-474f-af42-081c51523bdf_d,46.54002,30.74239,272,
d270e88d-cf24-474f-af42-081c51523bdf_d,46.54101,30.74357,274,
d270e88d-cf24-474f-af42-081c51523bdf_d,46.54225,30.74511,276,
d270e88d-cf24-474f-af42-081c51523bdf_d,46.54276,30.74567,278,
d270e88d-cf24-474f-af42-081c51523bdf_d,46.542758,30.745674,280,
d270e88d-cf24-474f-af42-081c51523bdf_d,46.54276,30.74567,285,
d270e88d-cf24-474f-af42-081c51523bdf_d,46.54417,30.74742,287,
d270e88d-cf24-474f-af42-081c51523bdf_d,46.54446,30.74776,289,
d270e88d-cf24-474f-af42-081c51523bdf_d,46.54475,30.74809,291,
d270e88d-cf24-474f-af42-081c51523bdf_d,46.54533,30.7488,293,
d270e88d-cf24-474f-af42-081c51523bdf_d,46.54587,30.74944,295,
d270e88d-cf24-474f-af42-081c51523bdf_d,46.54736,30.75131,297,
d270e88d-cf24-474f-af42-081c51523bdf_d,46.54762,30.75159,299,
d270e88d-cf24-474f-af42-081c51523bdf_d,46.54777,30.75176,301,
d270e88d-cf24-474f-af42-081c51523bdf_d,46.54783,30.75193,303,
d270e88d-cf24-474f-af42-081c51523bdf_d,46.547568255546636,30.75154781341553,305,
d270e88d-cf24-474f-af42-081c51523bdf_d,46.54784,30.75193,310,
d270e88d-cf24-474f-af42-081c51523bdf_d,46.54803,30.75207,312,
d270e88d-cf24-474f-af42-081c51523bdf_d,46.54919,30.75347,314,
d270e88d-cf24-474f-af42-081c51523bdf_d,46.54933,30.75364,316,
d270e88d-cf24-474f-af42-081c51523bdf_d,46.55005,30.7545,318,
d270e88d-cf24-474f-af42-081c51523bdf_d,46.55049,30.755,320,
d270e88d-cf24-474f-af42-081c51523bdf_d,46.55074,30.7553,322,
d270e88d-cf24-474f-af42-081c51523bdf_d,46.55082,30.75547,324,
d270e88d-cf24-474f-af42-081c51523bdf_d,46.55085171320204,30.755458474159244,326,
d270e88d-cf24-474f-af42-081c51523bdf_d,46.55081,30.75548,331,
d270e88d-cf24-474f-af42-081c51523bdf_d,46.55093,30.75558,333,
d270e88d-cf24-474f-af42-081c51523bdf_d,46.55101,30.75572,335,
d270e88d-cf24-474f-af42-081c51523bdf_d,46.55107,30.75585,337,
d270e88d-cf24-474f-af42-081c51523bdf_d,46.55128,30.75647,339,
d270e88d-cf24-474f-af42-081c51523bdf_d,46.55229,30.75936,341,
d270e88d-cf24-474f-af42-081c51523bdf_d,46.55343,30.76258,343,
d270e88d-cf24-474f-af42-081c51523bdf_d,46.55346,30.76272,345,
d270e88d-cf24-474f-af42-081c51523bdf_d,46.55346,30.76289,347,
d270e88d-cf24-474f-af42-081c51523bdf_d,46.55338,30.76299,349,
d270e88d-cf24-474f-af42-081c51523bdf_d,46.55328,30.76311,351,
d270e88d-cf24-474f-af42-081c51523bdf_d,46.5532,30.76324,353,
d270e88d-cf24-474f-af42-081c51523bdf_d,46.55314,30.7634,355,
d270e88d-cf24-474f-af42-081c51523bdf_d,46.553319709593964,30.762223005294803,357,
267ede23-c29c-4d21-beee-f7bfce2cc546_r,46.597451690791615,30.804178118705753,1,
267ede23-c29c-4d21-beee-f7bfce2cc546_r,46.59748,30.80421,6,
267ede23-c29c-4d21-beee-f7bfce2cc546_r,46.59749,30.80404,8,
267ede23-c29c-4d21-beee-f7bfce2cc546_r,46.59748,30.8039,10,
267ede23-c29c-4d21-beee-f7bfce2cc546_r,46.59744,30.80373,12,
267ede23-c29c-4d21-beee-f7bfce2cc546_r,46.59738,30.80362,14,
267ede23-c29c-4d21-beee-f7bfce2cc546_r,46.59728,30.80355,16,
267ede23-c29c-4d21-beee-f7bfce2cc546_r,46.59718,30.80351,18,
267ede23-c29c-4d21-beee-f7bfce2cc546_r,46.59696,30.80345,20,
267ede23-c29c-4d21-beee-f7bfce2cc546_r,46.59676,30.80342,22,
267ede23-c29c-4d21-beee-f7bfce2cc546_r,46.59666,30.80342,24,
267ede23-c29c-4d21-beee-f7bfce2cc546_r,46.59658,30.80336,26,
267ede23-c29c-4d21-beee-f7bfce2cc546_r,46.59647,30.80319,28,
267ede23-c29c-4d21-beee-f7bfce2cc546_r,46.59638,30.80306,30,
267ede23-c29c-4d21-beee-f7bfce2cc546_r,46.59573,30.80221,32,
267ede23-c29c-4d21-beee-f7bfce2cc546_r,46.59526,30.80158,34,
267ede23-c29c-4d21-beee-f7bfce2cc546_r,46.59527322219621,30.801571011543277,36,
267ede23-c29c-4d21-beee-f7bfce2cc546_r,46.59527,30.80157,41,
267ede23-c29c-4d21-beee-f7bfce2cc546_r,46.59504,30.80129,43,
267ede23-c29c-4d21-beee-f7bfce2cc546_r,46.59405,30.80005,45,
267ede23-c29c-4d21-beee-f7bfce2cc546_r,46.59322,30.79899,47,
267ede23-c29c-4d21-beee-f7bfce2cc546_r,46.59279,30.79844,49,
267ede23-c29c-4d21-beee-f7bfce2cc546_r,46.5925,30.79808,51,
267ede23-c29c-4d21-beee-f7bfce2cc546_r,46.59242,30.79788,53,
267ede23-c29c-4d21-beee-f7bfce2cc546_r,46.59241,30.79788,55,
267ede23-c29c-4d21-beee-f7bfce2cc546_r,46.592415,30.79788,57,
267ede23-c29c-4d21-beee-f7bfce2cc546_r,46.59242,30.79788,62,
267ede23-c29c-4d21-beee-f7bfce2cc546_r,46.59229,30.79783,64,
267ede23-c29c-4d21-beee-f7bfce2cc546_r,46.59194,30.79737,66,
267ede23-c29c-4d21-beee-f7bfce2cc546_r,46.59131,30.79662,68,
267ede23-c29c-4d21-beee-f7bfce2cc546_r,46.59112,30.79648,70,
267ede23-c29c-4d21-beee-f7bfce2cc546_r,46.59094,30.79629,72,
267ede23-c29c-4d21-beee-f7bfce2cc546_r,46.59072,30.79601,74,
267ede23-c29c-4d21-beee-f7bfce2cc546_r,46.59002,30.79507,76,
267ede23-c29c-4d21-beee-f7bfce2cc546_r,46.58939,30.79428,78,
267ede23-c29c-4d21-beee-f7bfce2cc546_r,46.58917,30.79393,80,
267ede23-c29c-4d21-beee-f7bfce2cc546_r,46.58916862034075,30.793942809104923,82,
267ede23-c29c-4d21-beee-f7bfce2cc546_r,46.58917,30.79394,87,
267ede23-c29c-4d21-beee-f7bfce2cc546_r,46.58901,30.7938,89,
267ede23-c29c-4d21-beee-f7bfce2cc546_r,46.58877,30.79354,91,
267ede23-c29c-4d21-beee-f7bfce2cc546_r,46.58821,30.79276,93,
267ede23-c29c-4d21-beee-f7bfce2cc546_r,46.58722,30.79149,95,
267ede23-c29c-4d21-beee-f7bfce2cc546_r,46.58678,30.79095,97,
267ede23-c29c-4d21-beee-f7bfce2cc546_r,46.58625,30.79027,99,
267ede23-c29c-4d21-beee-f7bfce2cc546_r,46.586,30.78994,101,
267ede23-c29c-4d21-beee-f7bfce2cc546_r,46.58538,30.78919,103,
267ede23-c29c-4d21-beee-f7bfce2cc546_r,46.58517,30.7888,105,
267ede23-c29c-4d21-beee-f7bfce2cc546_r,46.58516855364387,30.78880369663239,107,
267ede23-c29c-4d21-beee-f7bfce2cc546_r,46.58518,30.78876,112,
267ede23-c29c-4d21-beee-f7bfce2cc546_r,46.58484,30.78852,114,
267ede23-c29c-4d21-beee-f7bfce2cc546_r,46.58445,30.788,116,
267ede23-c29c-4d21-beee-f7bfce2cc546_r,46.58363,30.78695,118,
267ede23-c29c-4d21-beee-f7bfce2cc546_r,46.58275,30.78586,120,
267ede23-c29c-4d21-beee-f7bfce2cc546_r,46.58269,30.78577,122,
267ede23-c29c-4d21-beee-f7bfce2cc546_r,46.58261,30.78569,124,
267ede23-c29c-4d21-beee-f7bfce2cc546_r,46.58227,30.78535,126,
267ede23-c29c-4d21-beee-f7bfce2cc546_r,46.58207,30.78516,128,
267ede23-c29c-4d21-beee-f7bfce2cc546_r,46.58187,30.78497,130,
267ede23-c29c-4d21-beee-f7bfce2cc546_r,46.58169,30.78483,132,
267ede23-c29c-4d21-beee-f7bfce2cc546_r,46.58144,30.78472,134,
267ede23-c29c-4d21-beee-f7bfce2cc546_r,46.58155902354133,30.78474283218384,136,
267ede23-c29c-4d21-beee-f7bfce2cc546_r,46.58144,30.78472,141,
267ede23-c29c-4d21-beee-f7bfce2cc546_r,46.58128,30.78464,143,
267ede23-c29c-4d21-beee-f7bfce2cc546_r,46.57996,30.78391,145,
267ede23-c29c-4d21-beee-f7bfce2cc546_r,46.57898,30.78338,147,
267ede23-c29c-4d21-beee-f7bfce2cc546_r,46.57769,30.78265,149,
267ede23-c29c-4d21-beee-f7bfce2cc546_r,46.57771,30.7825,151,
267ede23-c29c-4d21-beee-f7bfce2cc546_r,46.577714,30.782509,153,
267ede23-c29c-4d21-beee-f7bfce2cc546_r,46.57771,30.78251,158,
267ede23-c29c-4d21-beee-f7bfce2cc546_r,46.57769,30.78265,160,
267ede23-c29c-4d21-beee-f7bfce2cc546_r,46.57712,30.78231,162,
267ede23-c29c-4d21-beee-f7bfce2cc546_r,46.57573,30.78158,164,
267ede23-c29c-4d21-beee-f7bfce2cc546_r,46.57503,30.78121,166,
267ede23-c29c-4d21-beee-f7bfce2cc546_r,46.57451,30.78091,168,
267ede23-c29c-4d21-beee-f7bfce2cc546_r,46.57452,30.78081,170,
267ede23-c29c-4d21-beee-f7bfce2cc546_r,46.574505182755516,30.780864357948307,172,
267ede23-c29c-4d21-beee-f7bfce2cc546_r,46.57452,30.7808,177,
267ede23-c29c-4d21-beee-f7bfce2cc546_r,46.57451,30.7809,179,
267ede23-c29c-4d21-beee-f7bfce2cc546_r,46.57399,30.78061,181,
267ede23-c29c-4d21-beee-f7bfce2cc546_r,46.57353,30.78036,183,
267ede23-c29c-4d21-beee-f7bfce2cc546_r,46.57253,30.77982,185,
267ede23-c29c-4d21-beee-f7bfce2cc546_r,46.57115,30.77907,187,
267ede23-c29c-4d21-beee-f7bfce2cc546_r,46.57114,30.77896,189,
267ede23-c29c-4d21-beee-f7bfce2cc546_r,46.571144,30.778967,191,
267ede23-c29c-4d21-beee-f7bfce2cc546_r,46.57114,30.77897,196,
267ede23-c29c-4d21-beee-f7bfce2cc546_r,46.57115,30.77907,198,
267ede23-c29c-4d21-beee-f7bfce2cc546_r,46.56934,30.77807,200,
267ede23-c29c-4d21-beee-f7bfce2cc546_r,46.56785,30.77728,202,
267ede23-c29c-4d21-beee-f7bfce2cc546_r,46.56742,30.77704,204,
267ede23-c29c-4d21-beee-f7bfce2cc546_r,46.56573,30.77612,206,
267ede23-c29c-4d21-beee-f7bfce2cc546_r,46.56549,30.77596,208,
267ede23-c29c-4d21-beee-f7bfce2cc546_r,46.56558,30.77589,210,
267ede23-c29c-4d21-beee-f7bfce2cc546_r,46.565578,30.775904,212,
267ede23-c29c-4d21-beee-f7bfce2cc546_r,46.56558,30.7759,217,
267ede23-c29c-4d21-beee-f7bfce2cc546_r,46.56549,30.77597,219,
267ede23-c29c-4d21-beee-f7bfce2cc546_r,46.56532,30.77592,221,
267ede23-c29c-4d21-beee-f7bfce2cc546_r,46.5641,30.77521,223,
267ede23-c29c-4d21-beee-f7bfce2cc546_r,46.5628,30.77443,225,
267ede23-c29c-4d21-beee-f7bfce2cc546_r,46.56286,30.77446,227,
267ede23-c29c-4d21-beee-f7bfce2cc546_r,46.562864,30.774474,229,
267ede23-c29c-4d21-beee-f7bfce2cc546_r,46.56286,30.77447,234,
267ede23-c29c-4d21-beee-f7bfce2cc546_r,46.5628,30.77444,236,
267ede23-c29c-4d21-beee-f7bfce2cc546_r,46.56257,30.77431,238,
267ede23-c29c-4d21-beee-f7bfce2cc546_r,46.56022,30.77307,240,
267ede23-c29c-4d21-beee-f7bfce2cc546_r,46.55818,30.77198,242,
267ede23-c29c-4d21-beee-f7bfce2cc546_r,46.55789,30.77182,244,
267ede23-c29c-4d21-beee-f7bfce2cc546_r,46.55789387547243,30.77181994915009,246,
267ede23-c29c-4d21-beee-f7bfce2cc546_r,46.55789,30.77182,251,
267ede23-c29c-4d21-beee-f7bfce2cc546_r,46.55771,30.77174,253,
267ede23-c29c-4d21-beee-f7bfce2cc546_r,46.5576,30.77169,255,
267ede23-c29c-4d21-beee-f7bfce2cc546_r,46.55755,30.77168,257,
267ede23-c29c-4d21-beee-f7bfce2cc546_r,46.5575,30.77172,259,
267ede23-c29c-4d21-beee-f7bfce2cc546_r,46.55739,30.7718,261,
267ede23-c29c-4d21-beee-f7bfce2cc546_r,46.55729,30.77185,263,
267ede23-c29c-4d21-beee-f7bfce2cc546_r,46.55721,30.7719,265,
267ede23-c29c-4d21-beee-f7bfce2cc546_r,46.55714,30.77189,267,
267ede23-c29c-4d21-beee-f7bfce2cc546_r,46.55706,30.77183,269,
267ede23-c29c-4d21-beee-f7bfce2cc546_r,46.55699,30.7717,271,
267ede23-c29c-4d21-beee-f7bfce2cc546_r,46.5569,30.77151,273,
267ede23-c29c-4d21-beee-f7bfce2cc546_r,46.55679,30.7713,275,
267ede23-c29c-4d21-beee-f7bfce2cc546_r,46.55612,30.7703,277,
267ede23-c29c-4d21-beee-f7bfce2cc546_r,46.55585,30.7698,279,
267ede23-c29c-4d21-beee-f7bfce2cc546_r,46.55575,30.76954,281,
267ede23-c29c-4d21-beee-f7bfce2cc546_r,46.55565,30.76928,283,
267ede23-c29c-4d21-beee-f7bfce2cc546_r,46.55547,30.76877,285,
267ede23-c29c-4d21-beee-f7bfce2cc546_r,46.55525,30.76813,287,
267ede23-c29c-4d21-beee-f7bfce2cc546_r,46.55446,30.76571,289,
267ede23-c29c-4d21-beee-f7bfce2cc546_r,46.55398,30.7643,291,
267ede23-c29c-4d21-beee-f7bfce2cc546_r,46.55393,30.76412,293,
267ede23-c29c-4d21-beee-f7bfce2cc546_r,46.55392,30.76393,295,
267ede23-c29c-4d21-beee-f7bfce2cc546_r,46.55391,30.76383,297,
267ede23-c29c-4d21-beee-f7bfce2cc546_r,46.55388,30.76374,299,
267ede23-c29c-4d21-beee-f7bfce2cc546_r,46.55374,30.76331,301,
267ede23-c29c-4d21-beee-f7bfce2cc546_r,46.55359,30.7628,303,
267ede23-c29c-4d21-beee-f7bfce2cc546_r,46.55359638380769,30.76280772686005,305,
267ede23-c29c-4d21-beee-f7bfce2cc546_r,46.5536,30.76281,310,
267ede23-c29c-4d21-beee-f7bfce2cc546_r,46.55349,30.76255,312,
267ede23-c29c-4d21-beee-f7bfce2cc546_r,46.55338,30.76226,314,
267ede23-c29c-4d21-beee-f7bfce2cc546_r,46.55306,30.76135,316,
267ede23-c29c-4d21-beee-f7bfce2cc546_r,46.55222,30.75899,318,
267ede23-c29c-4d21-beee-f7bfce2cc546_r,46.55141,30.75669,320,
267ede23-c29c-4d21-beee-f7bfce2cc546_r,46.55126,30.75627,322,
267ede23-c29c-4d21-beee-f7bfce2cc546_r,46.55121,30.75602,324,
267ede23-c29c-4d21-beee-f7bfce2cc546_r,46.55121693947421,30.75605928897858,326,
267ede23-c29c-4d21-beee-f7bfce2cc546_r,46.5512,30.75601,331,
267ede23-c29c-4d21-beee-f7bfce2cc546_r,46.55112,30.75589,333,
267ede23-c29c-4d21-beee-f7bfce2cc546_r,46.55102,30.75566,335,
267ede23-c29c-4d21-beee-f7bfce2cc546_r,46.55095,30.75553,337,
267ede23-c29c-4d21-beee-f7bfce2cc546_r,46.55086,30.75542,339,
267ede23-c29c-4d21-beee-f7bfce2cc546_r,46.55033,30.75477,341,
267ede23-c29c-4d21-beee-f7bfce2cc546_r,46.54923,30.75346,343,
267ede23-c29c-4d21-beee-f7bfce2cc546_r,46.54811,30.75211,345,
267ede23-c29c-4d21-beee-f7bfce2cc546_r,46.548,30.75196,347,
267ede23-c29c-4d21-beee-f7bfce2cc546_r,46.54799,30.751965,349,
267ede23-c29c-4d21-beee-f7bfce2cc546_r,46.54799,30.75197,354,
267ede23-c29c-4d21-beee-f7bfce2cc546_r,46.54779,30.75177,356,
267ede23-c29c-4d21-beee-f7bfce2cc546_r,46.54734,30.7512,358,
267ede23-c29c-4d21-beee-f7bfce2cc546_r,46.54637,30.75001,360,
267ede23-c29c-4d21-beee-f7bfce2cc546_r,46.54547,30.74891,362,
267ede23-c29c-4d21-beee-f7bfce2cc546_r,46.54465,30.74791,364,
267ede23-c29c-4d21-beee-f7bfce2cc546_r,46.54416,30.74732,366,
267ede23-c29c-4d21-beee-f7bfce2cc546_r,46.54364,30.74669,368,
267ede23-c29c-4d21-beee-f7bfce2cc546_r,46.54321,30.74618,370,
267ede23-c29c-4d21-beee-f7bfce2cc546_r,46.54207,30.74475,372,
267ede23-c29c-4d21-beee-f7bfce2cc546_r,46.54195,30.74454,374,
267ede23-c29c-4d21-beee-f7bfce2cc546_r,46.541935,30.744522,376,
267ede23-c29c-4d21-beee-f7bfce2cc546_r,46.54194,30.74452,381,
267ede23-c29c-4d21-beee-f7bfce2cc546_r,46.54173,30.74435,383,
267ede23-c29c-4d21-beee-f7bfce2cc546_r,46.54034,30.7427,385,
267ede23-c29c-4d21-beee-f7bfce2cc546_r,46.53952,30.74168,387,
267ede23-c29c-4d21-beee-f7bfce2cc546_r,46.53929,30.74141,389,
267ede23-c29c-4d21-beee-f7bfce2cc546_r,46.53892,30.74091,391,
267ede23-c29c-4d21-beee-f7bfce2cc546_r,46.53891,30.74091,393,
267ede23-c29c-4d21-beee-f7bfce2cc546_r,46.538927,30.740905,395,
267ede23-c29c-4d21-beee-f7bfce2cc546_r,46.53893,30.74091,400,
267ede23-c29c-4d21-beee-f7bfce2cc546_r,46.53846,30.74041,402,
267ede23-c29c-4d21-beee-f7bfce2cc546_r,46.53754,30.73929,404,
267ede23-c29c-4d21-beee-f7bfce2cc546_r,46.53664,30.73818,406,
267ede23-c29c-4d21-beee-f7bfce2cc546_r,46.53556,30.73687,408,
267ede23-c29c-4d21-beee-f7bfce2cc546_r,46.53462,30.73573,410,
267ede23-c29c-4d21-beee-f7bfce2cc546_r,46.53456,30.73559,412,
267ede23-c29c-4d21-beee-f7bfce2cc546_r,46.53456,30.73558,414,
267ede23-c29c-4d21-beee-f7bfce2cc546_r,46.534552,30.735591,416,
267ede23-c29c-4d21-beee-f7bfce2cc546_r,46.53455,30.73559,421,
267ede23-c29c-4d21-beee-f7bfce2cc546_r,46.53455,30.73559,423,
267ede23-c29c-4d21-beee-f7bfce2cc546_r,46.53447,30.73555,425,
267ede23-c29c-4d21-beee-f7bfce2cc546_r,46.53423,30.73528,427,
267ede23-c29c-4d21-beee-f7bfce2cc546_r,46.53388,30.73487,429,
267ede23-c29c-4d21-beee-f7bfce2cc546_r,46.53292,30.73363,431,
267ede23-c29c-4d21-beee-f7bfce2cc546_r,46.53283,30.73353,433,
267ede23-c29c-4d21-beee-f7bfce2cc546_r,46.53276,30.73349,435,
267ede23-c29c-4d21-beee-f7bfce2cc546_r,46.53267,30.73337,437,
267ede23-c29c-4d21-beee-f7bfce2cc546_r,46.53254,30.73319,439,
267ede23-c29c-4d21-beee-f7bfce2cc546_r,46.53239,30.73299,441,
267ede23-c29c-4d21-beee-f7bfce2cc546_r,46.53228,30.73284,443,
267ede23-c29c-4d21-beee-f7bfce2cc546_r,46.53218,30.73273,445,
267ede23-c29c-4d21-beee-f7bfce2cc546_r,46.53207,30.7326,447,
267ede23-c29c-4d21-beee-f7bfce2cc546_r,46.53197,30.73252,449,
267ede23-c29c-4d21-beee-f7bfce2cc546_r,46.53188,30.73249,451,
267ede23-c29c-4d21-beee-f7bfce2cc546_r,46.53178,30.7325,453,
267ede23-c29c-4d21-beee-f7bfce2cc546_r,46.53169,30.73254,455,
267ede23-c29c-4d21-beee-f7bfce2cc546_r,46.53159,30.73258,457,
267ede23-c29c-4d21-beee-f7bfce2cc546_r,46.53145,30.73268,459,
267ede23-c29c-4d21-beee-f7bfce2cc546_r,46.53146167992067,30.732670426368717,461,
267ede23-c29c-4d21-beee-f7bfce2cc546_r,46.53146,30.73267,466,
267ede23-c29c-4d21-beee-f7bfce2cc546_r,46.53123,30.73281,468,
267ede23-c29c-4d21-beee-f7bfce2cc546_r,46.53113,30.73287,470,
267ede23-c29c-4d21-beee-f7bfce2cc546_r,46.53103,30.73292,472,
267ede23-c29c-4d21-beee-f7bfce2cc546_r,46.53096,30.73293,474,
267ede23-c29c-4d21-beee-f7bfce2cc546_r,46.53088,30.73291,476,
267ede23-c29c-4d21-beee-f7bfce2cc546_r,46.53004,30.7326,478,
267ede23-c29c-4d21-beee-f7bfce2cc546_r,46.52955,30.73241,480,
267ede23-c29c-4d21-beee-f7bfce2cc546_r,46.52933,30.73233,482,
267ede23-c29c-4d21-beee-f7bfce2cc546_r,46.52917,30.73224,484,
267ede23-c29c-4d21-beee-f7bfce2cc546_r,46.529,30.73213,486,
267ede23-c29c-4d21-beee-f7bfce2cc546_r,46.5287,30.73182,488,
267ede23-c29c-4d21-beee-f7bfce2cc546_r,46.528693746063986,30.73182284832001,490,
267ede23-c29c-4d21-beee-f7bfce2cc546_r,46.52869,30.73182,495,
267ede23-c29c-4d21-beee-f7bfce2cc546_r,46.52814,30.73139,497,
267ede23-c29c-4d21-beee-f7bfce2cc546_r,46.52765,30.73096,499,
267ede23-c29c-4d21-beee-f7bfce2cc546_r,46.52758,30.73086,501,
267ede23-c29c-4d21-beee-f7bfce2cc546_r,46.5275,30.73075,503,
267ede23-c29c-4d21-beee-f7bfce2cc546_r,46.52742,30.7306,505,
267ede23-c29c-4d21-beee-f7bfce2cc546_r,46.52718,30.73017,507,
267ede23-c29c-4d21-beee-f7bfce2cc546_r,46.527,30.72984,509,
267ede23-c29c-4d21-beee-f7bfce2cc546_r,46.52689,30.72969,511,
267ede23-c29c-4d21-beee-f7bfce2cc546_r,46.52676,30.72954,513,
267ede23-c29c-4d21-beee-f7bfce2cc546_r,46.52663,30.7294,515,
267ede23-c29c-4d21-beee-f7bfce2cc546_r,46.52653,30.7293,517,
267ede23-c29c-4d21-beee-f7bfce2cc546_r,46.52644,30.72924,519,
267ede23-c29c-4d21-beee-f7bfce2cc546_r,46.52634,30.72919,521,
267ede23-c29c-4d21-beee-f7bfce2cc546_r,46.52542,30.72883,523,
267ede23-c29c-4d21-beee-f7bfce2cc546_r,46.52543109357912,30.72883486747742,525,
267ede23-c29c-4d21-beee-f7bfce2cc546_r,46.52541,30.72886,530,
267ede23-c29c-4d21-beee-f7bfce2cc546_r,46.52356,30.72812,532,
267ede23-c29c-4d21-beee-f7bfce2cc546_r,46.52171,30.72746,534,
267ede23-c29c-4d21-beee-f7bfce2cc546_r,46.52170685368437,30.727456212043766,536,
267ede23-c29c-4d21-beee-f7bfce2cc546_r,46.52171,30.72746,541,
267ede23-c29c-4d21-beee-f7bfce2cc546_r,46.52137,30.72731,543,
267ede23-c29c-4d21-beee-f7bfce2cc546_r,46.51783,30.72596,545,
267ede23-c29c-4d21-beee-f7bfce2cc546_r,46.517834,30.725961,547,
267ede23-c29c-4d21-beee-f7bfce2cc546_r,46.51783,30.72596,552,
267ede23-c29c-4d21-beee-f7bfce2cc546_r,46.51421,30.72464,554,
267ede23-c29c-4d21-beee-f7bfce2cc546_r,46.51222,30.72388,556,
267ede23-c29c-4d21-beee-f7bfce2cc546_r,46.5121,30.72385,558,
267ede23-c29c-4d21-beee-f7bfce2cc546_r,46.512,30.72382,560,
267ede23-c29c-4d21-beee-f7bfce2cc546_r,46.5119,30.72383,562,
267ede23-c29c-4d21-beee-f7bfce2cc546_r,46.51171,30.72385,564,
267ede23-c29c-4d21-beee-f7bfce2cc546_r,46.51151,30.72388,566,
267ede23-c29c-4d21-beee-f7bfce2cc546_r,46.51138,30.72389,568,
267ede23-c29c-4d21-beee-f7bfce2cc546_r,46.51125,30.7239,570,
267ede23-c29c-4d21-beee-f7bfce2cc546_r,46.511248827260346,30.72389423847199,572,
267ede23-c29c-4d21-beee-f7bfce2cc546_r,46.51125,30.72389,577,
267ede23-c29c-4d21-beee-f7bfce2cc546_r,46.50809,30.72423,579,
267ede23-c29c-4d21-beee-f7bfce2cc546_r,46.50809219729214,30.724237561225895,581,
267ede23-c29c-4d21-beee-f7bfce2cc546_r,46.50809,30.72424,586,
267ede23-c29c-4d21-beee-f7bfce2cc546_r,46.5061,30.72445,588,
267ede23-c29c-4d21-beee-f7bfce2cc546_r,46.50511,30.72458,590,
267ede23-c29c-4d21-beee-f7bfce2cc546_r,46.50499,30.7246,592,
267ede23-c29c-4d21-beee-f7bfce2cc546_r,46.5049981528327,30.72460234165192,594,
267ede23-c29c-4d21-beee-f7bfce2cc546_r,46.505,30.7246,599,
267ede23-c29c-4d21-beee-f7bfce2cc546_r,46.50492,30.72459,601,
267ede23-c29c-4d21-beee-f7bfce2cc546_r,46.50472,30.72461,603,
267ede23-c29c-4d21-beee-f7bfce2cc546_r,46.50407,30.72467,605,
267ede23-c29c-4d21-beee-f7bfce2cc546_r,46.5023,30.72489,607,
267ede23-c29c-4d21-beee-f7bfce2cc546_r,46.50212,30.72487,609,
267ede23-c29c-4d21-beee-f7bfce2cc546_r,46.50126,30.72454,611,
267ede23-c29c-4d21-beee-f7bfce2cc546_r,46.50072,30.72428,613,
267ede23-c29c-4d21-beee-f7bfce2cc546_r,46.50070755156701,30.724291205406193,615,
267ede23-c29c-4d21-beee-f7bfce2cc546_r,46.50071,30.72427,620,
267ede23-c29c-4d21-beee-f7bfce2cc546_r,46.4995,30.72383,622,
267ede23-c29c-4d21-beee-f7bfce2cc546_r,46.49831,30.72335,624,
267ede23-c29c-4d21-beee-f7bfce2cc546_r,46.49821,30.72328,626,
267ede23-c29c-4d21-beee-f7bfce2cc546_r,46.49820392899639,30.723325610160828,628,
267ede23-c29c-4d21-beee-f7bfce2cc546_r,46.49821,30.72329,633,
267ede23-c29c-4d21-beee-f7bfce2cc546_r,46.4982,30.72333,635,
267ede23-c29c-4d21-beee-f7bfce2cc546_r,46.49805,30.72326,637,
267ede23-c29c-4d21-beee-f7bfce2cc546_r,46.49795,30.72323,639,
267ede23-c29c-4d21-beee-f7bfce2cc546_r,46.49783,30.72319,641,
267ede23-c29c-4d21-beee-f7bfce2cc546_r,46.49768,30.72318,643,
267ede23-c29c-4d21-beee-f7bfce2cc546_r,46.49755,30.72314,645,
267ede23-c29c-4d21-beee-f7bfce2cc546_r,46.49745,30.72312,647,
267ede23-c29c-4d21-beee-f7bfce2cc546_r,46.49726,30.72308,649,
267ede23-c29c-4d21-beee-f7bfce2cc546_r,46.49715,30.72307,651,
267ede23-c29c-4d21-beee-f7bfce2cc546_r,46.49708,30.7231,653,
267ede23-c29c-4d21-beee-f7bfce2cc546_r,46.49702,30.72315,655,
267ede23-c29c-4d21-beee-f7bfce2cc546_r,46.49698,30.72323,657,
267ede23-c29c-4d21-beee-f7bfce2cc546_r,46.49692,30.72336,659,
267ede23-c29c-4d21-beee-f7bfce2cc546_r,46.49687,30.72348,661,
267ede23-c29c-4d21-beee-f7bfce2cc546_r,46.4968,30.72363,663,
267ede23-c29c-4d21-beee-f7bfce2cc546_r,46.49669,30.72381,665,
267ede23-c29c-4d21-beee-f7bfce2cc546_r,46.49633,30.72424,667,
267ede23-c29c-4d21-beee-f7bfce2cc546_r,46.49598,30.72468,669,
267ede23-c29c-4d21-beee-f7bfce2cc546_r,46.49563,30.72511,671,
267ede23-c29c-4d21-beee-f7bfce2cc546_r,46.49543,30.72532,673,
267ede23-c29c-4d21-beee-f7bfce2cc546_r,46.49523,30.72556,675,
267ede23-c29c-4d21-beee-f7bfce2cc546_r,46.49482,30.72608,677,
267ede23-c29c-4d21-beee-f7bfce2cc546_r,46.49457,30.72638,679,
267ede23-c29c-4d21-beee-f7bfce2cc546_r,46.49421,30.72683,681,
267ede23-c29c-4d21-beee-f7bfce2cc546_r,46.49404,30.72704,683,
267ede23-c29c-4d21-beee-f7bfce2cc546_r,46.49384,30.72728,685,
267ede23-c29c-4d21-beee-f7bfce2cc546_r,46.49369,30.72743,687,
267ede23-c29c-4d21-beee-f7bfce2cc546_r,46.49355,30.72755,689,
267ede23-c29c-4d21-beee-f7bfce2cc546_r,46.49344,30.72764,691,
267ede23-c29c-4d21-beee-f7bfce2cc546_r,46.49328,30.72779,693,
267ede23-c29c-4d21-beee-f7bfce2cc546_r,46.49326,30.72782,695,
267ede23-c29c-4d21-beee-f7bfce2cc546_r,46.493281278871216,30.727783441543583,697,
267ede23-c29c-4d21-beee-f7bfce2cc546_r,46.49326,30.72775,702,
267ede23-c29c-4d21-beee-f7bfce2cc546_r,46.49329,30.72782,704,
267ede23-c29c-4d21-beee-f7bfce2cc546_r,46.49328,30.72778,706,
267ede23-c29c-4d21-beee-f7bfce2cc546_r,46.49309,30.72807,708,
267ede23-c29c-4d21-beee-f7bfce2cc546_r,46.49294,30.72824,710,
267ede23-c29c-4d21-beee-f7bfce2cc546_r,46.49281,30.72839,712,
267ede23-c29c-4d21-beee-f7bfce2cc546_r,46.49236,30.72891,714,
267ede23-c29c-4d21-beee-f7bfce2cc546_r,46.49223,30.72908,716,
267ede23-c29c-4d21-beee-f7bfce2cc546_r,46.49202,30.72934,718,
267ede23-c29c-4d21-beee-f7bfce2cc546_r,46.4918,30.72958,720,
267ede23-c29c-4d21-beee-f7bfce2cc546_r,46.49157,30.72983,722,
267ede23-c29c-4d21-beee-f7bfce2cc546_r,46.49148,30.72994,724,
267ede23-c29c-4d21-beee-f7bfce2cc546_r,46.49127,30.7302,726,
267ede23-c29c-4d21-beee-f7bfce2cc546_r,46.4912,30.73028,728,
267ede23-c29c-4d21-beee-f7bfce2cc546_r,46.49109,30.73041,730,
267ede23-c29c-4d21-beee-f7bfce2cc546_r,46.49103,30.7305,732,
267ede23-c29c-4d21-beee-f7bfce2cc546_r,46.49078,30.73081,734,
267ede23-c29c-4d21-beee-f7bfce2cc546_r,46.490821633324664,30.730685591697696,736,
267ede23-c29c-4d21-beee-f7bfce2cc546_r,46.49078,30.73081,741,
267ede23-c29c-4d21-beee-f7bfce2cc546_r,46.49039,30.73125,743,
267ede23-c29c-4d21-beee-f7bfce2cc546_r,46.48996,30.73174,745,
267ede23-c29c-4d21-beee-f7bfce2cc546_r,46.48954,30.73223,747,
267ede23-c29c-4d21-beee-f7bfce2cc546_r,46.48933,30.73247,749,
267ede23-c29c-4d21-beee-f7bfce2cc546_r,46.48901,30.73286,751,
267ede23-c29c-4d21-beee-f7bfce2cc546_r,46.48876,30.73313,753,
267ede23-c29c-4d21-beee-f7bfce2cc546_r,46.48868,30.73319,755,
267ede23-c29c-4d21-beee-f7bfce2cc546_r,46.48858,30.7332,757,
267ede23-c29c-4d21-beee-f7bfce2cc546_r,46.48816,30.73313,759,
267ede23-c29c-4d21-beee-f7bfce2cc546_r,46.48769,30.73306,761,
267ede23-c29c-4d21-beee-f7bfce2cc546_r,46.48754,30.73304,763,
267ede23-c29c-4d21-beee-f7bfce2cc546_r,46.48733,30.73301,765,
267ede23-c29c-4d21-beee-f7bfce2cc546_r,46.4874200483221,30.733003020286564,767,
267ede23-c29c-4d21-beee-f7bfce2cc546_r,46.48732,30.73302,772,
267ede23-c29c-4d21-beee-f7bfce2cc546_r,46.48695,30.73296,774,
267ede23-c29c-4d21-beee-f7bfce2cc546_r,46.48661,30.73291,776,
267ede23-c29c-4d21-beee-f7bfce2cc546_r,46.48605,30.73283,778,
267ede23-c29c-4d21-beee-f7bfce2cc546_r,46.48543,30.73275,780,
267ede23-c29c-4d21-beee-f7bfce2cc546_r,46.48513,30.73271,782,
267ede23-c29c-4d21-beee-f7bfce2cc546_r,46.48486,30.73267,784,
267ede23-c29c-4d21-beee-f7bfce2cc546_r,46.4844,30.73259,786,
267ede23-c29c-4d21-beee-f7bfce2cc546_r,46.48399,30.73254,788,
267ede23-c29c-4d21-beee-f7bfce2cc546_r,46.48304,30.7324,790,
267ede23-c29c-4d21-beee-f7bfce2cc546_r,46.48266,30.73232,792,
267ede23-c29c-4d21-beee-f7bfce2cc546_r,46.482670030850194,30.73232710361481,794,
267ede23-c29c-4d21-beee-f7bfce2cc546_r,46.48267,30.73233,799,
267ede23-c29c-4d21-beee-f7bfce2cc546_r,46.48245,30.73232,801,
267ede23-c29c-4d21-beee-f7bfce2cc546_r,46.48193,30.73225,803,
267ede23-c29c-4d21-beee-f7bfce2cc546_r,46.48165,30.73223,805,
267ede23-c29c-4d21-beee-f7bfce2cc546_r,46.48109,30.73215,807,
267ede23-c29c-4d21-beee-f7bfce2cc546_r,46.48079,30.73211,809,
267ede23-c29c-4d21-beee-f7bfce2cc546_r,46.48022,30.73202,811,
267ede23-c29c-4d21-beee-f7bfce2cc546_r,46.47996,30.73199,813,
267ede23-c29c-4d21-beee-f7bfce2cc546_r,46.47948,30.73191,815,
267ede23-c29c-4d21-beee-f7bfce2cc546_r,46.47921,30.73187,817,
267ede23-c29c-4d21-beee-f7bfce2cc546_r,46.47873,30.73182,819,
267ede23-c29c-4d21-beee-f7bfce2cc546_r,46.47869,30.73182,821,
267ede23-c29c-4d21-beee-f7bfce2cc546_r,46.47868427629636,30.73181748390198,823,
267ede23-c29c-4d21-beee-f7bfce2cc546_r,46.47868,30.73182,828,
267ede23-c29c-4d21-beee-f7bfce2cc546_r,46.47668,30.73151,830,
267ede23-c29c-4d21-beee-f7bfce2cc546_r,46.47642,30.73151,832,
267ede23-c29c-4d21-beee-f7bfce2cc546_r,46.47642,30.73151,834,
267ede23-c29c-4d21-beee-f7bfce2cc546_r,46.476419764826126,30.731506347656254,836,
267ede23-c29c-4d21-beee-f7bfce2cc546_r,46.47642,30.73151,841,
267ede23-c29c-4d21-beee-f7bfce2cc546_r,46.47355,30.73106,843,
267ede23-c29c-4d21-beee-f7bfce2cc546_r,46.47355297240483,30.73105573654175,845,
267ede23-c29c-4d21-beee-f7bfce2cc546_r,46.47355,30.73106,850,
267ede23-c29c-4d21-beee-f7bfce2cc546_r,46.47048,30.7306,852,
267ede23-c29c-4d21-beee-f7bfce2cc546_r,46.47048282491877,30.73059976100922,854,
267ede23-c29c-4d21-beee-f7bfce2cc546_r,46.47048,30.7306,859,
267ede23-c29c-4d21-beee-f7bfce2cc546_r,46.47028,30.73061,861,
267ede23-c29c-4d21-beee-f7bfce2cc546_r,46.46885,30.7304,863,
267ede23-c29c-4d21-beee-f7bfce2cc546_r,46.46878,30.73042,865,
267ede23-c29c-4d21-beee-f7bfce2cc546_r,46.46874,30.73047,867,
267ede23-c29c-4d21-beee-f7bfce2cc546_r,46.4687,30.73054,869,
267ede23-c29c-4d21-beee-f7bfce2cc546_r,46.46867,30.73063,871,
267ede23-c29c-4d21-beee-f7bfce2cc546_r,46.46858,30.7319,873,
267ede23-c29c-4d21-beee-f7bfce2cc546_r,46.46854,30.73252,875,
267ede23-c29c-4d21-beee-f7bfce2cc546_r,46.46851,30.73299,877,
267ede23-c29c-4d21-beee-f7bfce2cc546_r,46.46848,30.73322,879,
267ede23-c29c-4d21-beee-f7bfce2cc546_r,46.46846,30.73333,881,
267ede23-c29c-4d21-beee-f7bfce2cc546_r,46.46842,30.73341,883,
267ede23-c29c-4d21-beee-f7bfce2cc546_r,46.46817,30.73376,885,
267ede23-c29c-4d21-beee-f7bfce2cc546_r,46.46807,30.73392,887,
267ede23-c29c-4d21-beee-f7bfce2cc546_r,46.46802,30.73412,889,
267ede23-c29c-4d21-beee-f7bfce2cc546_r,46.4679,30.73596,891,
267ede23-c29c-4d21-beee-f7bfce2cc546_r,46.467885440973795,30.735937356948856,893,
267ede23-c29c-4d21-beee-f7bfce2cc546_r,46.46789,30.73594,898,
267ede23-c29c-4d21-beee-f7bfce2cc546_r,46.46785,30.7365,900,
267ede23-c29c-4d21-beee-f7bfce2cc546_r,46.4678,30.73725,902,
267ede23-c29c-4d21-beee-f7bfce2cc546_r,46.46776,30.73746,904,
267ede23-c29c-4d21-beee-f7bfce2cc546_r,46.46769,30.73759,906,
267ede23-c29c-4d21-beee-f7bfce2cc546_r,46.46752,30.73763,908,
267ede23-c29c-4d21-beee-f7bfce2cc546_r,46.46745,30.73757,910,
267ede23-c29c-4d21-beee-f7bfce2cc546_r,46.46735,30.73746,912,
267ede23-c29c-4d21-beee-f7bfce2cc546_r,46.46725,30.7374,914,
267ede23-c29c-4d21-beee-f7bfce2cc546_r,46.46716,30.73737,916,
267ede23-c29c-4d21-beee-f7bfce2cc546_r,46.46708,30.73736,918,
267ede23-c29c-4d21-beee-f7bfce2cc546_r,46.46699,30.73739,920,
267ede23-c29c-4d21-beee-f7bfce2cc546_r,46.46693,30.73747,922,
267ede23-c29c-4d21-beee-f7bfce2cc546_r,46.46689,30.73758,924,
267ede23-c29c-4d21-beee-f7bfce2cc546_r,46.46686,30.7379,926,
267ede23-c29c-4d21-beee-f7bfce2cc546_r,46.46684,30.73825,928,
267ede23-c29c-4d21-beee-f7bfce2cc546_r,46.46685,30.73824,930,
267ede23-c29c-4d21-beee-f7bfce2cc546_r,46.466847191574054,30.738241648496377,932,
267ede23-c29c-4d21-beee-f7bfce2cc546_r,46.46685,30.73824,937,
267ede23-c29c-4d21-beee-f7bfce2cc546_r,46.46684,30.73825,939,
267ede23-c29c-4d21-beee-f7bfce2cc546_r,46.46682,30.73856,941,
267ede23-c29c-4d21-beee-f7bfce2cc546_r,46.46681,30.73872,943,
267ede23-c29c-4d21-beee-f7bfce2cc546_r,46.46683,30.73889,945,
267ede23-c29c-4d21-beee-f7bfce2cc546_r,46.4669,30.739,947,
267ede23-c29c-4d21-beee-f7bfce2cc546_r,46.46695,30.73907,949,
267ede23-c29c-4d21-beee-f7bfce2cc546_r,46.46706,30.7391,951,
267ede23-c29c-4d21-beee-f7bfce2cc546_r,46.46721,30.73913,953,
267ede23-c29c-4d21-beee-f7bfce2cc546_r,46.46731,30.73911,955,
267ede23-c29c-4d21-beee-f7bfce2cc546_r,46.46739,30.73912,957,
267ede23-c29c-4d21-beee-f7bfce2cc546_r,46.4675,30.73913,959,
267ede23-c29c-4d21-beee-f7bfce2cc546_r,46.46758,30.7391,961,
267ede23-c29c-4d21-beee-f7bfce2cc546_r,46.46766,30.73898,963,
267ede23-c29c-4d21-beee-f7bfce2cc546_r,46.46769,30.73878,965,
267ede23-c29c-4d21-beee-f7bfce2cc546_r,46.4677,30.73853,967,
267ede23-c29c-4d21-beee-f7bfce2cc546_r,46.46773,30.7382,969,
267ede23-c29c-4d21-beee-f7bfce2cc546_r,46.46774,30.73801,971,
267ede23-c29c-4d21-beee-f7bfce2cc546_r,46.46771,30.73781,973,
267ede23-c29c-4d21-beee-f7bfce2cc546_r,46.46763,30.73771,975,
267ede23-c29c-4d21-beee-f7bfce2cc546_r,46.46714,30.73725,977,
267ede23-c29c-4d21-beee-f7bfce2cc546_r,46.46666,30.73677,979,
267ede23-c29c-4d21-beee-f7bfce2cc546_r,46.46651,30.73664,981,
267ede23-c29c-4d21-beee-f7bfce2cc546_r,46.46608,30.73623,983,
267ede23-c29c-4d21-beee-f7bfce2cc546_r,46.4655,30.73573,985,
267ede23-c29c-4d21-beee-f7bfce2cc546_r,46.4654,30.7356,987,
267ede23-c29c-4d21-beee-f7bfce2cc546_r,46.46534,30.73547,989,
267ede23-c29c-4d21-beee-f7bfce2cc546_r,46.46529,30.73532,991,
267ede23-c29c-4d21-beee-f7bfce2cc546_r,46.46523,30.73521,993,
267ede23-c29c-4d21-beee-f7bfce2cc546_r,46.46513,30.73501,995,
267ede23-c29c-4d21-beee-f7bfce2cc546_r,46.46486,30.73475,997,
267ede23-c29c-4d21-beee-f7bfce2cc546_r,46.46476,30.73457,999,
267ede23-c29c-4d21-beee-f7bfce2cc546_r,46.46474846355313,30.73460698127747,1001,
267ede23-c29c-4d21-beee-f7bfce2cc546_r,46.46476,30.73458,1006,
267ede23-c29c-4d21-beee-f7bfce2cc546_r,46.46466,30.7346,1008,
267ede23-c29c-4d21-beee-f7bfce2cc546_r,46.46295,30.73309,1010,
267ede23-c29c-4d21-beee-f7bfce2cc546_r,46.4628,30.73297,1012,
267ede23-c29c-4d21-beee-f7bfce2cc546_r,46.46266,30.73284,1014,
267ede23-c29c-4d21-beee-f7bfce2cc546_r,46.46256,30.73272,1016,
267ede23-c29c-4d21-beee-f7bfce2cc546_r,46.46248,30.73263,1018,
267ede23-c29c-4d21-beee-f7bfce2cc546_r,46.46238,30.73251,1020,
267ede23-c29c-4d21-beee-f7bfce2cc546_r,46.46067,30.73089,1022,
267ede23-c29c-4d21-beee-f7bfce2cc546_r,46.460686,30.730871,1024,
267ede23-c29c-4d21-beee-f7bfce2cc546_r,46.46069,30.73087,1029,
267ede23-c29c-4d21-beee-f7bfce2cc546_r,46.46069,30.73087,1031,
267ede23-c29c-4d21-beee-f7bfce2cc546_r,46.46057,30.73082,1033,
267ede23-c29c-4d21-beee-f7bfce2cc546_r,46.4604,30.73068,1035,
267ede23-c29c-4d21-beee-f7bfce2cc546_r,46.46016,30.73052,1037,
267ede23-c29c-4d21-beee-f7bfce2cc546_r,46.46001,30.73043,1039,
267ede23-c29c-4d21-beee-f7bfce2cc546_r,46.45987,30.73029,1041,
267ede23-c29c-4d21-beee-f7bfce2cc546_r,46.45925,30.72972,1043,
267ede23-c29c-4d21-beee-f7bfce2cc546_r,46.45891,30.72944,1045,
267ede23-c29c-4d21-beee-f7bfce2cc546_r,46.45872,30.72931,1047,
267ede23-c29c-4d21-beee-f7bfce2cc546_r,46.45851,30.7292,1049,
267ede23-c29c-4d21-beee-f7bfce2cc546_r,46.45833,30.72915,1051,
267ede23-c29c-4d21-beee-f7bfce2cc546_r,46.45808,30.72911,1053,
267ede23-c29c-4d21-beee-f7bfce2cc546_r,46.45634,30.72897,1055,
267ede23-c29c-4d21-beee-f7bfce2cc546_r,46.45616,30.7289,1057,
267ede23-c29c-4d21-beee-f7bfce2cc546_r,46.45598,30.72876,1059,
267ede23-c29c-4d21-beee-f7bfce2cc546_r,46.45583,30.72868,1061,
267ede23-c29c-4d21-beee-f7bfce2cc546_r,46.45568,30.72864,1063,
267ede23-c29c-4d21-beee-f7bfce2cc546_r,46.45506,30.72856,1065,
267ede23-c29c-4d21-beee-f7bfce2cc546_r,46.45466,30.72853,1067,
267ede23-c29c-4d21-beee-f7bfce2cc546_r,46.45437,30.72855,1069,
267ede23-c29c-4d21-beee-f7bfce2cc546_r,46.4542,30.72861,1071,
267ede23-c29c-4d21-beee-f7bfce2cc546_r,46.45409,30.72866,1073,
267ede23-c29c-4d21-beee-f7bfce2cc546_r,46.45395,30.72865,1075,
267ede23-c29c-4d21-beee-f7bfce2cc546_r,46.45347,30.72854,1077,
267ede23-c29c-4d21-beee-f7bfce2cc546_r,46.45345902210269,30.728545188903812,1079,
267ede23-c29c-4d21-beee-f7bfce2cc546_r,46.45346,30.72855,1084,
267ede23-c29c-4d21-beee-f7bfce2cc546_r,46.45106,30.7281,1086,
267ede23-c29c-4d21-beee-f7bfce2cc546_r,46.451059,30.728105,1088,
267ede23-c29c-4d21-beee-f7bfce2cc546_r,46.45106,30.72811,1093,
267ede23-c29c-4d21-beee-f7bfce2cc546_r,46.44652,30.7273,1095,
267ede23-c29c-4d21-beee-f7bfce2cc546_r,46.44652168039975,30.727299405738613,1097,
267ede23-c29c-4d21-beee-f7bfce2cc546_r,46.44652,30.7273,1102,
267ede23-c29c-4d21-beee-f7bfce2cc546_r,46.44315,30.7267,1104,
267ede23-c29c-4d21-beee-f7bfce2cc546_r,46.44314681617764,30.726694464683536,1106,
267ede23-c29c-4d21-beee-f7bfce2cc546_r,46.44315,30.72669,1111,
267ede23-c29c-4d21-beee-f7bfce2cc546_r,46.44295,30.72669,1113,
267ede23-c29c-4d21-beee-f7bfce2cc546_r,46.44224,30.72659,1115,
267ede23-c29c-4d21-beee-f7bfce2cc546_r,46.43925,30.72609,1117,
267ede23-c29c-4d21-beee-f7bfce2cc546_r,46.43878,30.72597,1119,
267ede23-c29c-4d21-beee-f7bfce2cc546_r,46.43867,30.72594,1121,
267ede23-c29c-4d21-beee-f7bfce2cc546_r,46.4386,30.72588,1123,
267ede23-c29c-4d21-beee-f7bfce2cc546_r,46.438592,30.725886,1125,
267ede23-c29c-4d21-beee-f7bfce2cc546_r,46.43859,30.72589,1130,
267ede23-c29c-4d21-beee-f7bfce2cc546_r,46.43841,30.72591,1132,
267ede23-c29c-4d21-beee-f7bfce2cc546_r,46.43823,30.72596,1134,
267ede23-c29c-4d21-beee-f7bfce2cc546_r,46.43738,30.72624,1136,
267ede23-c29c-4d21-beee-f7bfce2cc546_r,46.43647,30.72652,1138,
267ede23-c29c-4d21-beee-f7bfce2cc546_r,46.43433,30.72718,1140,
267ede23-c29c-4d21-beee-f7bfce2cc546_r,46.43432,30.727183,1142,
267ede23-c29c-4d21-beee-f7bfce2cc546_r,46.43432,30.72718,1147,
267ede23-c29c-4d21-beee-f7bfce2cc546_r,46.43086,30.7283,1149,
267ede23-c29c-4d21-beee-f7bfce2cc546_r,46.43058,30.72838,1151,
267ede23-c29c-4d21-beee-f7bfce2cc546_r,46.43047,30.72841,1153,
267ede23-c29c-4d21-beee-f7bfce2cc546_r,46.43037,30.7284,1155,
267ede23-c29c-4d21-beee-f7bfce2cc546_r,46.43037767460163,30.728448629379276,1157,
267ede23-c29c-4d21-beee-f7bfce2cc546_r,46.43038,30.7284,1162,
267ede23-c29c-4d21-beee-f7bfce2cc546_r,46.43029,30.72845,1164,
267ede23-c29c-4d21-beee-f7bfce2cc546_r,46.43016,30.7285,1166,
267ede23-c29c-4d21-beee-f7bfce2cc546_r,46.42952,30.72873,1168,
267ede23-c29c-4d21-beee-f7bfce2cc546_r,46.42936,30.72872,1170,
267ede23-c29c-4d21-beee-f7bfce2cc546_r,46.42922,30.72866,1172,
267ede23-c29c-4d21-beee-f7bfce2cc546_r,46.42761,30.72659,1174,
267ede23-c29c-4d21-beee-f7bfce2cc546_r,46.4266,30.7252,1176,
267ede23-c29c-4d21-beee-f7bfce2cc546_r,46.42607,30.72449,1178,
267ede23-c29c-4d21-beee-f7bfce2cc546_r,46.4256,30.7239,1180,
267ede23-c29c-4d21-beee-f7bfce2cc546_r,46.42545,30.72383,1182,
267ede23-c29c-4d21-beee-f7bfce2cc546_r,46.42529,30.72385,1184,
267ede23-c29c-4d21-beee-f7bfce2cc546_r,46.42508,30.72388,1186,
267ede23-c29c-4d21-beee-f7bfce2cc546_r,46.42509390917858,30.72386741638184,1188,
267ede23-c29c-4d21-beee-f7bfce2cc546_r,46.42509,30.72387,1193,
267ede23-c29c-4d21-beee-f7bfce2cc546_r,46.42481,30.724,1195,
267ede23-c29c-4d21-beee-f7bfce2cc546_r,46.4222,30.7249,1197,
267ede23-c29c-4d21-beee-f7bfce2cc546_r,46.42186,30.725,1199,
267ede23-c29c-4d21-beee-f7bfce2cc546_r,46.42156,30.72505,1201,
267ede23-c29c-4d21-beee-f7bfce2cc546_r,46.421553,30.725046,1203,
267ede23-c29c-4d21-beee-f7bfce2cc546_r,46.42155,30.72505,1208,
267ede23-c29c-4d21-beee-f7bfce2cc546_r,46.42129,30.7252,1210,
267ede23-c29c-4d21-beee-f7bfce2cc546_r,46.42093,30.72535,1212,
267ede23-c29c-4d21-beee-f7bfce2cc546_r,46.41905,30.72599,1214,
267ede23-c29c-4d21-beee-f7bfce2cc546_r,46.41869,30.72608,1216,
267ede23-c29c-4d21-beee-f7bfce2cc546_r,46.41803,30.72613,1218,
267ede23-c29c-4d21-beee-f7bfce2cc546_r,46.41783,30.72613,1220,
267ede23-c29c-4d21-beee-f7bfce2cc546_r,46.41766,30.72605,1222,
267ede23-c29c-4d21-beee-f7bfce2cc546_r,46.41765731575718,30.726056098937992,1224,
267ede23-c29c-4d21-beee-f7bfce2cc546_r,46.41766,30.72606,1229,
267ede23-c29c-4d21-beee-f7bfce2cc546_r,46.41757,30.72617,1231,
267ede23-c29c-4d21-beee-f7bfce2cc546_r,46.41727,30.72624,1233,
267ede23-c29c-4d21-beee-f7bfce2cc546_r,46.41613,30.72662,1235,
267ede23-c29c-4d21-beee-f7bfce2cc546_r,46.41491,30.72705,1237,
267ede23-c29c-4d21-beee-f7bfce2cc546_r,46.41464,30.72717,1239,
267ede23-c29c-4d21-beee-f7bfce2cc546_r,46.41448,30.72724,1241,
267ede23-c29c-4d21-beee-f7bfce2cc546_r,46.4144,30.72714,1243,
267ede23-c29c-4d21-beee-f7bfce2cc546_r,46.4144,30.72718,1245,
267ede23-c29c-4d21-beee-f7bfce2cc546_r,46.414391698423344,30.727193355560306,1247,
267ede23-c29c-4d21-beee-f7bfce2cc546_r,46.41439,30.72719,1252,
267ede23-c29c-4d21-beee-f7bfce2cc546_r,46.41439,30.72715,1254,
267ede23-c29c-4d21-beee-f7bfce2cc546_r,46.41431,30.72727,1256,
267ede23-c29c-4d21-beee-f7bfce2cc546_r,46.41385,30.72746,1258,
267ede23-c29c-4d21-beee-f7bfce2cc546_r,46.41155,30.72827,1260,
267ede23-c29c-4d21-beee-f7bfce2cc546_r,46.41082,30.72853,1262,
267ede23-c29c-4d21-beee-f7bfce2cc546_r,46.41072,30.72852,1264,
267ede23-c29c-4d21-beee-f7bfce2cc546_r,46.41071903217025,30.72857201099396,1266,
267ede23-c29c-4d21-beee-f7bfce2cc546_r,46.41072,30.72852,1271,
267ede23-c29c-4d21-beee-f7bfce2cc546_r,46.41065,30.7286,1273,
267ede23-c29c-4d21-beee-f7bfce2cc546_r,46.40921,30.72911,1275,
267ede23-c29c-4d21-beee-f7bfce2cc546_r,46.40784,30.7296,1277,
267ede23-c29c-4d21-beee-f7bfce2cc546_r,46.40774,30.72959,1279,
267ede23-c29c-4d21-beee-f7bfce2cc546_r,46.40774891071867,30.72963953018189,1281,
267ede23-c29c-4d21-beee-f7bfce2cc546_r,46.40774,30.72959,1286,
267ede23-c29c-4d21-beee-f7bfce2cc546_r,46.40764,30.72967,1288,
267ede23-c29c-4d21-beee-f7bfce2cc546_r,46.40584,30.73027,1290,
267ede23-c29c-4d21-beee-f7bfce2cc546_r,46.405840254168766,30.73031544685364,1292,
267ede23-c29c-4d21-beee-f7bfce2cc546_r,46.40584,30.73027,1297,
267ede23-c29c-4d21-beee-f7bfce2cc546_r,46.40257,30.73157,1299,
267ede23-c29c-4d21-beee-f7bfce2cc546_r,46.402573929218576,30.73156535625458,1301,
267ede23-c29c-4d21-beee-f7bfce2cc546_r,46.40257,30.73157,1306,
267ede23-c29c-4d21-beee-f7bfce2cc546_r,46.40048,30.73228,1308,
267ede23-c29c-4d21-beee-f7bfce2cc546_r,46.40018,30.7324,1310,
267ede23-c29c-4d21-beee-f7bfce2cc546_r,46.39958,30.7328,1312,
267ede23-c29c-4d21-beee-f7bfce2cc546_r,46.39899,30.73313,1314,
267ede23-c29c-4d21-beee-f7bfce2cc546_r,46.39899295416615,30.733163952827457,1316,
267ede23-c29c-4d21-beee-f7bfce2cc546_r,46.39899,30.73313,1321,
267ede23-c29c-4d21-beee-f7bfce2cc546_r,46.39904,30.73331,1323,
267ede23-c29c-4d21-beee-f7bfce2cc546_r,46.39848,30.73363,1325,
267ede23-c29c-4d21-beee-f7bfce2cc546_r,46.39629,30.73468,1327,
267ede23-c29c-4d21-beee-f7bfce2cc546_r,46.39608,30.73468,1329,
267ede23-c29c-4d21-beee-f7bfce2cc546_r,46.39402,30.73488,1331,
267ede23-c29c-4d21-beee-f7bfce2cc546_r,46.39377,30.73492,1333,
267ede23-c29c-4d21-beee-f7bfce2cc546_r,46.39376,30.73483,1335,
267ede23-c29c-4d21-beee-f7bfce2cc546_r,46.393764,30.73483,1337,
267ede23-c29c-4d21-beee-f7bfce2cc546_r,46.39376,30.73483,1342,
267ede23-c29c-4d21-beee-f7bfce2cc546_r,46.3934,30.73486,1344,
267ede23-c29c-4d21-beee-f7bfce2cc546_r,46.39323,30.73482,1346,
267ede23-c29c-4d21-beee-f7bfce2cc546_r,46.39231,30.7344,1348,
267ede23-c29c-4d21-beee-f7bfce2cc546_r,46.391,30.73373,1350,
267ede23-c29c-4d21-beee-f7bfce2cc546_r,46.390994101285095,30.733727216720585,1352,
267ede23-c29c-4d21-beee-f7bfce2cc546_r,46.39099,30.73373,1357,
267ede23-c29c-4d21-beee-f7bfce2cc546_r,46.38938,30.733,1359,
267ede23-c29c-4d21-beee-f7bfce2cc546_r,46.3886,30.73262,1361,
267ede23-c29c-4d21-beee-f7bfce2cc546_r,46.38778,30.73224,1363,
267ede23-c29c-4d21-beee-f7bfce2cc546_r,46.38729,30.732,1365,
267ede23-c29c-4d21-beee-f7bfce2cc546_r,46.387,30.73184,1367,
267ede23-c29c-4d21-beee-f7bfce2cc546_r,46.38689,30.73175,1369,
267ede23-c29c-4d21-beee-f7bfce2cc546_r,46.38679,30.73163,1371,
267ede23-c29c-4d21-beee-f7bfce2cc546_r,46.38663,30.73142,1373,
267ede23-c29c-4d21-beee-f7bfce2cc546_r,46.38661310405771,30.731436610221866,1375,
267ede23-c29c-4d21-beee-f7bfce2cc546_r,46.38661,30.73144,1380,
267ede23-c29c-4d21-beee-f7bfce2cc546_r,46.38633,30.73093,1382,
267ede23-c29c-4d21-beee-f7bfce2cc546_r,46.38622,30.73072,1384,
267ede23-c29c-4d21-beee-f7bfce2cc546_r,46.38611,30.73044,1386,
267ede23-c29c-4d21-beee-f7bfce2cc546_r,46.38599,30.72986,1388,
267ede23-c29c-4d21-beee-f7bfce2cc546_r,46.38578,30.72859,1390,
267ede23-c29c-4d21-beee-f7bfce2cc546_r,46.38562,30.72738,1392,
267ede23-c29c-4d21-beee-f7bfce2cc546_r,46.38564,30.72738,1394,
267ede23-c29c-4d21-beee-f7bfce2cc546_r,46.38560290869656,30.72735965251923,1396,
267ede23-c29c-4d21-beee-f7bfce2cc546_r,46.38564,30.72738,1401,
267ede23-c29c-4d21-beee-f7bfce2cc546_r,46.38562,30.72738,1403,
267ede23-c29c-4d21-beee-f7bfce2cc546_r,46.38533,30.72584,1405,
267ede23-c29c-4d21-beee-f7bfce2cc546_r,46.38497,30.72411,1407,
267ede23-c29c-4d21-beee-f7bfce2cc546_r,46.38438,30.72135,1409,
267ede23-c29c-4d21-beee-f7bfce2cc546_r,46.38437806800176,30.72135150432587,1411,
267ede23-c29c-4d21-beee-f7bfce2cc546_r,46.38438,30.72135,1416,
267ede23-c29c-4d21-beee-f7bfce2cc546_r,46.38324,30.71632,1418,
267ede23-c29c-4d21-beee-f7bfce2cc546_r,46.38320870804117,30.71633577346802,1420,
267ede23-c29c-4d21-beee-f7bfce2cc546_r,46.38324,30.71632,1425,
267ede23-c29c-4d21-beee-f7bfce2cc546_r,46.38313,30.71596,1427,
267ede23-c29c-4d21-beee-f7bfce2cc546_r,46.38307,30.71576,1429,
267ede23-c29c-4d21-beee-f7bfce2cc546_r,46.383,30.71557,1431,
267ede23-c29c-4d21-beee-f7bfce2cc546_r,46.3829,30.71529,1433,
267ede23-c29c-4d21-beee-f7bfce2cc546_r,46.3827,30.7148,1435,
267ede23-c29c-4d21-beee-f7bfce2cc546_r,46.38259,30.71459,1437,
267ede23-c29c-4d21-beee-f7bfce2cc546_r,46.38249,30.71441,1439,
267ede23-c29c-4d21-beee-f7bfce2cc546_r,46.38249079742879,30.71439921855927,1441,
19ea9859-216b-460c-8873-d5ebad74d77e_d,46.49406051274018,30.721163749694828,1,
19ea9859-216b-460c-8873-d5ebad74d77e_d,46.49409,30.72122,6,
19ea9859-216b-460c-8873-d5ebad74d77e_d,46.4941,30.72119,8,
19ea9859-216b-460c-8873-d5ebad74d77e_d,46.49425,30.72123,10,
19ea9859-216b-460c-8873-d5ebad74d77e_d,46.49441,30.7211,12,
19ea9859-216b-460c-8873-d5ebad74d77e_d,46.4947,30.72083,14,
19ea9859-216b-460c-8873-d5ebad74d77e_d,46.49487,30.72058,16,
19ea9859-216b-460c-8873-d5ebad74d77e_d,46.49502,30.72034,18,
19ea9859-216b-460c-8873-d5ebad74d77e_d,46.49503,30.72024,20,
19ea9859-216b-460c-8873-d5ebad74d77e_d,46.49501,30.72015,22,
19ea9859-216b-460c-8873-d5ebad74d77e_d,46.49495,30.72009,24,
19ea9859-216b-460c-8873-d5ebad74d77e_d,46.49484,30.72005,26,
19ea9859-216b-460c-8873-d5ebad74d77e_d,46.49384,30.71984,28,
19ea9859-216b-460c-8873-d5ebad74d77e_d,46.49305,30.71953,30,
19ea9859-216b-460c-8873-d5ebad74d77e_d,46.49305,30.71948,32,
19ea9859-216b-460c-8873-d5ebad74d77e_d,46.493052307555075,30.719484686851505,34,
19ea9859-216b-460c-8873-d5ebad74d77e_d,46.49305,30.71948,39,
19ea9859-216b-460c-8873-d5ebad74d77e_d,46.49305,30.71953,41,
19ea9859-216b-460c-8873-d5ebad74d77e_d,46.4921,30.71923,43,
19ea9859-216b-460c-8873-d5ebad74d77e_d,46.49112,30.71893,45,
19ea9859-216b-460c-8873-d5ebad74d77e_d,46.49054,30.71874,47,
19ea9859-216b-460c-8873-d5ebad74d77e_d,46.48972,30.71882,49,
19ea9859-216b-460c-8873-d5ebad74d77e_d,46.48935,30.71884,51,
19ea9859-216b-460c-8873-d5ebad74d77e_d,46.48934,30.71873,53,
19ea9859-216b-460c-8873-d5ebad74d77e_d,46.489333235227456,30.718776583671573,55,
19ea9859-216b-460c-8873-d5ebad74d77e_d,46.48934,30.71872,60,
19ea9859-216b-460c-8873-d5ebad74d77e_d,46.48935,30.71883,62,
19ea9859-216b-460c-8873-d5ebad74d77e_d,46.48895,30.71882,64,
19ea9859-216b-460c-8873-d5ebad74d77e_d,46.4845,30.72032,66,
19ea9859-216b-460c-8873-d5ebad74d77e_d,46.48450212404865,30.72038054466248,68,
19ea9859-216b-460c-8873-d5ebad74d77e_d,46.4845,30.72033,73,
19ea9859-216b-460c-8873-d5ebad74d77e_d,46.48451,30.7204,75,
19ea9859-216b-460c-8873-d5ebad74d77e_d,46.48429,30.72046,77,
19ea9859-216b-460c-8873-d5ebad74d77e_d,46.48403,30.72054,79,
19ea9859-216b-460c-8873-d5ebad74d77e_d,46.48247,30.72106,81,
19ea9859-216b-460c-8873-d5ebad74d77e_d,46.48215,30.72116,83,
19ea9859-216b-460c-8873-d5ebad74d77e_d,46.48137,30.72144,85,
19ea9859-216b-460c-8873-d5ebad74d77e_d,46.48116,30.72151,87,
19ea9859-216b-460c-8873-d5ebad74d77e_d,46.48112,30.72153,89,
19ea9859-216b-460c-8873-d5ebad74d77e_d,46.48109,30.72155,91,
19ea9859-216b-460c-8873-d5ebad74d77e_d,46.4809,30.72159,93,
19ea9859-216b-460c-8873-d5ebad74d77e_d,46.48089,30.72159,95,
19ea9859-216b-460c-8873-d5ebad74d77e_d,46.4809,30.72166,97,
19ea9859-216b-460c-8873-d5ebad74d77e_d,46.48091544827838,30.72162508964539,99,
19ea9859-216b-460c-8873-d5ebad74d77e_d,46.4809,30.72166,104,
19ea9859-216b-460c-8873-d5ebad74d77e_d,46.48089,30.72159,106,
19ea9859-216b-460c-8873-d5ebad74d77e_d,46.47983,30.72191,108,
19ea9859-216b-460c-8873-d5ebad74d77e_d,46.47953,30.72202,110,
19ea9859-216b-460c-8873-d5ebad74d77e_d,46.47903,30.72217,112,
19ea9859-216b-460c-8873-d5ebad74d77e_d,46.47869,30.72228,114,
19ea9859-216b-460c-8873-d5ebad74d77e_d,46.47858,30.72232,116,
19ea9859-216b-460c-8873-d5ebad74d77e_d,46.47837,30.72239,118,
19ea9859-216b-460c-8873-d5ebad74d77e_d,46.47839,30.72251,120,
19ea9859-216b-460c-8873-d5ebad74d77e_d,46.47847,30.72249,122,
19ea9859-216b-460c-8873-d5ebad74d77e_d,46.47825206849665,30.722478032112125,124,
19ea9859-216b-460c-8873-d5ebad74d77e_d,46.47847,30.72249,129,
19ea9859-216b-460c-8873-d5ebad74d77e_d,46.47839,30.72251,131,
19ea9859-216b-460c-8873-d5ebad74d77e_d,46.47837,30.72239,133,
19ea9859-216b-460c-8873-d5ebad74d77e_d,46.4782,30.72245,135,
19ea9859-216b-460c-8873-d5ebad74d77e_d,46.47775,30.72262,137,
19ea9859-216b-460c-8873-d5ebad74d77e_d,46.47753,30.72269,139,
19ea9859-216b-460c-8873-d5ebad74d77e_d,46.47734,30.72275,141,
19ea9859-216b-460c-8873-d5ebad74d77e_d,46.47715,30.72282,143,
19ea9859-216b-460c-8873-d5ebad74d77e_d,46.47708,30.72284,145,
19ea9859-216b-460c-8873-d5ebad74d77e_d,46.47693,30.7229,147,
19ea9859-216b-460c-8873-d5ebad74d77e_d,46.47676,30.72297,149,
19ea9859-216b-460c-8873-d5ebad74d77e_d,46.47659,30.72303,151,
19ea9859-216b-460c-8873-d5ebad74d77e_d,46.4764,30.72307,153,
19ea9859-216b-460c-8873-d5ebad74d77e_d,46.4762,30.72314,155,
19ea9859-216b-460c-8873-d5ebad74d77e_d,46.47599,30.72322,157,
19ea9859-216b-460c-8873-d5ebad74d77e_d,46.47586,30.72327,159,
19ea9859-216b-460c-8873-d5ebad74d77e_d,46.47579,30.72329,161,
19ea9859-216b-460c-8873-d5ebad74d77e_d,46.47573,30.72335,163,
19ea9859-216b-460c-8873-d5ebad74d77e_d,46.47556,30.72357,165,
19ea9859-216b-460c-8873-d5ebad74d77e_d,46.47547,30.72363,167,
19ea9859-216b-460c-8873-d5ebad74d77e_d,46.47554,30.72372,169,
19ea9859-216b-460c-8873-d5ebad74d77e_d,46.47558,30.72378,171,
19ea9859-216b-460c-8873-d5ebad74d77e_d,46.4757,30.724,173,
19ea9859-216b-460c-8873-d5ebad74d77e_d,46.47578,30.72389,175,
19ea9859-216b-460c-8873-d5ebad74d77e_d,46.47571785796302,30.723942518234256,177,
19ea9859-216b-460c-8873-d5ebad74d77e_d,46.47578,30.72389,182,
19ea9859-216b-460c-8873-d5ebad74d77e_d,46.4757,30.724,184,
19ea9859-216b-460c-8873-d5ebad74d77e_d,46.47558,30.72378,186,
19ea9859-216b-460c-8873-d5ebad74d77e_d,46.47554,30.72372,188,
19ea9859-216b-460c-8873-d5ebad74d77e_d,46.47547,30.72363,190,
19ea9859-216b-460c-8873-d5ebad74d77e_d,46.47545,30.7237,192,
19ea9859-216b-460c-8873-d5ebad74d77e_d,46.47541,30.72374,194,
19ea9859-216b-460c-8873-d5ebad74d77e_d,46.47365,30.7258,196,
19ea9859-216b-460c-8873-d5ebad74d77e_d,46.47305,30.72649,198,
19ea9859-216b-460c-8873-d5ebad74d77e_d,46.47295,30.7266,200,
19ea9859-216b-460c-8873-d5ebad74d77e_d,46.47286,30.72644,202,
19ea9859-216b-460c-8873-d5ebad74d77e_d,46.47292491781627,30.726431608200077,204,
19ea9859-216b-460c-8873-d5ebad74d77e_d,46.47286,30.72644,209,
19ea9859-216b-460c-8873-d5ebad74d77e_d,46.47295,30.7266,211,
19ea9859-216b-460c-8873-d5ebad74d77e_d,46.47283,30.72674,213,
19ea9859-216b-460c-8873-d5ebad74d77e_d,46.47197,30.72773,215,
19ea9859-216b-460c-8873-d5ebad74d77e_d,46.4715,30.72822,217,
19ea9859-216b-460c-8873-d5ebad74d77e_d,46.47142,30.72827,219,
19ea9859-216b-460c-8873-d5ebad74d77e_d,46.47135,30.72829,221,
19ea9859-216b-460c-8873-d5ebad74d77e_d,46.47039,30.72827,223,
19ea9859-216b-460c-8873-d5ebad74d77e_d,46.47034,30.72829,225,
19ea9859-216b-460c-8873-d5ebad74d77e_d,46.46897,30.7282,227,
19ea9859-216b-460c-8873-d5ebad74d77e_d,46.46888,30.72887,229,
19ea9859-216b-460c-8873-d5ebad74d77e_d,46.46888,30.72902,231,
19ea9859-216b-460c-8873-d5ebad74d77e_d,46.46879,30.72966,233,
19ea9859-216b-460c-8873-d5ebad74d77e_d,46.46871,30.72963,235,
19ea9859-216b-460c-8873-d5ebad74d77e_d,46.468714,30.729633,237,
19ea9859-216b-460c-8873-d5ebad74d77e_d,46.46871,30.72963,242,
19ea9859-216b-460c-8873-d5ebad74d77e_d,46.46842,30.73335,244,
19ea9859-216b-460c-8873-d5ebad74d77e_d,46.46797,30.73415,246,
19ea9859-216b-460c-8873-d5ebad74d77e_d,46.46784,30.73618,248,
19ea9859-216b-460c-8873-d5ebad74d77e_d,46.467885440973795,30.735937356948856,250,
19ea9859-216b-460c-8873-d5ebad74d77e_d,46.46785,30.73619,255,
19ea9859-216b-460c-8873-d5ebad74d77e_d,46.46779,30.73735,257,
19ea9859-216b-460c-8873-d5ebad74d77e_d,46.46769,30.73759,259,
19ea9859-216b-460c-8873-d5ebad74d77e_d,46.46753,30.73765,261,
19ea9859-216b-460c-8873-d5ebad74d77e_d,46.46735,30.73746,263,
19ea9859-216b-460c-8873-d5ebad74d77e_d,46.46716,30.73737,265,
19ea9859-216b-460c-8873-d5ebad74d77e_d,46.46699,30.73739,267,
19ea9859-216b-460c-8873-d5ebad74d77e_d,46.46689,30.73758,269,
19ea9859-216b-460c-8873-d5ebad74d77e_d,46.46686,30.7379,271,
19ea9859-216b-460c-8873-d5ebad74d77e_d,46.46684,30.73825,273,
19ea9859-216b-460c-8873-d5ebad74d77e_d,46.46671,30.73823,275,
19ea9859-216b-460c-8873-d5ebad74d77e_d,46.466847191574054,30.738241648496377,277,
19ea9859-216b-460c-8873-d5ebad74d77e_d,46.46671,30.73823,282,
19ea9859-216b-460c-8873-d5ebad74d77e_d,46.46684,30.73825,284,
19ea9859-216b-460c-8873-d5ebad74d77e_d,46.46681,30.73862,286,
19ea9859-216b-460c-8873-d5ebad74d77e_d,46.46681,30.73893,288,
19ea9859-216b-460c-8873-d5ebad74d77e_d,46.46689,30.73905,290,
19ea9859-216b-460c-8873-d5ebad74d77e_d,46.46702,30.73909,292,
19ea9859-216b-460c-8873-d5ebad74d77e_d,46.46729,30.73912,294,
19ea9859-216b-460c-8873-d5ebad74d77e_d,46.46754,30.73913,296,
19ea9859-216b-460c-8873-d5ebad74d77e_d,46.46764,30.73901,298,
19ea9859-216b-460c-8873-d5ebad74d77e_d,46.4677,30.73848,300,
19ea9859-216b-460c-8873-d5ebad74d77e_d,46.46771,30.73818,302,
19ea9859-216b-460c-8873-d5ebad74d77e_d,46.46772,30.738,304,
19ea9859-216b-460c-8873-d5ebad74d77e_d,46.46769,30.7378,306,
19ea9859-216b-460c-8873-d5ebad74d77e_d,46.46761,30.73759,308,
19ea9859-216b-460c-8873-d5ebad74d77e_d,46.4655,30.73573,310,
19ea9859-216b-460c-8873-d5ebad74d77e_d,46.46538,30.73556,312,
19ea9859-216b-460c-8873-d5ebad74d77e_d,46.46525,30.73528,314,
19ea9859-216b-460c-8873-d5ebad74d77e_d,46.46515,30.73507,316,
19ea9859-216b-460c-8873-d5ebad74d77e_d,46.46495,30.73486,318,
19ea9859-216b-460c-8873-d5ebad74d77e_d,46.46473,30.73458,320,
19ea9859-216b-460c-8873-d5ebad74d77e_d,46.46474846355313,30.73460698127747,322,
19ea9859-216b-460c-8873-d5ebad74d77e_d,46.46476,30.73458,327,
19ea9859-216b-460c-8873-d5ebad74d77e_d,46.46272,30.73282,329,
19ea9859-216b-460c-8873-d5ebad74d77e_d,46.46166,30.73185,331,
19ea9859-216b-460c-8873-d5ebad74d77e_d,46.46069,30.73087,333,
19ea9859-216b-460c-8873-d5ebad74d77e_d,46.460686,30.730871,335,
19ea9859-216b-460c-8873-d5ebad74d77e_d,46.46069,30.73087,340,
19ea9859-216b-460c-8873-d5ebad74d77e_d,46.46003,30.73043,342,
19ea9859-216b-460c-8873-d5ebad74d77e_d,46.45871,30.72931,344,
19ea9859-216b-460c-8873-d5ebad74d77e_d,46.45829,30.72914,346,
19ea9859-216b-460c-8873-d5ebad74d77e_d,46.45634,30.72899,348,
19ea9859-216b-460c-8873-d5ebad74d77e_d,46.45614,30.72888,350,
19ea9859-216b-460c-8873-d5ebad74d77e_d,46.45591,30.72871,352,
19ea9859-216b-460c-8873-d5ebad74d77e_d,46.45568,30.72863,354,
19ea9859-216b-460c-8873-d5ebad74d77e_d,46.45445,30.72853,356,
19ea9859-216b-460c-8873-d5ebad74d77e_d,46.45421,30.72857,358,
19ea9859-216b-460c-8873-d5ebad74d77e_d,46.45401,30.72861,360,
19ea9859-216b-460c-8873-d5ebad74d77e_d,46.45346,30.72853,362,
19ea9859-216b-460c-8873-d5ebad74d77e_d,46.45345902210269,30.728545188903812,364,
19ea9859-216b-460c-8873-d5ebad74d77e_d,46.45346,30.72855,369,
19ea9859-216b-460c-8873-d5ebad74d77e_d,46.45106,30.7281,371,
19ea9859-216b-460c-8873-d5ebad74d77e_d,46.451059,30.728105,373,
19ea9859-216b-460c-8873-d5ebad74d77e_d,46.45106,30.72811,378,
19ea9859-216b-460c-8873-d5ebad74d77e_d,46.44884,30.72776,380,
19ea9859-216b-460c-8873-d5ebad74d77e_d,46.44652,30.7273,382,
19ea9859-216b-460c-8873-d5ebad74d77e_d,46.44652168039975,30.727299405738613,384,
19ea9859-216b-460c-8873-d5ebad74d77e_d,46.44652,30.7273,389,
19ea9859-216b-460c-8873-d5ebad74d77e_d,46.44315,30.7267,391,
19ea9859-216b-460c-8873-d5ebad74d77e_d,46.44314681617764,30.726694464683536,393,
19ea9859-216b-460c-8873-d5ebad74d77e_d,46.44315,30.72669,398,
19ea9859-216b-460c-8873-d5ebad74d77e_d,46.44267,30.72666,400,
19ea9859-216b-460c-8873-d5ebad74d77e_d,46.43932,30.72608,402,
19ea9859-216b-460c-8873-d5ebad74d77e_d,46.4386,30.72588,404,
19ea9859-216b-460c-8873-d5ebad74d77e_d,46.438592,30.725886,406,
19ea9859-216b-460c-8873-d5ebad74d77e_d,46.43859,30.72589,411,
19ea9859-216b-460c-8873-d5ebad74d77e_d,46.43432,30.72718,413,
19ea9859-216b-460c-8873-d5ebad74d77e_d,46.43432,30.727183,415,
19ea9859-216b-460c-8873-d5ebad74d77e_d,46.43432,30.72718,420,
19ea9859-216b-460c-8873-d5ebad74d77e_d,46.43087,30.7283,422,
19ea9859-216b-460c-8873-d5ebad74d77e_d,46.43037,30.72838,424,
19ea9859-216b-460c-8873-d5ebad74d77e_d,46.43037,30.7284,426,
19ea9859-216b-460c-8873-d5ebad74d77e_d,46.43037767460163,30.728448629379276,428,
19ea9859-216b-460c-8873-d5ebad74d77e_d,46.43038,30.7284,433,
19ea9859-216b-460c-8873-d5ebad74d77e_d,46.43038,30.72838,435,
19ea9859-216b-460c-8873-d5ebad74d77e_d,46.42953,30.72875,437,
19ea9859-216b-460c-8873-d5ebad74d77e_d,46.42936,30.72876,439,
19ea9859-216b-460c-8873-d5ebad74d77e_d,46.42922,30.72869,441,
19ea9859-216b-460c-8873-d5ebad74d77e_d,46.42762,30.72658,443,
19ea9859-216b-460c-8873-d5ebad74d77e_d,46.42561,30.7239,445,
19ea9859-216b-460c-8873-d5ebad74d77e_d,46.42546,30.72383,447,
19ea9859-216b-460c-8873-d5ebad74d77e_d,46.4253,30.72385,449,
19ea9859-216b-460c-8873-d5ebad74d77e_d,46.42509,30.72388,451,
19ea9859-216b-460c-8873-d5ebad74d77e_d,46.42509390917858,30.72386741638184,453,
19ea9859-216b-460c-8873-d5ebad74d77e_d,46.42509,30.72387,458,
19ea9859-216b-460c-8873-d5ebad74d77e_d,46.42495,30.72395,460,
19ea9859-216b-460c-8873-d5ebad74d77e_d,46.42474,30.72401,462,
19ea9859-216b-460c-8873-d5ebad74d77e_d,46.42423,30.72418,464,
19ea9859-216b-460c-8873-d5ebad74d77e_d,46.4239,30.72428,466,
19ea9859-216b-460c-8873-d5ebad74d77e_d,46.42356,30.72439,468,
19ea9859-216b-460c-8873-d5ebad74d77e_d,46.42338,30.72447,470,
19ea9859-216b-460c-8873-d5ebad74d77e_d,46.42319,30.72453,472,
19ea9859-216b-460c-8873-d5ebad74d77e_d,46.42276,30.72469,474,
19ea9859-216b-460c-8873-d5ebad74d77e_d,46.42258,30.72474,476,
19ea9859-216b-460c-8873-d5ebad74d77e_d,46.42242,30.72482,478,
19ea9859-216b-460c-8873-d5ebad74d77e_d,46.42229,30.72486,480,
19ea9859-216b-460c-8873-d5ebad74d77e_d,46.42189,30.72497,482,
19ea9859-216b-460c-8873-d5ebad74d77e_d,46.42152,30.72509,484,
19ea9859-216b-460c-8873-d5ebad74d77e_d,46.42114,30.72523,486,
19ea9859-216b-460c-8873-d5ebad74d77e_d,46.42092,30.72531,488,
19ea9859-216b-460c-8873-d5ebad74d77e_d,46.4203,30.72551,490,
19ea9859-216b-460c-8873-d5ebad74d77e_d,46.42,30.72562,492,
19ea9859-216b-460c-8873-d5ebad74d77e_d,46.41969,30.72571,494,
19ea9859-216b-460c-8873-d5ebad74d77e_d,46.41937,30.72583,496,
19ea9859-216b-460c-8873-d5ebad74d77e_d,46.4191,30.72596,498,
19ea9859-216b-460c-8873-d5ebad74d77e_d,46.41895,30.72599,500,
19ea9859-216b-460c-8873-d5ebad74d77e_d,46.4187,30.72606,502,
19ea9859-216b-460c-8873-d5ebad74d77e_d,46.41813,30.72611,504,
19ea9859-216b-460c-8873-d5ebad74d77e_d,46.41794,30.72612,506,
19ea9859-216b-460c-8873-d5ebad74d77e_d,46.41783,30.72615,508,
19ea9859-216b-460c-8873-d5ebad74d77e_d,46.41774,30.72615,510,
19ea9859-216b-460c-8873-d5ebad74d77e_d,46.41766,30.72604,512,
19ea9859-216b-460c-8873-d5ebad74d77e_d,46.41766,30.72604,514,
19ea9859-216b-460c-8873-d5ebad74d77e_d,46.41765731575718,30.726056098937992,516,
19ea9859-216b-460c-8873-d5ebad74d77e_d,46.41766,30.72606,521,
19ea9859-216b-460c-8873-d5ebad74d77e_d,46.41755,30.72616,523,
19ea9859-216b-460c-8873-d5ebad74d77e_d,46.41613,30.72662,525,
19ea9859-216b-460c-8873-d5ebad74d77e_d,46.41491,30.72705,527,
19ea9859-216b-460c-8873-d5ebad74d77e_d,46.4144,30.72714,529,
19ea9859-216b-460c-8873-d5ebad74d77e_d,46.4144,30.72718,531,
19ea9859-216b-460c-8873-d5ebad74d77e_d,46.414391698423344,30.727193355560306,533,
19ea9859-216b-460c-8873-d5ebad74d77e_d,46.41439,30.72719,538,
19ea9859-216b-460c-8873-d5ebad74d77e_d,46.41439,30.72715,540,
19ea9859-216b-460c-8873-d5ebad74d77e_d,46.41389,30.72734,542,
19ea9859-216b-460c-8873-d5ebad74d77e_d,46.41155,30.72827,544,
19ea9859-216b-460c-8873-d5ebad74d77e_d,46.41072,30.72852,546,
19ea9859-216b-460c-8873-d5ebad74d77e_d,46.41071903217025,30.72857201099396,548,
19ea9859-216b-460c-8873-d5ebad74d77e_d,46.41072,30.72852,553,
19ea9859-216b-460c-8873-d5ebad74d77e_d,46.40918,30.72914,555,
19ea9859-216b-460c-8873-d5ebad74d77e_d,46.40774,30.72959,557,
19ea9859-216b-460c-8873-d5ebad74d77e_d,46.40774891071867,30.72963953018189,559,
19ea9859-216b-460c-8873-d5ebad74d77e_d,46.40774,30.72959,564,
19ea9859-216b-460c-8873-d5ebad74d77e_d,46.40584,30.73027,566,
19ea9859-216b-460c-8873-d5ebad74d77e_d,46.405840254168766,30.73031544685364,568,
19ea9859-216b-460c-8873-d5ebad74d77e_d,46.40584,30.73027,573,
19ea9859-216b-460c-8873-d5ebad74d77e_d,46.40257,30.73157,575,
19ea9859-216b-460c-8873-d5ebad74d77e_d,46.402573929218576,30.73156535625458,577,
19ea9859-216b-460c-8873-d5ebad74d77e_d,46.40257,30.73157,582,
19ea9859-216b-460c-8873-d5ebad74d77e_d,46.40055,30.73221,584,
19ea9859-216b-460c-8873-d5ebad74d77e_d,46.4003,30.73231,586,
19ea9859-216b-460c-8873-d5ebad74d77e_d,46.3998,30.73263,588,
19ea9859-216b-460c-8873-d5ebad74d77e_d,46.39941,30.7329,590,
19ea9859-216b-460c-8873-d5ebad74d77e_d,46.399,30.73313,592,
19ea9859-216b-460c-8873-d5ebad74d77e_d,46.39899295416615,30.733163952827457,594,
19ea9859-216b-460c-8873-d5ebad74d77e_d,46.39899,30.73313,599,
19ea9859-216b-460c-8873-d5ebad74d77e_d,46.39767,30.73379,601,
19ea9859-216b-460c-8873-d5ebad74d77e_d,46.39698,30.73413,603,
19ea9859-216b-460c-8873-d5ebad74d77e_d,46.39621,30.73454,605,
19ea9859-216b-460c-8873-d5ebad74d77e_d,46.39621457711201,30.734526515007023,607,
19ea9859-216b-460c-8873-d5ebad74d77e_d,46.39621,30.73453,612,
19ea9859-216b-460c-8873-d5ebad74d77e_d,46.39376,30.73483,614,
19ea9859-216b-460c-8873-d5ebad74d77e_d,46.393764,30.73483,616,
19ea9859-216b-460c-8873-d5ebad74d77e_d,46.39376,30.73483,621,
19ea9859-216b-460c-8873-d5ebad74d77e_d,46.39337,30.73488,623,
19ea9859-216b-460c-8873-d5ebad74d77e_d,46.39318,30.73482,625,
19ea9859-216b-460c-8873-d5ebad74d77e_d,46.3923,30.73444,627,
19ea9859-216b-460c-8873-d5ebad74d77e_d,46.39099,30.73373,629,
19ea9859-216b-460c-8873-d5ebad74d77e_d,46.390994101285095,30.733727216720585,631,
19ea9859-216b-460c-8873-d5ebad74d77e_d,46.39099,30.73373,636,
19ea9859-216b-460c-8873-d5ebad74d77e_d,46.3897,30.73312,638,
19ea9859-216b-460c-8873-d5ebad74d77e_d,46.38782,30.73227,640,
19ea9859-216b-460c-8873-d5ebad74d77e_d,46.38739,30.73206,642,
19ea9859-216b-460c-8873-d5ebad74d77e_d,46.38692,30.7318,644,
19ea9859-216b-460c-8873-d5ebad74d77e_d,46.38672,30.73162,646,
19ea9859-216b-460c-8873-d5ebad74d77e_d,46.38661,30.73144,648,
19ea9859-216b-460c-8873-d5ebad74d77e_d,46.38661310405771,30.731436610221866,650,
19ea9859-216b-460c-8873-d5ebad74d77e_d,46.38661,30.73144,655,
19ea9859-216b-460c-8873-d5ebad74d77e_d,46.38633,30.73093,657,
19ea9859-216b-460c-8873-d5ebad74d77e_d,46.38599,30.72986,659,
19ea9859-216b-460c-8873-d5ebad74d77e_d,46.38562,30.72738,661,
19ea9859-216b-460c-8873-d5ebad74d77e_d,46.38564,30.72738,663,
19ea9859-216b-460c-8873-d5ebad74d77e_d,46.38560290869656,30.72735965251923,665,
19ea9859-216b-460c-8873-d5ebad74d77e_d,46.38564,30.72738,670,
19ea9859-216b-460c-8873-d5ebad74d77e_d,46.38562,30.72738,672,
19ea9859-216b-460c-8873-d5ebad74d77e_d,46.38497,30.72411,674,
19ea9859-216b-460c-8873-d5ebad74d77e_d,46.38438,30.72135,676,
19ea9859-216b-460c-8873-d5ebad74d77e_d,46.38437806800176,30.72135150432587,678,
19ea9859-216b-460c-8873-d5ebad74d77e_d,46.38438,30.72135,683,
19ea9859-216b-460c-8873-d5ebad74d77e_d,46.38324,30.71632,685,
19ea9859-216b-460c-8873-d5ebad74d77e_d,46.38320870804117,30.71633577346802,687,
19ea9859-216b-460c-8873-d5ebad74d77e_d,46.38324,30.71632,692,
19ea9859-216b-460c-8873-d5ebad74d77e_d,46.38311,30.71583,694,
19ea9859-216b-460c-8873-d5ebad74d77e_d,46.38294,30.7153,696,
19ea9859-216b-460c-8873-d5ebad74d77e_d,46.3825,30.7144,698,
19ea9859-216b-460c-8873-d5ebad74d77e_d,46.38249079742879,30.71439921855927,700,
aefdf534-93aa-4afe-941d-10466e24d479_r,46.489536,30.719829,1,
aefdf534-93aa-4afe-941d-10466e24d479_r,46.48954,30.71983,6,
aefdf534-93aa-4afe-941d-10466e24d479_r,46.48954,30.71988,8,
aefdf534-93aa-4afe-941d-10466e24d479_r,46.48953,30.71988,10,
aefdf534-93aa-4afe-941d-10466e24d479_r,46.48928,30.71986,12,
aefdf534-93aa-4afe-941d-10466e24d479_r,46.48906,30.7199,14,
aefdf534-93aa-4afe-941d-10466e24d479_r,46.489,30.72003,16,
aefdf534-93aa-4afe-941d-10466e24d479_r,46.48903,30.72016,18,
aefdf534-93aa-4afe-941d-10466e24d479_r,46.48911,30.72033,20,
aefdf534-93aa-4afe-941d-10466e24d479_r,46.48993,30.72161,22,
aefdf534-93aa-4afe-941d-10466e24d479_r,46.49022,30.72204,24,
aefdf534-93aa-4afe-941d-10466e24d479_r,46.49045,30.72239,26,
aefdf534-93aa-4afe-941d-10466e24d479_r,46.49058,30.7226,28,
aefdf534-93aa-4afe-941d-10466e24d479_r,46.49081,30.72294,30,
aefdf534-93aa-4afe-941d-10466e24d479_r,46.49087,30.72303,32,
aefdf534-93aa-4afe-941d-10466e24d479_r,46.49082,30.72308,34,
aefdf534-93aa-4afe-941d-10466e24d479_r,46.490822,30.723115,36,
aefdf534-93aa-4afe-941d-10466e24d479_r,46.49082,30.72312,41,
aefdf534-93aa-4afe-941d-10466e24d479_r,46.49087,30.72307,43,
aefdf534-93aa-4afe-941d-10466e24d479_r,46.49105,30.72336,45,
aefdf534-93aa-4afe-941d-10466e24d479_r,46.4918,30.72459,47,
aefdf534-93aa-4afe-941d-10466e24d479_r,46.49118,30.72536,49,
aefdf534-93aa-4afe-941d-10466e24d479_r,46.49071,30.72598,51,
aefdf534-93aa-4afe-941d-10466e24d479_r,46.49017,30.72669,53,
aefdf534-93aa-4afe-941d-10466e24d479_r,46.48998,30.72692,55,
aefdf534-93aa-4afe-941d-10466e24d479_r,46.48996,30.72695,57,
aefdf534-93aa-4afe-941d-10466e24d479_r,46.48991,30.72688,59,
aefdf534-93aa-4afe-941d-10466e24d479_r,46.489913,30.72687,61,
aefdf534-93aa-4afe-941d-10466e24d479_r,46.48991,30.72687,66,
aefdf534-93aa-4afe-941d-10466e24d479_r,46.48996,30.72694,68,
aefdf534-93aa-4afe-941d-10466e24d479_r,46.48929,30.72779,70,
aefdf534-93aa-4afe-941d-10466e24d479_r,46.48897,30.72822,72,
aefdf534-93aa-4afe-941d-10466e24d479_r,46.48821,30.72695,74,
aefdf534-93aa-4afe-941d-10466e24d479_r,46.48791,30.72653,76,
aefdf534-93aa-4afe-941d-10466e24d479_r,46.48767,30.7261,78,
aefdf534-93aa-4afe-941d-10466e24d479_r,46.48738,30.72674,80,
aefdf534-93aa-4afe-941d-10466e24d479_r,46.48749,30.72655,82,
aefdf534-93aa-4afe-941d-10466e24d479_r,46.48751,30.72651,84,
aefdf534-93aa-4afe-941d-10466e24d479_r,46.48743,30.72646,86,
aefdf534-93aa-4afe-941d-10466e24d479_r,46.487434,30.726455,88,
aefdf534-93aa-4afe-941d-10466e24d479_r,46.48743,30.72646,93,
aefdf534-93aa-4afe-941d-10466e24d479_r,46.48751,30.72651,95,
aefdf534-93aa-4afe-941d-10466e24d479_r,46.48749,30.72655,97,
aefdf534-93aa-4afe-941d-10466e24d479_r,46.48738,30.72674,99,
aefdf534-93aa-4afe-941d-10466e24d479_r,46.48692,30.72757,101,
aefdf534-93aa-4afe-941d-10466e24d479_r,46.48652,30.72826,103,
aefdf534-93aa-4afe-941d-10466e24d479_r,46.48577,30.72962,105,
aefdf534-93aa-4afe-941d-10466e24d479_r,46.48569,30.72979,107,
aefdf534-93aa-4afe-941d-10466e24d479_r,46.48551,30.73013,109,
aefdf534-93aa-4afe-941d-10466e24d479_r,46.48532,30.73045,111,
aefdf534-93aa-4afe-941d-10466e24d479_r,46.48517,30.73073,113,
aefdf534-93aa-4afe-941d-10466e24d479_r,46.48515,30.73078,115,
aefdf534-93aa-4afe-941d-10466e24d479_r,46.48513,30.7308,117,
aefdf534-93aa-4afe-941d-10466e24d479_r,46.48506,30.73093,119,
aefdf534-93aa-4afe-941d-10466e24d479_r,46.48485,30.73131,121,
aefdf534-93aa-4afe-941d-10466e24d479_r,46.48476,30.7313,123,
aefdf534-93aa-4afe-941d-10466e24d479_r,46.48459,30.73116,125,
aefdf534-93aa-4afe-941d-10466e24d479_r,46.48455,30.73114,127,
aefdf534-93aa-4afe-941d-10466e24d479_r,46.48446,30.73106,129,
aefdf534-93aa-4afe-941d-10466e24d479_r,46.48442,30.73101,131,
aefdf534-93aa-4afe-941d-10466e24d479_r,46.48452,30.73093,133,
aefdf534-93aa-4afe-941d-10466e24d479_r,46.484522,30.730932,135,
aefdf534-93aa-4afe-941d-10466e24d479_r,46.48452,30.73093,140,
aefdf534-93aa-4afe-941d-10466e24d479_r,46.48442,30.73101,142,
aefdf534-93aa-4afe-941d-10466e24d479_r,46.48425,30.73088,144,
aefdf534-93aa-4afe-941d-10466e24d479_r,46.48388,30.73056,146,
aefdf534-93aa-4afe-941d-10466e24d479_r,46.48386,30.73054,148,
aefdf534-93aa-4afe-941d-10466e24d479_r,46.48363,30.73035,150,
aefdf534-93aa-4afe-941d-10466e24d479_r,46.48352,30.73024,152,
aefdf534-93aa-4afe-941d-10466e24d479_r,46.48328,30.73,154,
aefdf534-93aa-4afe-941d-10466e24d479_r,46.48311,30.72973,156,
aefdf534-93aa-4afe-941d-10466e24d479_r,46.48288,30.7293,158,
aefdf534-93aa-4afe-941d-10466e24d479_r,46.48271,30.72898,160,
aefdf534-93aa-4afe-941d-10466e24d479_r,46.48253,30.72865,162,
aefdf534-93aa-4afe-941d-10466e24d479_r,46.48233,30.72829,164,
aefdf534-93aa-4afe-941d-10466e24d479_r,46.48223,30.72812,166,
aefdf534-93aa-4afe-941d-10466e24d479_r,46.48215,30.72793,168,
aefdf534-93aa-4afe-941d-10466e24d479_r,46.48217,30.7279,170,
aefdf534-93aa-4afe-941d-10466e24d479_r,46.48221,30.72796,172,
aefdf534-93aa-4afe-941d-10466e24d479_r,46.482214,30.727953,174,
aefdf534-93aa-4afe-941d-10466e24d479_r,46.48221,30.72795,179,
aefdf534-93aa-4afe-941d-10466e24d479_r,46.48215,30.72792,181,
aefdf534-93aa-4afe-941d-10466e24d479_r,46.48215,30.72792,183,
aefdf534-93aa-4afe-941d-10466e24d479_r,46.48215,30.72792,185,
aefdf534-93aa-4afe-941d-10466e24d479_r,46.48202,30.72777,187,
aefdf534-93aa-4afe-941d-10466e24d479_r,46.48176,30.72734,189,
aefdf534-93aa-4afe-941d-10466e24d479_r,46.48137,30.72676,191,
aefdf534-93aa-4afe-941d-10466e24d479_r,46.48099,30.72612,193,
aefdf534-93aa-4afe-941d-10466e24d479_r,46.4809,30.72597,195,
aefdf534-93aa-4afe-941d-10466e24d479_r,46.48047,30.72524,197,
aefdf534-93aa-4afe-941d-10466e24d479_r,46.48026,30.72488,199,
aefdf534-93aa-4afe-941d-10466e24d479_r,46.48009,30.7246,201,
aefdf534-93aa-4afe-941d-10466e24d479_r,46.47979,30.7241,203,
aefdf534-93aa-4afe-941d-10466e24d479_r,46.47957,30.72374,205,
aefdf534-93aa-4afe-941d-10466e24d479_r,46.47961,30.7237,207,
aefdf534-93aa-4afe-941d-10466e24d479_r,46.47964,30.72361,209,
aefdf534-93aa-4afe-941d-10466e24d479_r,46.47964,30.72355,211,
aefdf534-93aa-4afe-941d-10466e24d479_r,46.47964,30.72346,213,
aefdf534-93aa-4afe-941d-10466e24d479_r,46.47961,30.72342,215,
aefdf534-93aa-4afe-941d-10466e24d479_r,46.47957,30.7234,217,
aefdf534-93aa-4afe-941d-10466e24d479_r,46.47953,30.72337,219,
aefdf534-93aa-4afe-941d-10466e24d479_r,46.47936,30.72341,221,
aefdf534-93aa-4afe-941d-10466e24d479_r,46.47923,30.72346,223,
aefdf534-93aa-4afe-941d-10466e24d479_r,46.47918,30.72346,225,
aefdf534-93aa-4afe-941d-10466e24d479_r,46.47916,30.72348,227,
aefdf534-93aa-4afe-941d-10466e24d479_r,46.47914,30.72352,229,
aefdf534-93aa-4afe-941d-10466e24d479_r,46.47912,30.72357,231,
aefdf534-93aa-4afe-941d-10466e24d479_r,46.47912,30.72363,233,
aefdf534-93aa-4afe-941d-10466e24d479_r,46.47914,30.7237,235,
aefdf534-93aa-4afe-941d-10466e24d479_r,46.47915,30.72372,237,
aefdf534-93aa-4afe-941d-10466e24d479_r,46.47907,30.72377,239,
aefdf534-93aa-4afe-941d-10466e24d479_r,46.4790684581251,30.723770856857303,241,
aefdf534-93aa-4afe-941d-10466e24d479_r,46.47907,30.72377,246,
aefdf534-93aa-4afe-941d-10466e24d479_r,46.47915,30.72372,248,
aefdf534-93aa-4afe-941d-10466e24d479_r,46.47916,30.72376,250,
aefdf534-93aa-4afe-941d-10466e24d479_r,46.47921,30.7238,252,
aefdf534-93aa-4afe-941d-10466e24d479_r,46.47923,30.72385,254,
aefdf534-93aa-4afe-941d-10466e24d479_r,46.47925,30.72391,256,
aefdf534-93aa-4afe-941d-10466e24d479_r,46.47925,30.72397,258,
aefdf534-93aa-4afe-941d-10466e24d479_r,46.47925,30.72406,260,
aefdf534-93aa-4afe-941d-10466e24d479_r,46.47921,30.7241,262,
aefdf534-93aa-4afe-941d-10466e24d479_r,46.47846,30.725,264,
aefdf534-93aa-4afe-941d-10466e24d479_r,46.4782,30.72531,266,
aefdf534-93aa-4afe-941d-10466e24d479_r,46.47794,30.72566,268,
aefdf534-93aa-4afe-941d-10466e24d479_r,46.47776,30.72592,270,
aefdf534-93aa-4afe-941d-10466e24d479_r,46.47767,30.72603,272,
aefdf534-93aa-4afe-941d-10466e24d479_r,46.47762,30.72608,274,
aefdf534-93aa-4afe-941d-10466e24d479_r,46.47745,30.72626,276,
aefdf534-93aa-4afe-941d-10466e24d479_r,46.47723,30.72657,278,
aefdf534-93aa-4afe-941d-10466e24d479_r,46.47719,30.72662,280,
aefdf534-93aa-4afe-941d-10466e24d479_r,46.47702,30.72681,282,
aefdf534-93aa-4afe-941d-10466e24d479_r,46.4769,30.72694,284,
aefdf534-93aa-4afe-941d-10466e24d479_r,46.4767,30.72716,286,
aefdf534-93aa-4afe-941d-10466e24d479_r,46.47659,30.72719,288,
aefdf534-93aa-4afe-941d-10466e24d479_r,46.476598,30.727186,290,
aefdf534-93aa-4afe-941d-10466e24d479_r,46.4766,30.72719,295,
aefdf534-93aa-4afe-941d-10466e24d479_r,46.47658,30.72732,297,
aefdf534-93aa-4afe-941d-10466e24d479_r,46.4765,30.72745,299,
aefdf534-93aa-4afe-941d-10466e24d479_r,46.47643,30.72759,301,
aefdf534-93aa-4afe-941d-10466e24d479_r,46.47638,30.72775,303,
aefdf534-93aa-4afe-941d-10466e24d479_r,46.47634,30.72834,305,
aefdf534-93aa-4afe-941d-10466e24d479_r,46.47631,30.72889,307,
aefdf534-93aa-4afe-941d-10466e24d479_r,46.47627,30.72949,309,
aefdf534-93aa-4afe-941d-10466e24d479_r,46.47625,30.72984,311,
aefdf534-93aa-4afe-941d-10466e24d479_r,46.47624,30.72992,313,
aefdf534-93aa-4afe-941d-10466e24d479_r,46.47623,30.73025,315,
aefdf534-93aa-4afe-941d-10466e24d479_r,46.47621,30.73055,317,
aefdf534-93aa-4afe-941d-10466e24d479_r,46.47621,30.73064,319,
aefdf534-93aa-4afe-941d-10466e24d479_r,46.47621,30.7307,321,
aefdf534-93aa-4afe-941d-10466e24d479_r,46.47619,30.73087,323,
aefdf534-93aa-4afe-941d-10466e24d479_r,46.47617,30.73124,325,
aefdf534-93aa-4afe-941d-10466e24d479_r,46.47615,30.73152,327,
aefdf534-93aa-4afe-941d-10466e24d479_r,46.47613,30.73169,329,
aefdf534-93aa-4afe-941d-10466e24d479_r,46.47613,30.7319,331,
aefdf534-93aa-4afe-941d-10466e24d479_r,46.47611,30.73213,333,
aefdf534-93aa-4afe-941d-10466e24d479_r,46.47604,30.73212,335,
aefdf534-93aa-4afe-941d-10466e24d479_r,46.476053,30.732113,337,
aefdf534-93aa-4afe-941d-10466e24d479_r,46.47605,30.73211,342,
aefdf534-93aa-4afe-941d-10466e24d479_r,46.47612,30.73212,344,
aefdf534-93aa-4afe-941d-10466e24d479_r,46.47607,30.73275,346,
aefdf534-93aa-4afe-941d-10466e24d479_r,46.47607,30.73282,348,
aefdf534-93aa-4afe-941d-10466e24d479_r,46.47603,30.73316,350,
aefdf534-93aa-4afe-941d-10466e24d479_r,46.47603,30.73322,352,
aefdf534-93aa-4afe-941d-10466e24d479_r,46.47601,30.73357,354,
aefdf534-93aa-4afe-941d-10466e24d479_r,46.47597,30.73395,356,
aefdf534-93aa-4afe-941d-10466e24d479_r,46.47597,30.73421,358,
aefdf534-93aa-4afe-941d-10466e24d479_r,46.47594,30.73438,360,
aefdf534-93aa-4afe-941d-10466e24d479_r,46.47592,30.73464,362,
aefdf534-93aa-4afe-941d-10466e24d479_r,46.4759,30.73492,364,
aefdf534-93aa-4afe-941d-10466e24d479_r,46.4759,30.73503,366,
aefdf534-93aa-4afe-941d-10466e24d479_r,46.47582,30.73621,368,
aefdf534-93aa-4afe-941d-10466e24d479_r,46.47579,30.73642,370,
aefdf534-93aa-4afe-941d-10466e24d479_r,46.47579,30.73653,372,
aefdf534-93aa-4afe-941d-10466e24d479_r,46.47573,30.73719,374,
aefdf534-93aa-4afe-941d-10466e24d479_r,46.47571,30.73743,376,
aefdf534-93aa-4afe-941d-10466e24d479_r,46.47571,30.73762,378,
aefdf534-93aa-4afe-941d-10466e24d479_r,46.47569,30.73784,380,
aefdf534-93aa-4afe-941d-10466e24d479_r,46.47567,30.73807,382,
aefdf534-93aa-4afe-941d-10466e24d479_r,46.47567,30.73812,384,
aefdf534-93aa-4afe-941d-10466e24d479_r,46.47564,30.73822,386,
aefdf534-93aa-4afe-941d-10466e24d479_r,46.47564,30.73833,388,
aefdf534-93aa-4afe-941d-10466e24d479_r,46.47557,30.73839,390,
aefdf534-93aa-4afe-941d-10466e24d479_r,46.475574,30.738395,392,
aefdf534-93aa-4afe-941d-10466e24d479_r,46.47557,30.7384,397,
aefdf534-93aa-4afe-941d-10466e24d479_r,46.47564,30.73834,399,
aefdf534-93aa-4afe-941d-10466e24d479_r,46.47562,30.73866,401,
aefdf534-93aa-4afe-941d-10466e24d479_r,46.47557,30.7396,403,
aefdf534-93aa-4afe-941d-10466e24d479_r,46.47557,30.73972,405,
aefdf534-93aa-4afe-941d-10466e24d479_r,46.47555,30.73997,407,
aefdf534-93aa-4afe-941d-10466e24d479_r,46.47543,30.74127,409,
aefdf534-93aa-4afe-941d-10466e24d479_r,46.47534,30.74217,411,
aefdf534-93aa-4afe-941d-10466e24d479_r,46.47533,30.74232,413,
aefdf534-93aa-4afe-941d-10466e24d479_r,46.47529,30.74232,415,
aefdf534-93aa-4afe-941d-10466e24d479_r,46.475293,30.742297,417,
aefdf534-93aa-4afe-941d-10466e24d479_r,46.47529,30.7423,422,
aefdf534-93aa-4afe-941d-10466e24d479_r,46.47533,30.7423,424,
aefdf534-93aa-4afe-941d-10466e24d479_r,46.47517,30.74451,426,
aefdf534-93aa-4afe-941d-10466e24d479_r,46.47515,30.74492,428,
aefdf534-93aa-4afe-941d-10466e24d479_r,46.47511,30.7455,430,
aefdf534-93aa-4afe-941d-10466e24d479_r,46.47502,30.74663,432,
aefdf534-93aa-4afe-941d-10466e24d479_r,46.47498,30.74715,434,
aefdf534-93aa-4afe-941d-10466e24d479_r,46.47496,30.74738,436,
aefdf534-93aa-4afe-941d-10466e24d479_r,46.47496,30.74757,438,
aefdf534-93aa-4afe-941d-10466e24d479_r,46.47494,30.74793,440,
aefdf534-93aa-4afe-941d-10466e24d479_r,46.47491,30.74808,442,
aefdf534-93aa-4afe-941d-10466e24d479_r,46.47488,30.74808,444,
aefdf534-93aa-4afe-941d-10466e24d479_r,46.47488,30.74807,446,
aefdf534-93aa-4afe-941d-10466e24d479_r,46.474884,30.748079,448,
aefdf534-93aa-4afe-941d-10466e24d479_r,46.47488,30.74808,453,
aefdf534-93aa-4afe-941d-10466e24d479_r,46.47488,30.74809,455,
aefdf534-93aa-4afe-941d-10466e24d479_r,46.47491,30.74809,457,
aefdf534-93aa-4afe-941d-10466e24d479_r,46.47489,30.74837,459,
aefdf534-93aa-4afe-941d-10466e24d479_r,46.47489,30.74865,461,
aefdf534-93aa-4afe-941d-10466e24d479_r,46.47487,30.74893,463,
aefdf534-93aa-4afe-941d-10466e24d479_r,46.47485,30.74917,465,
aefdf534-93aa-4afe-941d-10466e24d479_r,46.47481,30.74958,467,
aefdf534-93aa-4afe-941d-10466e24d479_r,46.47474,30.75066,469,
aefdf534-93aa-4afe-941d-10466e24d479_r,46.47463,30.75214,471,
aefdf534-93aa-4afe-941d-10466e24d479_r,46.4746,30.75256,473,
aefdf534-93aa-4afe-941d-10466e24d479_r,46.47456,30.75314,475,
aefdf534-93aa-4afe-941d-10466e24d479_r,46.47449,30.75393,477,
aefdf534-93aa-4afe-941d-10466e24d479_r,46.474488,30.753932,479,
aefdf534-93aa-4afe-941d-10466e24d479_r,46.47449,30.75393,484,
aefdf534-93aa-4afe-941d-10466e24d479_r,46.47442,30.75414,486,
aefdf534-93aa-4afe-941d-10466e24d479_r,46.47395,30.75408,488,
aefdf534-93aa-4afe-941d-10466e24d479_r,46.47318,30.75393,490,
aefdf534-93aa-4afe-941d-10466e24d479_r,46.47313,30.75392,492,
aefdf534-93aa-4afe-941d-10466e24d479_r,46.47309,30.75391,494,
aefdf534-93aa-4afe-941d-10466e24d479_r,46.47302,30.7539,496,
aefdf534-93aa-4afe-941d-10466e24d479_r,46.47298,30.75397,498,
aefdf534-93aa-4afe-941d-10466e24d479_r,46.47302,30.75407,500,
aefdf534-93aa-4afe-941d-10466e24d479_r,46.47301727923973,30.75406908988953,502,
8f46f393-2db9-4422-b7c3-109dcbc1c06b_r,46.541267,30.671557,1,
8f46f393-2db9-4422-b7c3-109dcbc1c06b_r,46.54127,30.67156,6,
8f46f393-2db9-4422-b7c3-109dcbc1c06b_r,46.54127,30.67156,8,
8f46f393-2db9-4422-b7c3-109dcbc1c06b_r,46.54127,30.67167,10,
8f46f393-2db9-4422-b7c3-109dcbc1c06b_r,46.54113,30.67199,12,
8f46f393-2db9-4422-b7c3-109dcbc1c06b_r,46.54088,30.67255,14,
8f46f393-2db9-4422-b7c3-109dcbc1c06b_r,46.54053,30.67325,16,
8f46f393-2db9-4422-b7c3-109dcbc1c06b_r,46.54007,30.67418,18,
8f46f393-2db9-4422-b7c3-109dcbc1c06b_r,46.53951,30.6753,20,
8f46f393-2db9-4422-b7c3-109dcbc1c06b_r,46.53928,30.67571,22,
8f46f393-2db9-4422-b7c3-109dcbc1c06b_r,46.53916,30.67592,24,
8f46f393-2db9-4422-b7c3-109dcbc1c06b_r,46.539,30.6761,26,
8f46f393-2db9-4422-b7c3-109dcbc1c06b_r,46.53887,30.67622,28,
8f46f393-2db9-4422-b7c3-109dcbc1c06b_r,46.53877,30.67633,30,
8f46f393-2db9-4422-b7c3-109dcbc1c06b_r,46.5382,30.67685,32,
8f46f393-2db9-4422-b7c3-109dcbc1c06b_r,46.53782,30.67722,34,
8f46f393-2db9-4422-b7c3-109dcbc1c06b_r,46.53775,30.67704,36,
8f46f393-2db9-4422-b7c3-109dcbc1c06b_r,46.53777,30.67708,38,
8f46f393-2db9-4422-b7c3-109dcbc1c06b_r,46.537773,30.677073,40,
8f46f393-2db9-4422-b7c3-109dcbc1c06b_r,46.53777,30.67707,45,
8f46f393-2db9-4422-b7c3-109dcbc1c06b_r,46.53775,30.67703,47,
8f46f393-2db9-4422-b7c3-109dcbc1c06b_r,46.53782,30.67721,49,
8f46f393-2db9-4422-b7c3-109dcbc1c06b_r,46.53733,30.67766,51,
8f46f393-2db9-4422-b7c3-109dcbc1c06b_r,46.53705,30.67789,53,
8f46f393-2db9-4422-b7c3-109dcbc1c06b_r,46.53682,30.67802,55,
8f46f393-2db9-4422-b7c3-109dcbc1c06b_r,46.53662,30.6781,57,
8f46f393-2db9-4422-b7c3-109dcbc1c06b_r,46.53597,30.67815,59,
8f46f393-2db9-4422-b7c3-109dcbc1c06b_r,46.53555,30.67816,61,
8f46f393-2db9-4422-b7c3-109dcbc1c06b_r,46.5352,30.67815,63,
8f46f393-2db9-4422-b7c3-109dcbc1c06b_r,46.53503,30.67814,65,
8f46f393-2db9-4422-b7c3-109dcbc1c06b_r,46.53492,30.67809,67,
8f46f393-2db9-4422-b7c3-109dcbc1c06b_r,46.5348,30.67801,69,
8f46f393-2db9-4422-b7c3-109dcbc1c06b_r,46.53466,30.67793,71,
8f46f393-2db9-4422-b7c3-109dcbc1c06b_r,46.53445,30.67779,73,
8f46f393-2db9-4422-b7c3-109dcbc1c06b_r,46.53423,30.6777,75,
8f46f393-2db9-4422-b7c3-109dcbc1c06b_r,46.53426,30.6776,77,
8f46f393-2db9-4422-b7c3-109dcbc1c06b_r,46.534256,30.677616,79,
8f46f393-2db9-4422-b7c3-109dcbc1c06b_r,46.53426,30.67762,84,
8f46f393-2db9-4422-b7c3-109dcbc1c06b_r,46.53423,30.67772,86,
8f46f393-2db9-4422-b7c3-109dcbc1c06b_r,46.53405,30.67764,88,
8f46f393-2db9-4422-b7c3-109dcbc1c06b_r,46.53393,30.67765,90,
8f46f393-2db9-4422-b7c3-109dcbc1c06b_r,46.53383,30.67768,92,
8f46f393-2db9-4422-b7c3-109dcbc1c06b_r,46.53372,30.67774,94,
8f46f393-2db9-4422-b7c3-109dcbc1c06b_r,46.53323,30.67796,96,
8f46f393-2db9-4422-b7c3-109dcbc1c06b_r,46.53269,30.67822,98,
8f46f393-2db9-4422-b7c3-109dcbc1c06b_r,46.53118,30.67883,100,
8f46f393-2db9-4422-b7c3-109dcbc1c06b_r,46.5311,30.67877,102,
8f46f393-2db9-4422-b7c3-109dcbc1c06b_r,46.531105,30.678766,104,
8f46f393-2db9-4422-b7c3-109dcbc1c06b_r,46.53111,30.67877,109,
8f46f393-2db9-4422-b7c3-109dcbc1c06b_r,46.53118,30.67883,111,
8f46f393-2db9-4422-b7c3-109dcbc1c06b_r,46.5311,30.67877,113,
8f46f393-2db9-4422-b7c3-109dcbc1c06b_r,46.53104,30.67889,115,
8f46f393-2db9-4422-b7c3-109dcbc1c06b_r,46.53089,30.67895,117,
8f46f393-2db9-4422-b7c3-109dcbc1c06b_r,46.53047,30.67922,119,
8f46f393-2db9-4422-b7c3-109dcbc1c06b_r,46.53026,30.67935,121,
8f46f393-2db9-4422-b7c3-109dcbc1c06b_r,46.5299,30.67958,123,
8f46f393-2db9-4422-b7c3-109dcbc1c06b_r,46.52973,30.67969,125,
8f46f393-2db9-4422-b7c3-109dcbc1c06b_r,46.52959,30.67979,127,
8f46f393-2db9-4422-b7c3-109dcbc1c06b_r,46.52945,30.67995,129,
8f46f393-2db9-4422-b7c3-109dcbc1c06b_r,46.52906,30.68035,131,
8f46f393-2db9-4422-b7c3-109dcbc1c06b_r,46.52806,30.68137,133,
8f46f393-2db9-4422-b7c3-109dcbc1c06b_r,46.528,30.68119,135,
8f46f393-2db9-4422-b7c3-109dcbc1c06b_r,46.52803,30.68124,137,
8f46f393-2db9-4422-b7c3-109dcbc1c06b_r,46.528019,30.681232,139,
8f46f393-2db9-4422-b7c3-109dcbc1c06b_r,46.52802,30.68123,144,
8f46f393-2db9-4422-b7c3-109dcbc1c06b_r,46.52799,30.68118,146,
8f46f393-2db9-4422-b7c3-109dcbc1c06b_r,46.52806,30.68136,148,
8f46f393-2db9-4422-b7c3-109dcbc1c06b_r,46.52724,30.6822,150,
8f46f393-2db9-4422-b7c3-109dcbc1c06b_r,46.52677,30.68267,152,
8f46f393-2db9-4422-b7c3-109dcbc1c06b_r,46.52654,30.68299,154,
8f46f393-2db9-4422-b7c3-109dcbc1c06b_r,46.52634,30.68327,156,
8f46f393-2db9-4422-b7c3-109dcbc1c06b_r,46.52544,30.68466,158,
8f46f393-2db9-4422-b7c3-109dcbc1c06b_r,46.52533,30.68478,160,
8f46f393-2db9-4422-b7c3-109dcbc1c06b_r,46.52516,30.68489,162,
8f46f393-2db9-4422-b7c3-109dcbc1c06b_r,46.52475,30.68514,164,
8f46f393-2db9-4422-b7c3-109dcbc1c06b_r,46.52408,30.68553,166,
8f46f393-2db9-4422-b7c3-109dcbc1c06b_r,46.52405,30.68542,168,
8f46f393-2db9-4422-b7c3-109dcbc1c06b_r,46.524055,30.685408,170,
8f46f393-2db9-4422-b7c3-109dcbc1c06b_r,46.52406,30.68541,175,
8f46f393-2db9-4422-b7c3-109dcbc1c06b_r,46.52408,30.68552,177,
8f46f393-2db9-4422-b7c3-109dcbc1c06b_r,46.52361,30.6858,179,
8f46f393-2db9-4422-b7c3-109dcbc1c06b_r,46.52315,30.68611,181,
8f46f393-2db9-4422-b7c3-109dcbc1c06b_r,46.52298,30.68628,183,
8f46f393-2db9-4422-b7c3-109dcbc1c06b_r,46.52278,30.6865,185,
8f46f393-2db9-4422-b7c3-109dcbc1c06b_r,46.52258,30.68674,187,
8f46f393-2db9-4422-b7c3-109dcbc1c06b_r,46.52245,30.68698,189,
8f46f393-2db9-4422-b7c3-109dcbc1c06b_r,46.52175,30.68831,191,
8f46f393-2db9-4422-b7c3-109dcbc1c06b_r,46.52164,30.68851,193,
8f46f393-2db9-4422-b7c3-109dcbc1c06b_r,46.52155,30.68863,195,
8f46f393-2db9-4422-b7c3-109dcbc1c06b_r,46.52146,30.68875,197,
8f46f393-2db9-4422-b7c3-109dcbc1c06b_r,46.52134,30.68888,199,
8f46f393-2db9-4422-b7c3-109dcbc1c06b_r,46.52109,30.68917,201,
8f46f393-2db9-4422-b7c3-109dcbc1c06b_r,46.52078,30.68954,203,
8f46f393-2db9-4422-b7c3-109dcbc1c06b_r,46.52054,30.68982,205,
8f46f393-2db9-4422-b7c3-109dcbc1c06b_r,46.52015,30.69012,207,
8f46f393-2db9-4422-b7c3-109dcbc1c06b_r,46.51979,30.6904,209,
8f46f393-2db9-4422-b7c3-109dcbc1c06b_r,46.51965,30.69056,211,
8f46f393-2db9-4422-b7c3-109dcbc1c06b_r,46.51955,30.69072,213,
8f46f393-2db9-4422-b7c3-109dcbc1c06b_r,46.51945,30.6909,215,
8f46f393-2db9-4422-b7c3-109dcbc1c06b_r,46.51931,30.69114,217,
8f46f393-2db9-4422-b7c3-109dcbc1c06b_r,46.51921,30.69133,219,
8f46f393-2db9-4422-b7c3-109dcbc1c06b_r,46.51912,30.69151,221,
8f46f393-2db9-4422-b7c3-109dcbc1c06b_r,46.51896,30.69169,223,
8f46f393-2db9-4422-b7c3-109dcbc1c06b_r,46.51878,30.69185,225,
8f46f393-2db9-4422-b7c3-109dcbc1c06b_r,46.51868,30.69196,227,
8f46f393-2db9-4422-b7c3-109dcbc1c06b_r,46.51847,30.6921,229,
8f46f393-2db9-4422-b7c3-109dcbc1c06b_r,46.51841,30.69206,231,
8f46f393-2db9-4422-b7c3-109dcbc1c06b_r,46.518402,30.692057,233,
8f46f393-2db9-4422-b7c3-109dcbc1c06b_r,46.5184,30.69206,238,
8f46f393-2db9-4422-b7c3-109dcbc1c06b_r,46.51847,30.6921,240,
8f46f393-2db9-4422-b7c3-109dcbc1c06b_r,46.51781,30.69251,242,
8f46f393-2db9-4422-b7c3-109dcbc1c06b_r,46.5172,30.69287,244,
8f46f393-2db9-4422-b7c3-109dcbc1c06b_r,46.51696,30.69296,246,
8f46f393-2db9-4422-b7c3-109dcbc1c06b_r,46.51666,30.69304,248,
8f46f393-2db9-4422-b7c3-109dcbc1c06b_r,46.51642,30.69307,250,
8f46f393-2db9-4422-b7c3-109dcbc1c06b_r,46.51617,30.69311,252,
8f46f393-2db9-4422-b7c3-109dcbc1c06b_r,46.51594,30.69317,254,
8f46f393-2db9-4422-b7c3-109dcbc1c06b_r,46.51545,30.69332,256,
8f46f393-2db9-4422-b7c3-109dcbc1c06b_r,46.51488,30.69353,258,
8f46f393-2db9-4422-b7c3-109dcbc1c06b_r,46.51442,30.69371,260,
8f46f393-2db9-4422-b7c3-109dcbc1c06b_r,46.51394,30.69391,262,
8f46f393-2db9-4422-b7c3-109dcbc1c06b_r,46.51346,30.69411,264,
8f46f393-2db9-4422-b7c3-109dcbc1c06b_r,46.51243,30.69459,266,
8f46f393-2db9-4422-b7c3-109dcbc1c06b_r,46.51241,30.69448,268,
8f46f393-2db9-4422-b7c3-109dcbc1c06b_r,46.512421,30.694479,270,
8f46f393-2db9-4422-b7c3-109dcbc1c06b_r,46.51242,30.69448,275,
8f46f393-2db9-4422-b7c3-109dcbc1c06b_r,46.51244,30.69459,277,
8f46f393-2db9-4422-b7c3-109dcbc1c06b_r,46.5111,30.69515,279,
8f46f393-2db9-4422-b7c3-109dcbc1c06b_r,46.51083,30.69527,281,
8f46f393-2db9-4422-b7c3-109dcbc1c06b_r,46.51058,30.69544,283,
8f46f393-2db9-4422-b7c3-109dcbc1c06b_r,46.51045,30.69553,285,
8f46f393-2db9-4422-b7c3-109dcbc1c06b_r,46.51033,30.69563,287,
8f46f393-2db9-4422-b7c3-109dcbc1c06b_r,46.51014,30.69583,289,
8f46f393-2db9-4422-b7c3-109dcbc1c06b_r,46.51001,30.69596,291,
8f46f393-2db9-4422-b7c3-109dcbc1c06b_r,46.50926,30.69689,293,
8f46f393-2db9-4422-b7c3-109dcbc1c06b_r,46.50858,30.69771,295,
8f46f393-2db9-4422-b7c3-109dcbc1c06b_r,46.508589,30.697703,297,
8f46f393-2db9-4422-b7c3-109dcbc1c06b_r,46.50859,30.6977,302,
8f46f393-2db9-4422-b7c3-109dcbc1c06b_r,46.50815,30.69826,304,
8f46f393-2db9-4422-b7c3-109dcbc1c06b_r,46.50744,30.69913,306,
8f46f393-2db9-4422-b7c3-109dcbc1c06b_r,46.50672,30.69992,308,
8f46f393-2db9-4422-b7c3-109dcbc1c06b_r,46.50636,30.70031,310,
8f46f393-2db9-4422-b7c3-109dcbc1c06b_r,46.50632,30.7002,312,
8f46f393-2db9-4422-b7c3-109dcbc1c06b_r,46.506317,30.7002,314,
8f46f393-2db9-4422-b7c3-109dcbc1c06b_r,46.50632,30.7002,319,
8f46f393-2db9-4422-b7c3-109dcbc1c06b_r,46.50636,30.70031,321,
8f46f393-2db9-4422-b7c3-109dcbc1c06b_r,46.50622,30.70044,323,
8f46f393-2db9-4422-b7c3-109dcbc1c06b_r,46.50607,30.70054,325,
8f46f393-2db9-4422-b7c3-109dcbc1c06b_r,46.50587,30.7006,327,
8f46f393-2db9-4422-b7c3-109dcbc1c06b_r,46.50566,30.70059,329,
8f46f393-2db9-4422-b7c3-109dcbc1c06b_r,46.50476,30.70012,331,
8f46f393-2db9-4422-b7c3-109dcbc1c06b_r,46.5039,30.69969,333,
8f46f393-2db9-4422-b7c3-109dcbc1c06b_r,46.50377,30.69966,335,
8f46f393-2db9-4422-b7c3-109dcbc1c06b_r,46.50366,30.69967,337,
8f46f393-2db9-4422-b7c3-109dcbc1c06b_r,46.50357,30.6997,339,
8f46f393-2db9-4422-b7c3-109dcbc1c06b_r,46.5035,30.69975,341,
8f46f393-2db9-4422-b7c3-109dcbc1c06b_r,46.5034,30.69984,343,
8f46f393-2db9-4422-b7c3-109dcbc1c06b_r,46.50332,30.69995,345,
8f46f393-2db9-4422-b7c3-109dcbc1c06b_r,46.50327,30.70009,347,
8f46f393-2db9-4422-b7c3-109dcbc1c06b_r,46.50322,30.70023,349,
8f46f393-2db9-4422-b7c3-109dcbc1c06b_r,46.503211,30.700211,351,
8f46f393-2db9-4422-b7c3-109dcbc1c06b_r,46.50321,30.70021,356,
8f46f393-2db9-4422-b7c3-109dcbc1c06b_r,46.50181,30.70482,358,
8f46f393-2db9-4422-b7c3-109dcbc1c06b_r,46.50167,30.70527,360,
8f46f393-2db9-4422-b7c3-109dcbc1c06b_r,46.50137,30.70625,362,
8f46f393-2db9-4422-b7c3-109dcbc1c06b_r,46.50125,30.70658,364,
8f46f393-2db9-4422-b7c3-109dcbc1c06b_r,46.50128,30.70647,366,
8f46f393-2db9-4422-b7c3-109dcbc1c06b_r,46.501281,30.706469,368,
8f46f393-2db9-4422-b7c3-109dcbc1c06b_r,46.50128,30.70647,373,
8f46f393-2db9-4422-b7c3-109dcbc1c06b_r,46.50125,30.70658,375,
8f46f393-2db9-4422-b7c3-109dcbc1c06b_r,46.50114,30.70671,377,
8f46f393-2db9-4422-b7c3-109dcbc1c06b_r,46.50103,30.70681,379,
8f46f393-2db9-4422-b7c3-109dcbc1c06b_r,46.49928,30.70834,381,
8f46f393-2db9-4422-b7c3-109dcbc1c06b_r,46.49872,30.70882,383,
8f46f393-2db9-4422-b7c3-109dcbc1c06b_r,46.49825,30.70918,385,
8f46f393-2db9-4422-b7c3-109dcbc1c06b_r,46.49803,30.70934,387,
8f46f393-2db9-4422-b7c3-109dcbc1c06b_r,46.49764,30.70962,389,
8f46f393-2db9-4422-b7c3-109dcbc1c06b_r,46.49728,30.70982,391,
8f46f393-2db9-4422-b7c3-109dcbc1c06b_r,46.497276,30.709816,393,
8f46f393-2db9-4422-b7c3-109dcbc1c06b_r,46.49728,30.70982,398,
8f46f393-2db9-4422-b7c3-109dcbc1c06b_r,46.49721,30.70998,400,
8f46f393-2db9-4422-b7c3-109dcbc1c06b_r,46.49717,30.71013,402,
8f46f393-2db9-4422-b7c3-109dcbc1c06b_r,46.49719,30.71024,404,
8f46f393-2db9-4422-b7c3-109dcbc1c06b_r,46.49721,30.71039,406,
8f46f393-2db9-4422-b7c3-109dcbc1c06b_r,46.49733,30.71084,408,
8f46f393-2db9-4422-b7c3-109dcbc1c06b_r,46.49748,30.71147,410,
8f46f393-2db9-4422-b7c3-109dcbc1c06b_r,46.49774,30.71255,412,
8f46f393-2db9-4422-b7c3-109dcbc1c06b_r,46.49777,30.71264,414,
8f46f393-2db9-4422-b7c3-109dcbc1c06b_r,46.4978,30.71274,416,
8f46f393-2db9-4422-b7c3-109dcbc1c06b_r,46.49787,30.71285,418,
8f46f393-2db9-4422-b7c3-109dcbc1c06b_r,46.49794,30.71289,420,
8f46f393-2db9-4422-b7c3-109dcbc1c06b_r,46.49801,30.71289,422,
8f46f393-2db9-4422-b7c3-109dcbc1c06b_r,46.49809,30.71293,424,
8f46f393-2db9-4422-b7c3-109dcbc1c06b_r,46.49815,30.71301,426,
8f46f393-2db9-4422-b7c3-109dcbc1c06b_r,46.49819,30.71308,428,
8f46f393-2db9-4422-b7c3-109dcbc1c06b_r,46.49822,30.71319,430,
8f46f393-2db9-4422-b7c3-109dcbc1c06b_r,46.49824,30.71333,432,
8f46f393-2db9-4422-b7c3-109dcbc1c06b_r,46.49826,30.71347,434,
8f46f393-2db9-4422-b7c3-109dcbc1c06b_r,46.49827,30.71359,436,
8f46f393-2db9-4422-b7c3-109dcbc1c06b_r,46.49828,30.71373,438,
8f46f393-2db9-4422-b7c3-109dcbc1c06b_r,46.49828,30.71385,440,
8f46f393-2db9-4422-b7c3-109dcbc1c06b_r,46.49825,30.71398,442,
8f46f393-2db9-4422-b7c3-109dcbc1c06b_r,46.49817,30.71409,444,
8f46f393-2db9-4422-b7c3-109dcbc1c06b_r,46.49801,30.71435,446,
8f46f393-2db9-4422-b7c3-109dcbc1c06b_r,46.49778,30.71483,448,
8f46f393-2db9-4422-b7c3-109dcbc1c06b_r,46.49761,30.71532,450,
8f46f393-2db9-4422-b7c3-109dcbc1c06b_r,46.49753,30.7156,452,
8f46f393-2db9-4422-b7c3-109dcbc1c06b_r,46.49746,30.71585,454,
8f46f393-2db9-4422-b7c3-109dcbc1c06b_r,46.49742,30.71612,456,
8f46f393-2db9-4422-b7c3-109dcbc1c06b_r,46.49733,30.71609,458,
8f46f393-2db9-4422-b7c3-109dcbc1c06b_r,46.497355,30.716103,460,
8f46f393-2db9-4422-b7c3-109dcbc1c06b_r,46.49736,30.7161,465,
8f46f393-2db9-4422-b7c3-109dcbc1c06b_r,46.49744,30.71613,467,
8f46f393-2db9-4422-b7c3-109dcbc1c06b_r,46.49738,30.7164,469,
8f46f393-2db9-4422-b7c3-109dcbc1c06b_r,46.49734,30.71656,471,
8f46f393-2db9-4422-b7c3-109dcbc1c06b_r,46.49726,30.71662,473,
8f46f393-2db9-4422-b7c3-109dcbc1c06b_r,46.49702,30.71676,475,
8f46f393-2db9-4422-b7c3-109dcbc1c06b_r,46.49669,30.71693,477,
8f46f393-2db9-4422-b7c3-109dcbc1c06b_r,46.49647,30.71697,479,
8f46f393-2db9-4422-b7c3-109dcbc1c06b_r,46.49628,30.71701,481,
8f46f393-2db9-4422-b7c3-109dcbc1c06b_r,46.49613,30.71706,483,
8f46f393-2db9-4422-b7c3-109dcbc1c06b_r,46.49606,30.71712,485,
8f46f393-2db9-4422-b7c3-109dcbc1c06b_r,46.49603,30.71721,487,
8f46f393-2db9-4422-b7c3-109dcbc1c06b_r,46.49602,30.71734,489,
8f46f393-2db9-4422-b7c3-109dcbc1c06b_r,46.49607,30.71747,491,
8f46f393-2db9-4422-b7c3-109dcbc1c06b_r,46.49614,30.71761,493,
8f46f393-2db9-4422-b7c3-109dcbc1c06b_r,46.49622,30.71777,495,
8f46f393-2db9-4422-b7c3-109dcbc1c06b_r,46.49632,30.71805,497,
8f46f393-2db9-4422-b7c3-109dcbc1c06b_r,46.49639,30.71822,499,
8f46f393-2db9-4422-b7c3-109dcbc1c06b_r,46.49642,30.71833,501,
8f46f393-2db9-4422-b7c3-109dcbc1c06b_r,46.49634275433314,30.71810066699982,503,
aefdf534-93aa-4afe-941d-10466e24d479_d,46.47301727923973,30.75406908988953,1,
aefdf534-93aa-4afe-941d-10466e24d479_d,46.47292,30.75407,6,
aefdf534-93aa-4afe-941d-10466e24d479_d,46.47291,30.75419,8,
aefdf534-93aa-4afe-941d-10466e24d479_d,46.47292,30.75431,10,
aefdf534-93aa-4afe-941d-10466e24d479_d,46.47298,30.7544,12,
aefdf534-93aa-4afe-941d-10466e24d479_d,46.47305,30.75449,14,
aefdf534-93aa-4afe-941d-10466e24d479_d,46.47309,30.75453,16,
aefdf534-93aa-4afe-941d-10466e24d479_d,46.47313,30.75459,18,
aefdf534-93aa-4afe-941d-10466e24d479_d,46.47354,30.75502,20,
aefdf534-93aa-4afe-941d-10466e24d479_d,46.47358,30.75509,22,
aefdf534-93aa-4afe-941d-10466e24d479_d,46.47367,30.75515,24,
aefdf534-93aa-4afe-941d-10466e24d479_d,46.4738,30.7553,26,
aefdf534-93aa-4afe-941d-10466e24d479_d,46.47386,30.75535,28,
aefdf534-93aa-4afe-941d-10466e24d479_d,46.47393,30.75537,30,
aefdf534-93aa-4afe-941d-10466e24d479_d,46.47408,30.75537,32,
aefdf534-93aa-4afe-941d-10466e24d479_d,46.47434,30.75537,34,
aefdf534-93aa-4afe-941d-10466e24d479_d,46.47445,30.75534,36,
aefdf534-93aa-4afe-941d-10466e24d479_d,46.47446,30.75522,38,
aefdf534-93aa-4afe-941d-10466e24d479_d,46.47451,30.75462,40,
aefdf534-93aa-4afe-941d-10466e24d479_d,46.47451,30.75449,42,
aefdf534-93aa-4afe-941d-10466e24d479_d,46.47451,30.75444,44,
aefdf534-93aa-4afe-941d-10466e24d479_d,46.47451,30.75438,46,
aefdf534-93aa-4afe-941d-10466e24d479_d,46.47451,30.75429,48,
aefdf534-93aa-4afe-941d-10466e24d479_d,46.47453,30.75421,50,
aefdf534-93aa-4afe-941d-10466e24d479_d,46.47453,30.75412,52,
aefdf534-93aa-4afe-941d-10466e24d479_d,46.47455,30.75391,54,
aefdf534-93aa-4afe-941d-10466e24d479_d,46.47455,30.7539,56,
aefdf534-93aa-4afe-941d-10466e24d479_d,46.47463,30.75391,58,
aefdf534-93aa-4afe-941d-10466e24d479_d,46.47463,30.75391,60,
aefdf534-93aa-4afe-941d-10466e24d479_d,46.47463,30.75391,65,
aefdf534-93aa-4afe-941d-10466e24d479_d,46.47455,30.7539,67,
aefdf534-93aa-4afe-941d-10466e24d479_d,46.4746,30.75302,69,
aefdf534-93aa-4afe-941d-10466e24d479_d,46.47463,30.75251,71,
aefdf534-93aa-4afe-941d-10466e24d479_d,46.47466,30.75203,73,
aefdf534-93aa-4afe-941d-10466e24d479_d,46.47476,30.75065,75,
aefdf534-93aa-4afe-941d-10466e24d479_d,46.47484,30.74955,77,
aefdf534-93aa-4afe-941d-10466e24d479_d,46.47486,30.74917,79,
aefdf534-93aa-4afe-941d-10466e24d479_d,46.47488,30.74893,81,
aefdf534-93aa-4afe-941d-10466e24d479_d,46.4749,30.74865,83,
aefdf534-93aa-4afe-941d-10466e24d479_d,46.47492,30.74838,85,
aefdf534-93aa-4afe-941d-10466e24d479_d,46.47495,30.74811,87,
aefdf534-93aa-4afe-941d-10466e24d479_d,46.47496,30.74794,89,
aefdf534-93aa-4afe-941d-10466e24d479_d,46.47498,30.74773,91,
aefdf534-93aa-4afe-941d-10466e24d479_d,46.47498,30.74758,93,
aefdf534-93aa-4afe-941d-10466e24d479_d,46.475,30.74741,95,
aefdf534-93aa-4afe-941d-10466e24d479_d,46.475,30.74721,97,
aefdf534-93aa-4afe-941d-10466e24d479_d,46.47502,30.74704,99,
aefdf534-93aa-4afe-941d-10466e24d479_d,46.47516,30.74707,101,
aefdf534-93aa-4afe-941d-10466e24d479_d,46.47516,30.74703,103,
aefdf534-93aa-4afe-941d-10466e24d479_d,46.475138,30.747029,105,
aefdf534-93aa-4afe-941d-10466e24d479_d,46.47514,30.74703,110,
aefdf534-93aa-4afe-941d-10466e24d479_d,46.47514,30.74707,112,
aefdf534-93aa-4afe-941d-10466e24d479_d,46.475,30.74704,114,
aefdf534-93aa-4afe-941d-10466e24d479_d,46.475,30.74689,116,
aefdf534-93aa-4afe-941d-10466e24d479_d,46.47502,30.74683,118,
aefdf534-93aa-4afe-941d-10466e24d479_d,46.47505,30.74663,120,
aefdf534-93aa-4afe-941d-10466e24d479_d,46.47513,30.74554,122,
aefdf534-93aa-4afe-941d-10466e24d479_d,46.47518,30.74494,124,
aefdf534-93aa-4afe-941d-10466e24d479_d,46.47519,30.7447,126,
aefdf534-93aa-4afe-941d-10466e24d479_d,46.4752,30.74454,128,
aefdf534-93aa-4afe-941d-10466e24d479_d,46.47538,30.74218,130,
aefdf534-93aa-4afe-941d-10466e24d479_d,46.47538,30.742,132,
aefdf534-93aa-4afe-941d-10466e24d479_d,46.47539,30.74178,134,
aefdf534-93aa-4afe-941d-10466e24d479_d,46.4754,30.74164,136,
aefdf534-93aa-4afe-941d-10466e24d479_d,46.47544,30.74124,138,
aefdf534-93aa-4afe-941d-10466e24d479_d,46.4754,30.74101,140,
aefdf534-93aa-4afe-941d-10466e24d479_d,46.47553,30.74103,142,
aefdf534-93aa-4afe-941d-10466e24d479_d,46.475563,30.741032,144,
aefdf534-93aa-4afe-941d-10466e24d479_d,46.47556,30.74103,149,
aefdf534-93aa-4afe-941d-10466e24d479_d,46.47543,30.74101,151,
aefdf534-93aa-4afe-941d-10466e24d479_d,46.47553,30.7406,153,
aefdf534-93aa-4afe-941d-10466e24d479_d,46.47556,30.73996,155,
aefdf534-93aa-4afe-941d-10466e24d479_d,46.47557,30.73973,157,
aefdf534-93aa-4afe-941d-10466e24d479_d,46.47558,30.73956,159,
aefdf534-93aa-4afe-941d-10466e24d479_d,46.47561,30.73865,161,
aefdf534-93aa-4afe-941d-10466e24d479_d,46.47563,30.73833,163,
aefdf534-93aa-4afe-941d-10466e24d479_d,46.47563,30.73822,165,
aefdf534-93aa-4afe-941d-10466e24d479_d,46.47566,30.73812,167,
aefdf534-93aa-4afe-941d-10466e24d479_d,46.47566,30.73807,169,
aefdf534-93aa-4afe-941d-10466e24d479_d,46.47568,30.73784,171,
aefdf534-93aa-4afe-941d-10466e24d479_d,46.4757,30.73762,173,
aefdf534-93aa-4afe-941d-10466e24d479_d,46.4757,30.73743,175,
aefdf534-93aa-4afe-941d-10466e24d479_d,46.47572,30.73719,177,
aefdf534-93aa-4afe-941d-10466e24d479_d,46.47572,30.73715,179,
aefdf534-93aa-4afe-941d-10466e24d479_d,46.47585,30.73717,181,
aefdf534-93aa-4afe-941d-10466e24d479_d,46.475855,30.73717,183,
aefdf534-93aa-4afe-941d-10466e24d479_d,46.47586,30.73717,188,
aefdf534-93aa-4afe-941d-10466e24d479_d,46.47573,30.73715,190,
aefdf534-93aa-4afe-941d-10466e24d479_d,46.47579,30.73653,192,
aefdf534-93aa-4afe-941d-10466e24d479_d,46.47579,30.73642,194,
aefdf534-93aa-4afe-941d-10466e24d479_d,46.47582,30.73621,196,
aefdf534-93aa-4afe-941d-10466e24d479_d,46.4759,30.73503,198,
aefdf534-93aa-4afe-941d-10466e24d479_d,46.4759,30.73492,200,
aefdf534-93aa-4afe-941d-10466e24d479_d,46.47592,30.73464,202,
aefdf534-93aa-4afe-941d-10466e24d479_d,46.47594,30.73438,204,
aefdf534-93aa-4afe-941d-10466e24d479_d,46.47597,30.73421,206,
aefdf534-93aa-4afe-941d-10466e24d479_d,46.47597,30.73395,208,
aefdf534-93aa-4afe-941d-10466e24d479_d,46.47601,30.73357,210,
aefdf534-93aa-4afe-941d-10466e24d479_d,46.47603,30.73322,212,
aefdf534-93aa-4afe-941d-10466e24d479_d,46.47603,30.73316,214,
aefdf534-93aa-4afe-941d-10466e24d479_d,46.47607,30.73282,216,
aefdf534-93aa-4afe-941d-10466e24d479_d,46.47607,30.73275,218,
aefdf534-93aa-4afe-941d-10466e24d479_d,46.47614,30.73189,220,
aefdf534-93aa-4afe-941d-10466e24d479_d,46.47614,30.73168,222,
aefdf534-93aa-4afe-941d-10466e24d479_d,46.47616,30.73151,224,
aefdf534-93aa-4afe-941d-10466e24d479_d,46.47618,30.73123,226,
aefdf534-93aa-4afe-941d-10466e24d479_d,46.4762,30.73086,228,
aefdf534-93aa-4afe-941d-10466e24d479_d,46.47622,30.73069,230,
aefdf534-93aa-4afe-941d-10466e24d479_d,46.47622,30.73063,232,
aefdf534-93aa-4afe-941d-10466e24d479_d,46.47633,30.73064,234,
aefdf534-93aa-4afe-941d-10466e24d479_d,46.47632,30.73076,236,
aefdf534-93aa-4afe-941d-10466e24d479_d,46.476317,30.730762,238,
aefdf534-93aa-4afe-941d-10466e24d479_d,46.47632,30.73076,243,
aefdf534-93aa-4afe-941d-10466e24d479_d,46.47633,30.73064,245,
aefdf534-93aa-4afe-941d-10466e24d479_d,46.47622,30.73063,247,
aefdf534-93aa-4afe-941d-10466e24d479_d,46.47622,30.73054,249,
aefdf534-93aa-4afe-941d-10466e24d479_d,46.47624,30.73024,251,
aefdf534-93aa-4afe-941d-10466e24d479_d,46.47629,30.72988,253,
aefdf534-93aa-4afe-941d-10466e24d479_d,46.47629,30.72983,255,
aefdf534-93aa-4afe-941d-10466e24d479_d,46.47631,30.72947,257,
aefdf534-93aa-4afe-941d-10466e24d479_d,46.47635,30.72885,259,
aefdf534-93aa-4afe-941d-10466e24d479_d,46.4764,30.72831,261,
aefdf534-93aa-4afe-941d-10466e24d479_d,46.47644,30.72775,263,
aefdf534-93aa-4afe-941d-10466e24d479_d,46.47646,30.72761,265,
aefdf534-93aa-4afe-941d-10466e24d479_d,46.47661,30.72743,267,
aefdf534-93aa-4afe-941d-10466e24d479_d,46.47663,30.72739,269,
aefdf534-93aa-4afe-941d-10466e24d479_d,46.4767,30.72732,271,
aefdf534-93aa-4afe-941d-10466e24d479_d,46.47672,30.72728,273,
aefdf534-93aa-4afe-941d-10466e24d479_d,46.47691,30.72702,275,
aefdf534-93aa-4afe-941d-10466e24d479_d,46.47695,30.72707,277,
aefdf534-93aa-4afe-941d-10466e24d479_d,46.476952,30.727075,279,
aefdf534-93aa-4afe-941d-10466e24d479_d,46.47695,30.72708,284,
aefdf534-93aa-4afe-941d-10466e24d479_d,46.47691,30.72703,286,
aefdf534-93aa-4afe-941d-10466e24d479_d,46.47693,30.72701,288,
aefdf534-93aa-4afe-941d-10466e24d479_d,46.47697,30.72697,290,
aefdf534-93aa-4afe-941d-10466e24d479_d,46.47721,30.72667,292,
aefdf534-93aa-4afe-941d-10466e24d479_d,46.47723,30.72662,294,
aefdf534-93aa-4afe-941d-10466e24d479_d,46.47747,30.72635,296,
aefdf534-93aa-4afe-941d-10466e24d479_d,46.47764,30.72611,298,
aefdf534-93aa-4afe-941d-10466e24d479_d,46.47768,30.72604,300,
aefdf534-93aa-4afe-941d-10466e24d479_d,46.47777,30.72594,302,
aefdf534-93aa-4afe-941d-10466e24d479_d,46.47796,30.7257,304,
aefdf534-93aa-4afe-941d-10466e24d479_d,46.47824,30.72536,306,
aefdf534-93aa-4afe-941d-10466e24d479_d,46.47848,30.72506,308,
aefdf534-93aa-4afe-941d-10466e24d479_d,46.47921,30.72411,310,
aefdf534-93aa-4afe-941d-10466e24d479_d,46.47925,30.72407,312,
aefdf534-93aa-4afe-941d-10466e24d479_d,46.47929,30.72401,314,
aefdf534-93aa-4afe-941d-10466e24d479_d,46.47931,30.72399,316,
aefdf534-93aa-4afe-941d-10466e24d479_d,46.47936,30.72407,318,
aefdf534-93aa-4afe-941d-10466e24d479_d,46.479363980762926,30.72406053543091,320,
aefdf534-93aa-4afe-941d-10466e24d479_d,46.47936,30.72406,325,
aefdf534-93aa-4afe-941d-10466e24d479_d,46.47931,30.72398,327,
aefdf534-93aa-4afe-941d-10466e24d479_d,46.47942,30.72382,329,
aefdf534-93aa-4afe-941d-10466e24d479_d,46.47951,30.7238,331,
aefdf534-93aa-4afe-941d-10466e24d479_d,46.47957,30.72374,333,
aefdf534-93aa-4afe-941d-10466e24d479_d,46.47979,30.7241,335,
aefdf534-93aa-4afe-941d-10466e24d479_d,46.48009,30.7246,337,
aefdf534-93aa-4afe-941d-10466e24d479_d,46.48026,30.72488,339,
aefdf534-93aa-4afe-941d-10466e24d479_d,46.48047,30.72524,341,
aefdf534-93aa-4afe-941d-10466e24d479_d,46.4809,30.72597,343,
aefdf534-93aa-4afe-941d-10466e24d479_d,46.48099,30.72612,345,
aefdf534-93aa-4afe-941d-10466e24d479_d,46.48137,30.72676,347,
aefdf534-93aa-4afe-941d-10466e24d479_d,46.48208,30.72799,349,
aefdf534-93aa-4afe-941d-10466e24d479_d,46.48217,30.72812,351,
aefdf534-93aa-4afe-941d-10466e24d479_d,46.48227,30.72831,353,
aefdf534-93aa-4afe-941d-10466e24d479_d,46.48232,30.7284,355,
aefdf534-93aa-4afe-941d-10466e24d479_d,46.48234,30.72842,357,
aefdf534-93aa-4afe-941d-10466e24d479_d,46.48236,30.72846,359,
aefdf534-93aa-4afe-941d-10466e24d479_d,46.48249,30.72867,361,
aefdf534-93aa-4afe-941d-10466e24d479_d,46.48262,30.72889,363,
aefdf534-93aa-4afe-941d-10466e24d479_d,46.48259,30.72892,365,
aefdf534-93aa-4afe-941d-10466e24d479_d,46.48259,30.728924,367,
aefdf534-93aa-4afe-941d-10466e24d479_d,46.48259,30.72892,372,
aefdf534-93aa-4afe-941d-10466e24d479_d,46.48262,30.72889,374,
aefdf534-93aa-4afe-941d-10466e24d479_d,46.48268,30.729,376,
aefdf534-93aa-4afe-941d-10466e24d479_d,46.48288,30.7293,378,
aefdf534-93aa-4afe-941d-10466e24d479_d,46.48311,30.72973,380,
aefdf534-93aa-4afe-941d-10466e24d479_d,46.48328,30.73,382,
aefdf534-93aa-4afe-941d-10466e24d479_d,46.48352,30.73024,384,
aefdf534-93aa-4afe-941d-10466e24d479_d,46.48363,30.73035,386,
aefdf534-93aa-4afe-941d-10466e24d479_d,46.48386,30.73054,388,
aefdf534-93aa-4afe-941d-10466e24d479_d,46.48388,30.73056,390,
aefdf534-93aa-4afe-941d-10466e24d479_d,46.48425,30.73088,392,
aefdf534-93aa-4afe-941d-10466e24d479_d,46.48442,30.73101,394,
aefdf534-93aa-4afe-941d-10466e24d479_d,46.48446,30.73106,396,
aefdf534-93aa-4afe-941d-10466e24d479_d,46.48455,30.73114,398,
aefdf534-93aa-4afe-941d-10466e24d479_d,46.48459,30.73116,400,
aefdf534-93aa-4afe-941d-10466e24d479_d,46.48481,30.73138,402,
aefdf534-93aa-4afe-941d-10466e24d479_d,46.48485,30.73131,404,
aefdf534-93aa-4afe-941d-10466e24d479_d,46.48506,30.73093,406,
aefdf534-93aa-4afe-941d-10466e24d479_d,46.48513,30.73099,408,
aefdf534-93aa-4afe-941d-10466e24d479_d,46.48513,30.731,410,
aefdf534-93aa-4afe-941d-10466e24d479_d,46.48514,30.73099,412,
aefdf534-93aa-4afe-941d-10466e24d479_d,46.485144,30.730991,414,
aefdf534-93aa-4afe-941d-10466e24d479_d,46.48514,30.73099,419,
aefdf534-93aa-4afe-941d-10466e24d479_d,46.48513,30.731,421,
aefdf534-93aa-4afe-941d-10466e24d479_d,46.48513,30.73099,423,
aefdf534-93aa-4afe-941d-10466e24d479_d,46.48506,30.73093,425,
aefdf534-93aa-4afe-941d-10466e24d479_d,46.48513,30.7308,427,
aefdf534-93aa-4afe-941d-10466e24d479_d,46.48515,30.73078,429,
aefdf534-93aa-4afe-941d-10466e24d479_d,46.48517,30.73073,431,
aefdf534-93aa-4afe-941d-10466e24d479_d,46.48532,30.73045,433,
aefdf534-93aa-4afe-941d-10466e24d479_d,46.48551,30.73013,435,
aefdf534-93aa-4afe-941d-10466e24d479_d,46.48569,30.72979,437,
aefdf534-93aa-4afe-941d-10466e24d479_d,46.48577,30.72962,439,
aefdf534-93aa-4afe-941d-10466e24d479_d,46.48601,30.72923,441,
aefdf534-93aa-4afe-941d-10466e24d479_d,46.48622,30.7288,443,
aefdf534-93aa-4afe-941d-10466e24d479_d,46.48631,30.72863,445,
aefdf534-93aa-4afe-941d-10466e24d479_d,46.48635,30.72855,447,
aefdf534-93aa-4afe-941d-10466e24d479_d,46.4865,30.72829,449,
aefdf534-93aa-4afe-941d-10466e24d479_d,46.48672,30.72792,451,
aefdf534-93aa-4afe-941d-10466e24d479_d,46.48687,30.72762,453,
aefdf534-93aa-4afe-941d-10466e24d479_d,46.48697,30.72745,455,
aefdf534-93aa-4afe-941d-10466e24d479_d,46.48706,30.7273,457,
aefdf534-93aa-4afe-941d-10466e24d479_d,46.48738,30.72674,459,
aefdf534-93aa-4afe-941d-10466e24d479_d,46.48749,30.72655,461,
aefdf534-93aa-4afe-941d-10466e24d479_d,46.48751,30.72649,463,
aefdf534-93aa-4afe-941d-10466e24d479_d,46.48764,30.72627,465,
aefdf534-93aa-4afe-941d-10466e24d479_d,46.48772,30.72616,467,
aefdf534-93aa-4afe-941d-10466e24d479_d,46.48783,30.72636,469,
aefdf534-93aa-4afe-941d-10466e24d479_d,46.48798,30.72659,471,
aefdf534-93aa-4afe-941d-10466e24d479_d,46.488,30.72663,473,
aefdf534-93aa-4afe-941d-10466e24d479_d,46.48796,30.72669,475,
aefdf534-93aa-4afe-941d-10466e24d479_d,46.487956,30.726687,477,
aefdf534-93aa-4afe-941d-10466e24d479_d,46.48796,30.72669,482,
aefdf534-93aa-4afe-941d-10466e24d479_d,46.488,30.72663,484,
aefdf534-93aa-4afe-941d-10466e24d479_d,46.4882,30.72696,486,
aefdf534-93aa-4afe-941d-10466e24d479_d,46.48897,30.72822,488,
aefdf534-93aa-4afe-941d-10466e24d479_d,46.48929,30.72779,490,
aefdf534-93aa-4afe-941d-10466e24d479_d,46.48998,30.72691,492,
aefdf534-93aa-4afe-941d-10466e24d479_d,46.49017,30.72668,494,
aefdf534-93aa-4afe-941d-10466e24d479_d,46.49054,30.72619,496,
aefdf534-93aa-4afe-941d-10466e24d479_d,46.4906,30.72629,498,
aefdf534-93aa-4afe-941d-10466e24d479_d,46.490604,30.726287,500,
aefdf534-93aa-4afe-941d-10466e24d479_d,46.4906,30.72629,505,
aefdf534-93aa-4afe-941d-10466e24d479_d,46.49054,30.72619,507,
aefdf534-93aa-4afe-941d-10466e24d479_d,46.49071,30.72597,509,
aefdf534-93aa-4afe-941d-10466e24d479_d,46.49118,30.72535,511,
aefdf534-93aa-4afe-941d-10466e24d479_d,46.4918,30.72458,513,
aefdf534-93aa-4afe-941d-10466e24d479_d,46.49249,30.7237,515,
aefdf534-93aa-4afe-941d-10466e24d479_d,46.49309,30.72297,517,
aefdf534-93aa-4afe-941d-10466e24d479_d,46.4933,30.72269,519,
aefdf534-93aa-4afe-941d-10466e24d479_d,46.49294,30.72211,521,
aefdf534-93aa-4afe-941d-10466e24d479_d,46.49299,30.72204,523,
aefdf534-93aa-4afe-941d-10466e24d479_d,46.49298952492902,30.722038149833683,525,
aefdf534-93aa-4afe-941d-10466e24d479_d,46.49299,30.72204,530,
aefdf534-93aa-4afe-941d-10466e24d479_d,46.49294,30.72211,532,
aefdf534-93aa-4afe-941d-10466e24d479_d,46.49283,30.72194,534,
aefdf534-93aa-4afe-941d-10466e24d479_d,46.49255,30.72144,536,
aefdf534-93aa-4afe-941d-10466e24d479_d,46.49225,30.72095,538,
aefdf534-93aa-4afe-941d-10466e24d479_d,46.49206,30.72063,540,
aefdf534-93aa-4afe-941d-10466e24d479_d,46.49204,30.72058,542,
aefdf534-93aa-4afe-941d-10466e24d479_d,46.49197,30.72045,544,
aefdf534-93aa-4afe-941d-10466e24d479_d,46.49196,30.72033,546,
aefdf534-93aa-4afe-941d-10466e24d479_d,46.49195,30.72017,548,
aefdf534-93aa-4afe-941d-10466e24d479_d,46.49173,30.72007,550,
aefdf534-93aa-4afe-941d-10466e24d479_d,46.49145,30.72001,552,
aefdf534-93aa-4afe-941d-10466e24d479_d,46.49121,30.71994,554,
aefdf534-93aa-4afe-941d-10466e24d479_d,46.49085,30.71984,556,
aefdf534-93aa-4afe-941d-10466e24d479_d,46.49051,30.71978,558,
aefdf534-93aa-4afe-941d-10466e24d479_d,46.48953,30.71988,560,
aefdf534-93aa-4afe-941d-10466e24d479_d,46.48953,30.71983,562,
aefdf534-93aa-4afe-941d-10466e24d479_d,46.489536,30.719829,564,
ea00044c-a84f-4cc9-9adc-e6b305f73d3d_r,46.47868427629636,30.73181748390198,1,
ea00044c-a84f-4cc9-9adc-e6b305f73d3d_r,46.47868,30.73182,6,
ea00044c-a84f-4cc9-9adc-e6b305f73d3d_r,46.47642,30.73151,8,
ea00044c-a84f-4cc9-9adc-e6b305f73d3d_r,46.476419764826126,30.731506347656254,10,
ea00044c-a84f-4cc9-9adc-e6b305f73d3d_r,46.47642,30.73151,15,
ea00044c-a84f-4cc9-9adc-e6b305f73d3d_r,46.47355,30.73106,17,
ea00044c-a84f-4cc9-9adc-e6b305f73d3d_r,46.47355297240483,30.73105573654175,19,
ea00044c-a84f-4cc9-9adc-e6b305f73d3d_r,46.47355,30.73106,24,
ea00044c-a84f-4cc9-9adc-e6b305f73d3d_r,46.47204,30.73082,26,
ea00044c-a84f-4cc9-9adc-e6b305f73d3d_r,46.47048,30.73061,28,
ea00044c-a84f-4cc9-9adc-e6b305f73d3d_r,46.47048282491877,30.73059976100922,30,
ea00044c-a84f-4cc9-9adc-e6b305f73d3d_r,46.47048,30.7306,35,
ea00044c-a84f-4cc9-9adc-e6b305f73d3d_r,46.46887,30.73042,37,
ea00044c-a84f-4cc9-9adc-e6b305f73d3d_r,46.46879,30.73045,39,
ea00044c-a84f-4cc9-9adc-e6b305f73d3d_r,46.46873,30.7305,41,
ea00044c-a84f-4cc9-9adc-e6b305f73d3d_r,46.46867,30.73058,43,
ea00044c-a84f-4cc9-9adc-e6b305f73d3d_r,46.46863,30.73069,45,
ea00044c-a84f-4cc9-9adc-e6b305f73d3d_r,46.46846,30.73291,47,
ea00044c-a84f-4cc9-9adc-e6b305f73d3d_r,46.46844,30.73319,49,
ea00044c-a84f-4cc9-9adc-e6b305f73d3d_r,46.4684,30.73337,51,
ea00044c-a84f-4cc9-9adc-e6b305f73d3d_r,46.46816,30.73375,53,
ea00044c-a84f-4cc9-9adc-e6b305f73d3d_r,46.46805,30.73388,55,
ea00044c-a84f-4cc9-9adc-e6b305f73d3d_r,46.46799,30.7341,57,
ea00044c-a84f-4cc9-9adc-e6b305f73d3d_r,46.46788,30.73594,59,
ea00044c-a84f-4cc9-9adc-e6b305f73d3d_r,46.467885440973795,30.735937356948856,61,
ea00044c-a84f-4cc9-9adc-e6b305f73d3d_r,46.46789,30.73594,66,
ea00044c-a84f-4cc9-9adc-e6b305f73d3d_r,46.46786,30.73639,68,
ea00044c-a84f-4cc9-9adc-e6b305f73d3d_r,46.46786,30.73678,70,
ea00044c-a84f-4cc9-9adc-e6b305f73d3d_r,46.46781,30.73736,72,
ea00044c-a84f-4cc9-9adc-e6b305f73d3d_r,46.46776,30.73752,74,
ea00044c-a84f-4cc9-9adc-e6b305f73d3d_r,46.4677,30.7376,76,
ea00044c-a84f-4cc9-9adc-e6b305f73d3d_r,46.46764,30.73761,78,
ea00044c-a84f-4cc9-9adc-e6b305f73d3d_r,46.46736,30.73747,80,
ea00044c-a84f-4cc9-9adc-e6b305f73d3d_r,46.46717,30.73738,82,
ea00044c-a84f-4cc9-9adc-e6b305f73d3d_r,46.467,30.7374,84,
ea00044c-a84f-4cc9-9adc-e6b305f73d3d_r,46.4669,30.73759,86,
ea00044c-a84f-4cc9-9adc-e6b305f73d3d_r,46.46687,30.73791,88,
ea00044c-a84f-4cc9-9adc-e6b305f73d3d_r,46.46685,30.73826,90,
ea00044c-a84f-4cc9-9adc-e6b305f73d3d_r,46.466847191574054,30.738241648496377,92,
ea00044c-a84f-4cc9-9adc-e6b305f73d3d_r,46.46684,30.73825,97,
ea00044c-a84f-4cc9-9adc-e6b305f73d3d_r,46.4668,30.73883,99,
ea00044c-a84f-4cc9-9adc-e6b305f73d3d_r,46.4669,30.739,101,
ea00044c-a84f-4cc9-9adc-e6b305f73d3d_r,46.46703,30.73909,103,
ea00044c-a84f-4cc9-9adc-e6b305f73d3d_r,46.46733,30.73915,105,
ea00044c-a84f-4cc9-9adc-e6b305f73d3d_r,46.46741,30.73912,107,
ea00044c-a84f-4cc9-9adc-e6b305f73d3d_r,46.46755,30.7391,109,
ea00044c-a84f-4cc9-9adc-e6b305f73d3d_r,46.46769,30.73891,111,
ea00044c-a84f-4cc9-9adc-e6b305f73d3d_r,46.46772,30.73849,113,
ea00044c-a84f-4cc9-9adc-e6b305f73d3d_r,46.46775,30.73823,115,
ea00044c-a84f-4cc9-9adc-e6b305f73d3d_r,46.46774,30.738,117,
ea00044c-a84f-4cc9-9adc-e6b305f73d3d_r,46.46771,30.7378,119,
ea00044c-a84f-4cc9-9adc-e6b305f73d3d_r,46.46763,30.73759,121,
ea00044c-a84f-4cc9-9adc-e6b305f73d3d_r,46.4675,30.73753,123,
ea00044c-a84f-4cc9-9adc-e6b305f73d3d_r,46.46723,30.73727,125,
ea00044c-a84f-4cc9-9adc-e6b305f73d3d_r,46.46707,30.73715,127,
ea00044c-a84f-4cc9-9adc-e6b305f73d3d_r,46.46666,30.73674,129,
ea00044c-a84f-4cc9-9adc-e6b305f73d3d_r,46.46653,30.73663,131,
ea00044c-a84f-4cc9-9adc-e6b305f73d3d_r,46.46608,30.73624,133,
ea00044c-a84f-4cc9-9adc-e6b305f73d3d_r,46.46545,30.7357,135,
ea00044c-a84f-4cc9-9adc-e6b305f73d3d_r,46.46536,30.7355,137,
ea00044c-a84f-4cc9-9adc-e6b305f73d3d_r,46.46526,30.73527,139,
ea00044c-a84f-4cc9-9adc-e6b305f73d3d_r,46.46516,30.73504,141,
ea00044c-a84f-4cc9-9adc-e6b305f73d3d_r,46.46508,30.73493,143,
ea00044c-a84f-4cc9-9adc-e6b305f73d3d_r,46.46495,30.7348,145,
ea00044c-a84f-4cc9-9adc-e6b305f73d3d_r,46.46475,30.73456,147,
ea00044c-a84f-4cc9-9adc-e6b305f73d3d_r,46.46474846355313,30.73460698127747,149,
ea00044c-a84f-4cc9-9adc-e6b305f73d3d_r,46.46476,30.73458,154,
ea00044c-a84f-4cc9-9adc-e6b305f73d3d_r,46.46295,30.73306,156,
ea00044c-a84f-4cc9-9adc-e6b305f73d3d_r,46.46281,30.73296,158,
ea00044c-a84f-4cc9-9adc-e6b305f73d3d_r,46.46267,30.73283,160,
ea00044c-a84f-4cc9-9adc-e6b305f73d3d_r,46.46256,30.73269,162,
ea00044c-a84f-4cc9-9adc-e6b305f73d3d_r,46.46242,30.73251,164,
ea00044c-a84f-4cc9-9adc-e6b305f73d3d_r,46.46068,30.73088,166,
ea00044c-a84f-4cc9-9adc-e6b305f73d3d_r,46.460686,30.730871,168,
ea00044c-a84f-4cc9-9adc-e6b305f73d3d_r,46.46069,30.73087,173,
ea00044c-a84f-4cc9-9adc-e6b305f73d3d_r,46.4606,30.73085,175,
ea00044c-a84f-4cc9-9adc-e6b305f73d3d_r,46.46043,30.73069,177,
ea00044c-a84f-4cc9-9adc-e6b305f73d3d_r,46.4602,30.73057,179,
ea00044c-a84f-4cc9-9adc-e6b305f73d3d_r,46.46003,30.73046,181,
ea00044c-a84f-4cc9-9adc-e6b305f73d3d_r,46.45988,30.73033,183,
ea00044c-a84f-4cc9-9adc-e6b305f73d3d_r,46.45916,30.72969,185,
ea00044c-a84f-4cc9-9adc-e6b305f73d3d_r,46.45899,30.72953,187,
ea00044c-a84f-4cc9-9adc-e6b305f73d3d_r,46.45879,30.72937,189,
ea00044c-a84f-4cc9-9adc-e6b305f73d3d_r,46.45861,30.72926,191,
ea00044c-a84f-4cc9-9adc-e6b305f73d3d_r,46.45839,30.72917,193,
ea00044c-a84f-4cc9-9adc-e6b305f73d3d_r,46.4574,30.72906,195,
ea00044c-a84f-4cc9-9adc-e6b305f73d3d_r,46.45686,30.72902,197,
ea00044c-a84f-4cc9-9adc-e6b305f73d3d_r,46.45638,30.72896,199,
ea00044c-a84f-4cc9-9adc-e6b305f73d3d_r,46.4562,30.72886,201,
ea00044c-a84f-4cc9-9adc-e6b305f73d3d_r,46.45604,30.72876,203,
ea00044c-a84f-4cc9-9adc-e6b305f73d3d_r,46.45583,30.72867,205,
ea00044c-a84f-4cc9-9adc-e6b305f73d3d_r,46.45572,30.72863,207,
ea00044c-a84f-4cc9-9adc-e6b305f73d3d_r,46.45561,30.72862,209,
ea00044c-a84f-4cc9-9adc-e6b305f73d3d_r,46.45494,30.72857,211,
ea00044c-a84f-4cc9-9adc-e6b305f73d3d_r,46.45443,30.72853,213,
ea00044c-a84f-4cc9-9adc-e6b305f73d3d_r,46.45425,30.72857,215,
ea00044c-a84f-4cc9-9adc-e6b305f73d3d_r,46.45419,30.72856,217,
ea00044c-a84f-4cc9-9adc-e6b305f73d3d_r,46.45412,30.72847,219,
ea00044c-a84f-4cc9-9adc-e6b305f73d3d_r,46.45404,30.72834,221,
ea00044c-a84f-4cc9-9adc-e6b305f73d3d_r,46.454,30.7282,223,
ea00044c-a84f-4cc9-9adc-e6b305f73d3d_r,46.45402,30.72804,225,
ea00044c-a84f-4cc9-9adc-e6b305f73d3d_r,46.45416,30.72768,227,
ea00044c-a84f-4cc9-9adc-e6b305f73d3d_r,46.45422,30.72753,229,
ea00044c-a84f-4cc9-9adc-e6b305f73d3d_r,46.45425,30.72735,231,
ea00044c-a84f-4cc9-9adc-e6b305f73d3d_r,46.45423,30.72721,233,
ea00044c-a84f-4cc9-9adc-e6b305f73d3d_r,46.45421,30.72693,235,
ea00044c-a84f-4cc9-9adc-e6b305f73d3d_r,46.4543,30.72682,237,
ea00044c-a84f-4cc9-9adc-e6b305f73d3d_r,46.45427,30.72682,239,
ea00044c-a84f-4cc9-9adc-e6b305f73d3d_r,46.45424252209865,30.726791024208072,241,
ea00044c-a84f-4cc9-9adc-e6b305f73d3d_r,46.45424,30.72679,246,
ea00044c-a84f-4cc9-9adc-e6b305f73d3d_r,46.45427,30.72679,248,
ea00044c-a84f-4cc9-9adc-e6b305f73d3d_r,46.45419,30.72666,250,
ea00044c-a84f-4cc9-9adc-e6b305f73d3d_r,46.45419,30.7263,252,
ea00044c-a84f-4cc9-9adc-e6b305f73d3d_r,46.45419,30.7255,254,
ea00044c-a84f-4cc9-9adc-e6b305f73d3d_r,46.45419,30.72422,256,
ea00044c-a84f-4cc9-9adc-e6b305f73d3d_r,46.4542,30.72158,258,
ea00044c-a84f-4cc9-9adc-e6b305f73d3d_r,46.45412,30.7214,260,
ea00044c-a84f-4cc9-9adc-e6b305f73d3d_r,46.45399,30.72129,262,
ea00044c-a84f-4cc9-9adc-e6b305f73d3d_r,46.45303,30.72126,264,
ea00044c-a84f-4cc9-9adc-e6b305f73d3d_r,46.45303030978646,30.721249580383304,266,
ea00044c-a84f-4cc9-9adc-e6b305f73d3d_r,46.45303,30.72125,271,
ea00044c-a84f-4cc9-9adc-e6b305f73d3d_r,46.45091,30.72128,273,
ea00044c-a84f-4cc9-9adc-e6b305f73d3d_r,46.4508,30.72121,275,
ea00044c-a84f-4cc9-9adc-e6b305f73d3d_r,46.45077,30.72104,277,
ea00044c-a84f-4cc9-9adc-e6b305f73d3d_r,46.45075,30.71999,279,
ea00044c-a84f-4cc9-9adc-e6b305f73d3d_r,46.45074625107989,30.719988942146305,281,
ea00044c-a84f-4cc9-9adc-e6b305f73d3d_r,46.45075,30.71999,286,
ea00044c-a84f-4cc9-9adc-e6b305f73d3d_r,46.45079,30.71897,288,
ea00044c-a84f-4cc9-9adc-e6b305f73d3d_r,46.45084,30.71763,290,
ea00044c-a84f-4cc9-9adc-e6b305f73d3d_r,46.4509,30.71656,292,
ea00044c-a84f-4cc9-9adc-e6b305f73d3d_r,46.4511,30.71507,294,
ea00044c-a84f-4cc9-9adc-e6b305f73d3d_r,46.45117,30.71473,296,
ea00044c-a84f-4cc9-9adc-e6b305f73d3d_r,46.45123,30.71462,298,
ea00044c-a84f-4cc9-9adc-e6b305f73d3d_r,46.45123,30.7146,300,
ea00044c-a84f-4cc9-9adc-e6b305f73d3d_r,46.45119346105404,30.71459770202637,302,
ea00044c-a84f-4cc9-9adc-e6b305f73d3d_r,46.45123,30.7146,307,
ea00044c-a84f-4cc9-9adc-e6b305f73d3d_r,46.45122,30.7144,309,
ea00044c-a84f-4cc9-9adc-e6b305f73d3d_r,46.45132,30.71372,311,
ea00044c-a84f-4cc9-9adc-e6b305f73d3d_r,46.45144,30.71283,313,
ea00044c-a84f-4cc9-9adc-e6b305f73d3d_r,46.45169,30.71119,315,
ea00044c-a84f-4cc9-9adc-e6b305f73d3d_r,46.45177,30.71077,317,
ea00044c-a84f-4cc9-9adc-e6b305f73d3d_r,46.45177,30.71063,319,
ea00044c-a84f-4cc9-9adc-e6b305f73d3d_r,46.45175,30.71051,321,
ea00044c-a84f-4cc9-9adc-e6b305f73d3d_r,46.45164,30.71039,323,
ea00044c-a84f-4cc9-9adc-e6b305f73d3d_r,46.45138,30.71037,325,
ea00044c-a84f-4cc9-9adc-e6b305f73d3d_r,46.45117,30.71036,327,
ea00044c-a84f-4cc9-9adc-e6b305f73d3d_r,46.45108,30.71032,329,
ea00044c-a84f-4cc9-9adc-e6b305f73d3d_r,46.45104562345235,30.710322260856632,331,
ea00044c-a84f-4cc9-9adc-e6b305f73d3d_r,46.45105,30.7103,336,
ea00044c-a84f-4cc9-9adc-e6b305f73d3d_r,46.45088,30.71031,338,
ea00044c-a84f-4cc9-9adc-e6b305f73d3d_r,46.45073,30.71027,340,
ea00044c-a84f-4cc9-9adc-e6b305f73d3d_r,46.44695,30.70663,342,
ea00044c-a84f-4cc9-9adc-e6b305f73d3d_r,46.44695775482126,30.70663154125214,344,
ea00044c-a84f-4cc9-9adc-e6b305f73d3d_r,46.44696,30.70663,349,
ea00044c-a84f-4cc9-9adc-e6b305f73d3d_r,46.44649,30.70623,351,
ea00044c-a84f-4cc9-9adc-e6b305f73d3d_r,46.44634,30.70615,353,
ea00044c-a84f-4cc9-9adc-e6b305f73d3d_r,46.44552,30.70604,355,
ea00044c-a84f-4cc9-9adc-e6b305f73d3d_r,46.44446,30.70591,357,
ea00044c-a84f-4cc9-9adc-e6b305f73d3d_r,46.44267,30.70567,359,
ea00044c-a84f-4cc9-9adc-e6b305f73d3d_r,46.44255,30.70562,361,
ea00044c-a84f-4cc9-9adc-e6b305f73d3d_r,46.44254798295952,30.70562839508057,363,
ea00044c-a84f-4cc9-9adc-e6b305f73d3d_r,46.44255,30.70563,368,
ea00044c-a84f-4cc9-9adc-e6b305f73d3d_r,46.44239,30.70563,370,
ea00044c-a84f-4cc9-9adc-e6b305f73d3d_r,46.44222,30.70554,372,
ea00044c-a84f-4cc9-9adc-e6b305f73d3d_r,46.44195,30.70528,374,
ea00044c-a84f-4cc9-9adc-e6b305f73d3d_r,46.44148,30.70481,376,
ea00044c-a84f-4cc9-9adc-e6b305f73d3d_r,46.43895,30.70233,378,
ea00044c-a84f-4cc9-9adc-e6b305f73d3d_r,46.438943755126715,30.702329277992252,380,
ea00044c-a84f-4cc9-9adc-e6b305f73d3d_r,46.43894,30.70233,385,
ea00044c-a84f-4cc9-9adc-e6b305f73d3d_r,46.4358,30.69929,387,
ea00044c-a84f-4cc9-9adc-e6b305f73d3d_r,46.43580141325097,30.699287652969364,389,
ea00044c-a84f-4cc9-9adc-e6b305f73d3d_r,46.4358,30.69929,394,
ea00044c-a84f-4cc9-9adc-e6b305f73d3d_r,46.43347,30.69706,396,
ea00044c-a84f-4cc9-9adc-e6b305f73d3d_r,46.43347596359928,30.697061419487003,398,
ea00044c-a84f-4cc9-9adc-e6b305f73d3d_d,46.433649728768295,30.6973671913147,1,
ea00044c-a84f-4cc9-9adc-e6b305f73d3d_d,46.43365,30.69737,6,
ea00044c-a84f-4cc9-9adc-e6b305f73d3d_d,46.43599,30.69959,8,
ea00044c-a84f-4cc9-9adc-e6b305f73d3d_d,46.43598626190694,30.699588060379032,10,
ea00044c-a84f-4cc9-9adc-e6b305f73d3d_d,46.43599,30.69959,15,
ea00044c-a84f-4cc9-9adc-e6b305f73d3d_d,46.43839,30.70194,17,
ea00044c-a84f-4cc9-9adc-e6b305f73d3d_d,46.43841141819341,30.70191085338593,19,
ea00044c-a84f-4cc9-9adc-e6b305f73d3d_d,46.43839,30.70194,24,
ea00044c-a84f-4cc9-9adc-e6b305f73d3d_d,46.43978,30.70325,26,
ea00044c-a84f-4cc9-9adc-e6b305f73d3d_d,46.44117,30.70463,28,
ea00044c-a84f-4cc9-9adc-e6b305f73d3d_d,46.44119134261906,30.70459842681885,30,
ea00044c-a84f-4cc9-9adc-e6b305f73d3d_d,46.44117,30.70463,35,
ea00044c-a84f-4cc9-9adc-e6b305f73d3d_d,46.44136,30.70477,37,
ea00044c-a84f-4cc9-9adc-e6b305f73d3d_d,46.44158,30.70498,39,
ea00044c-a84f-4cc9-9adc-e6b305f73d3d_d,46.44203,30.70543,41,
ea00044c-a84f-4cc9-9adc-e6b305f73d3d_d,46.44221,30.70558,43,
ea00044c-a84f-4cc9-9adc-e6b305f73d3d_d,46.44231,30.70564,45,
ea00044c-a84f-4cc9-9adc-e6b305f73d3d_d,46.44243,30.70567,47,
ea00044c-a84f-4cc9-9adc-e6b305f73d3d_d,46.44469,30.70601,49,
ea00044c-a84f-4cc9-9adc-e6b305f73d3d_d,46.44598,30.70617,51,
ea00044c-a84f-4cc9-9adc-e6b305f73d3d_d,46.44628,30.7062,53,
ea00044c-a84f-4cc9-9adc-e6b305f73d3d_d,46.44637,30.70627,55,
ea00044c-a84f-4cc9-9adc-e6b305f73d3d_d,46.44637374854379,30.706213116645817,57,
ea00044c-a84f-4cc9-9adc-e6b305f73d3d_d,46.44638,30.70626,62,
ea00044c-a84f-4cc9-9adc-e6b305f73d3d_d,46.44652,30.70629,64,
ea00044c-a84f-4cc9-9adc-e6b305f73d3d_d,46.44668,30.70642,66,
ea00044c-a84f-4cc9-9adc-e6b305f73d3d_d,46.44686,30.7066,68,
ea00044c-a84f-4cc9-9adc-e6b305f73d3d_d,46.44705,30.70678,70,
ea00044c-a84f-4cc9-9adc-e6b305f73d3d_d,46.44819,30.70791,72,
ea00044c-a84f-4cc9-9adc-e6b305f73d3d_d,46.44935,30.70904,74,
ea00044c-a84f-4cc9-9adc-e6b305f73d3d_d,46.44991,30.70954,76,
ea00044c-a84f-4cc9-9adc-e6b305f73d3d_d,46.45049,30.7101,78,
ea00044c-a84f-4cc9-9adc-e6b305f73d3d_d,46.45081,30.71035,80,
ea00044c-a84f-4cc9-9adc-e6b305f73d3d_d,46.45103,30.71038,82,
ea00044c-a84f-4cc9-9adc-e6b305f73d3d_d,46.45126,30.71041,84,
ea00044c-a84f-4cc9-9adc-e6b305f73d3d_d,46.45147,30.71043,86,
ea00044c-a84f-4cc9-9adc-e6b305f73d3d_d,46.45163,30.71046,88,
ea00044c-a84f-4cc9-9adc-e6b305f73d3d_d,46.4517,30.71059,90,
ea00044c-a84f-4cc9-9adc-e6b305f73d3d_d,46.45172,30.71075,92,
ea00044c-a84f-4cc9-9adc-e6b305f73d3d_d,46.45169,30.71091,94,
ea00044c-a84f-4cc9-9adc-e6b305f73d3d_d,46.45162,30.71112,96,
ea00044c-a84f-4cc9-9adc-e6b305f73d3d_d,46.451681322292444,30.711008906364444,98,
ea00044c-a84f-4cc9-9adc-e6b305f73d3d_d,46.45164,30.71113,103,
ea00044c-a84f-4cc9-9adc-e6b305f73d3d_d,46.45123,30.71392,105,
ea00044c-a84f-4cc9-9adc-e6b305f73d3d_d,46.45123042039177,30.713921785354618,107,
ea00044c-a84f-4cc9-9adc-e6b305f73d3d_d,46.45123,30.71392,112,
ea00044c-a84f-4cc9-9adc-e6b305f73d3d_d,46.45102,30.71536,114,
ea00044c-a84f-4cc9-9adc-e6b305f73d3d_d,46.45092,30.71607,116,
ea00044c-a84f-4cc9-9adc-e6b305f73d3d_d,46.45087,30.71643,118,
ea00044c-a84f-4cc9-9adc-e6b305f73d3d_d,46.45084,30.71674,120,
ea00044c-a84f-4cc9-9adc-e6b305f73d3d_d,46.45081,30.71706,122,
ea00044c-a84f-4cc9-9adc-e6b305f73d3d_d,46.45079,30.71743,124,
ea00044c-a84f-4cc9-9adc-e6b305f73d3d_d,46.45077,30.71808,126,
ea00044c-a84f-4cc9-9adc-e6b305f73d3d_d,46.45073,30.71874,128,
ea00044c-a84f-4cc9-9adc-e6b305f73d3d_d,46.45068,30.71931,130,
ea00044c-a84f-4cc9-9adc-e6b305f73d3d_d,46.45072037931612,30.719302296638492,132,
ea00044c-a84f-4cc9-9adc-e6b305f73d3d_d,46.45068,30.7193,137,
ea00044c-a84f-4cc9-9adc-e6b305f73d3d_d,46.45071,30.71945,139,
ea00044c-a84f-4cc9-9adc-e6b305f73d3d_d,46.45071,30.7197,141,
ea00044c-a84f-4cc9-9adc-e6b305f73d3d_d,46.45069,30.72021,143,
ea00044c-a84f-4cc9-9adc-e6b305f73d3d_d,46.45068,30.72063,145,
ea00044c-a84f-4cc9-9adc-e6b305f73d3d_d,46.45068,30.72081,147,
ea00044c-a84f-4cc9-9adc-e6b305f73d3d_d,46.4507,30.72097,149,
ea00044c-a84f-4cc9-9adc-e6b305f73d3d_d,46.45073,30.72112,151,
ea00044c-a84f-4cc9-9adc-e6b305f73d3d_d,46.45083,30.72127,153,
ea00044c-a84f-4cc9-9adc-e6b305f73d3d_d,46.45101,30.72134,155,
ea00044c-a84f-4cc9-9adc-e6b305f73d3d_d,46.4513,30.72133,157,
ea00044c-a84f-4cc9-9adc-e6b305f73d3d_d,46.45187,30.72134,159,
ea00044c-a84f-4cc9-9adc-e6b305f73d3d_d,46.45295,30.72139,161,
ea00044c-a84f-4cc9-9adc-e6b305f73d3d_d,46.45309,30.72138,163,
ea00044c-a84f-4cc9-9adc-e6b305f73d3d_d,46.4532,30.72141,165,
ea00044c-a84f-4cc9-9adc-e6b305f73d3d_d,46.453196620999435,30.72136223316193,167,
ea00044c-a84f-4cc9-9adc-e6b305f73d3d_d,46.4532,30.72141,172,
ea00044c-a84f-4cc9-9adc-e6b305f73d3d_d,46.45343,30.72135,174,
ea00044c-a84f-4cc9-9adc-e6b305f73d3d_d,46.45388,30.72132,176,
ea00044c-a84f-4cc9-9adc-e6b305f73d3d_d,46.45398,30.72133,178,
ea00044c-a84f-4cc9-9adc-e6b305f73d3d_d,46.45408,30.72137,180,
ea00044c-a84f-4cc9-9adc-e6b305f73d3d_d,46.45414,30.72149,182,
ea00044c-a84f-4cc9-9adc-e6b305f73d3d_d,46.45416,30.72164,184,
ea00044c-a84f-4cc9-9adc-e6b305f73d3d_d,46.45416,30.72695,186,
ea00044c-a84f-4cc9-9adc-e6b305f73d3d_d,46.45416121601946,30.726973414421085,188,
ea00044c-a84f-4cc9-9adc-e6b305f73d3d_d,46.45416,30.72697,193,
ea00044c-a84f-4cc9-9adc-e6b305f73d3d_d,46.45419,30.72716,195,
ea00044c-a84f-4cc9-9adc-e6b305f73d3d_d,46.45418,30.72741,197,
ea00044c-a84f-4cc9-9adc-e6b305f73d3d_d,46.45417,30.72758,199,
ea00044c-a84f-4cc9-9adc-e6b305f73d3d_d,46.45411,30.72776,201,
ea00044c-a84f-4cc9-9adc-e6b305f73d3d_d,46.45397,30.72812,203,
ea00044c-a84f-4cc9-9adc-e6b305f73d3d_d,46.45399,30.72831,205,
ea00044c-a84f-4cc9-9adc-e6b305f73d3d_d,46.45404,30.72846,207,
ea00044c-a84f-4cc9-9adc-e6b305f73d3d_d,46.45412,30.72857,209,
ea00044c-a84f-4cc9-9adc-e6b305f73d3d_d,46.45425,30.72859,211,
ea00044c-a84f-4cc9-9adc-e6b305f73d3d_d,46.45435,30.72857,213,
ea00044c-a84f-4cc9-9adc-e6b305f73d3d_d,46.45448,30.72856,215,
ea00044c-a84f-4cc9-9adc-e6b305f73d3d_d,46.45519,30.72862,217,
ea00044c-a84f-4cc9-9adc-e6b305f73d3d_d,46.45551,30.72867,219,
ea00044c-a84f-4cc9-9adc-e6b305f73d3d_d,46.45585,30.72871,221,
ea00044c-a84f-4cc9-9adc-e6b305f73d3d_d,46.45598,30.72878,223,
ea00044c-a84f-4cc9-9adc-e6b305f73d3d_d,46.45611,30.7289,225,
ea00044c-a84f-4cc9-9adc-e6b305f73d3d_d,46.45622,30.72898,227,
ea00044c-a84f-4cc9-9adc-e6b305f73d3d_d,46.45637,30.72902,229,
ea00044c-a84f-4cc9-9adc-e6b305f73d3d_d,46.45825,30.72916,231,
ea00044c-a84f-4cc9-9adc-e6b305f73d3d_d,46.45842,30.7292,233,
ea00044c-a84f-4cc9-9adc-e6b305f73d3d_d,46.45858,30.72927,235,
ea00044c-a84f-4cc9-9adc-e6b305f73d3d_d,46.45882,30.7294,237,
ea00044c-a84f-4cc9-9adc-e6b305f73d3d_d,46.45905,30.72961,239,
ea00044c-a84f-4cc9-9adc-e6b305f73d3d_d,46.45968,30.73015,241,
ea00044c-a84f-4cc9-9adc-e6b305f73d3d_d,46.45987,30.73034,243,
ea00044c-a84f-4cc9-9adc-e6b305f73d3d_d,46.46011,30.73056,245,
ea00044c-a84f-4cc9-9adc-e6b305f73d3d_d,46.46028,30.73065,247,
ea00044c-a84f-4cc9-9adc-e6b305f73d3d_d,46.46042,30.73076,249,
ea00044c-a84f-4cc9-9adc-e6b305f73d3d_d,46.46067,30.73098,251,
ea00044c-a84f-4cc9-9adc-e6b305f73d3d_d,46.46086,30.7312,253,
ea00044c-a84f-4cc9-9adc-e6b305f73d3d_d,46.46083530194352,30.731157660484318,255,
ea00044c-a84f-4cc9-9adc-e6b305f73d3d_d,46.46084,30.73121,260,
ea00044c-a84f-4cc9-9adc-e6b305f73d3d_d,46.46116,30.73143,262,
ea00044c-a84f-4cc9-9adc-e6b305f73d3d_d,46.46158,30.73182,264,
ea00044c-a84f-4cc9-9adc-e6b305f73d3d_d,46.46235,30.73251,266,
ea00044c-a84f-4cc9-9adc-e6b305f73d3d_d,46.46252,30.7327,268,
ea00044c-a84f-4cc9-9adc-e6b305f73d3d_d,46.46273,30.73294,270,
ea00044c-a84f-4cc9-9adc-e6b305f73d3d_d,46.46471,30.73469,272,
ea00044c-a84f-4cc9-9adc-e6b305f73d3d_d,46.46498,30.73493,274,
ea00044c-a84f-4cc9-9adc-e6b305f73d3d_d,46.46514,30.7351,276,
ea00044c-a84f-4cc9-9adc-e6b305f73d3d_d,46.46521,30.73528,278,
ea00044c-a84f-4cc9-9adc-e6b305f73d3d_d,46.46529,30.73543,280,
ea00044c-a84f-4cc9-9adc-e6b305f73d3d_d,46.46536,30.7356,282,
ea00044c-a84f-4cc9-9adc-e6b305f73d3d_d,46.4655,30.73579,284,
ea00044c-a84f-4cc9-9adc-e6b305f73d3d_d,46.46679,30.73697,286,
ea00044c-a84f-4cc9-9adc-e6b305f73d3d_d,46.46683,30.73728,288,
ea00044c-a84f-4cc9-9adc-e6b305f73d3d_d,46.46684,30.73762,290,
ea00044c-a84f-4cc9-9adc-e6b305f73d3d_d,46.46684,30.73787,292,
ea00044c-a84f-4cc9-9adc-e6b305f73d3d_d,46.46685,30.73824,294,
ea00044c-a84f-4cc9-9adc-e6b305f73d3d_d,46.466847191574054,30.738241648496377,296,
ea00044c-a84f-4cc9-9adc-e6b305f73d3d_d,46.46685,30.73824,301,
ea00044c-a84f-4cc9-9adc-e6b305f73d3d_d,46.46682,30.73846,303,
ea00044c-a84f-4cc9-9adc-e6b305f73d3d_d,46.46676,30.73868,305,
ea00044c-a84f-4cc9-9adc-e6b305f73d3d_d,46.46675,30.73887,307,
ea00044c-a84f-4cc9-9adc-e6b305f73d3d_d,46.46677,30.73901,309,
ea00044c-a84f-4cc9-9adc-e6b305f73d3d_d,46.46683,30.7391,311,
ea00044c-a84f-4cc9-9adc-e6b305f73d3d_d,46.46714,30.73918,313,
ea00044c-a84f-4cc9-9adc-e6b305f73d3d_d,46.46747,30.73923,315,
ea00044c-a84f-4cc9-9adc-e6b305f73d3d_d,46.46759,30.73923,317,
ea00044c-a84f-4cc9-9adc-e6b305f73d3d_d,46.46767,30.73914,319,
ea00044c-a84f-4cc9-9adc-e6b305f73d3d_d,46.46771,30.73895,321,
ea00044c-a84f-4cc9-9adc-e6b305f73d3d_d,46.46773,30.73865,323,
ea00044c-a84f-4cc9-9adc-e6b305f73d3d_d,46.4678,30.73771,325,
ea00044c-a84f-4cc9-9adc-e6b305f73d3d_d,46.46786,30.73681,327,
ea00044c-a84f-4cc9-9adc-e6b305f73d3d_d,46.46789,30.73633,329,
ea00044c-a84f-4cc9-9adc-e6b305f73d3d_d,46.46793,30.73592,331,
ea00044c-a84f-4cc9-9adc-e6b305f73d3d_d,46.46795,30.73593,333,
ea00044c-a84f-4cc9-9adc-e6b305f73d3d_d,46.468003674514485,30.734784007072452,335,
ea00044c-a84f-4cc9-9adc-e6b305f73d3d_d,46.46796,30.73592,340,
ea00044c-a84f-4cc9-9adc-e6b305f73d3d_d,46.46794,30.73591,342,
ea00044c-a84f-4cc9-9adc-e6b305f73d3d_d,46.46798,30.73508,344,
ea00044c-a84f-4cc9-9adc-e6b305f73d3d_d,46.46805,30.73426,346,
ea00044c-a84f-4cc9-9adc-e6b305f73d3d_d,46.46808,30.73406,348,
ea00044c-a84f-4cc9-9adc-e6b305f73d3d_d,46.46812,30.73397,350,
ea00044c-a84f-4cc9-9adc-e6b305f73d3d_d,46.46841,30.73352,352,
ea00044c-a84f-4cc9-9adc-e6b305f73d3d_d,46.46847,30.73335,354,
ea00044c-a84f-4cc9-9adc-e6b305f73d3d_d,46.46851,30.73315,356,
ea00044c-a84f-4cc9-9adc-e6b305f73d3d_d,46.46861,30.73154,358,
ea00044c-a84f-4cc9-9adc-e6b305f73d3d_d,46.46866,30.73092,360,
ea00044c-a84f-4cc9-9adc-e6b305f73d3d_d,46.46868,30.73071,362,
ea00044c-a84f-4cc9-9adc-e6b305f73d3d_d,46.46872,30.7306,364,
ea00044c-a84f-4cc9-9adc-e6b305f73d3d_d,46.46876,30.73055,366,
ea00044c-a84f-4cc9-9adc-e6b305f73d3d_d,46.46887,30.73052,368,
ea00044c-a84f-4cc9-9adc-e6b305f73d3d_d,46.47002,30.73066,370,
ea00044c-a84f-4cc9-9adc-e6b305f73d3d_d,46.47004,30.73066,372,
ea00044c-a84f-4cc9-9adc-e6b305f73d3d_d,46.47004,30.73066,377,
ea00044c-a84f-4cc9-9adc-e6b305f73d3d_d,46.47296,30.73107,379,
ea00044c-a84f-4cc9-9adc-e6b305f73d3d_d,46.47295816794677,30.73107182979584,381,
ea00044c-a84f-4cc9-9adc-e6b305f73d3d_d,46.47296,30.73107,386,
ea00044c-a84f-4cc9-9adc-e6b305f73d3d_d,46.47597,30.73151,388,
ea00044c-a84f-4cc9-9adc-e6b305f73d3d_d,46.47596537352183,30.731511712074283,390,
ea00044c-a84f-4cc9-9adc-e6b305f73d3d_d,46.47597,30.73151,395,
ea00044c-a84f-4cc9-9adc-e6b305f73d3d_d,46.47923,30.732,397,
ea00044c-a84f-4cc9-9adc-e6b305f73d3d_d,46.47923468980639,30.731994509696964,399,
8f46f393-2db9-4422-b7c3-109dcbc1c06b_d,46.49634275433314,30.71810066699982,1,
8f46f393-2db9-4422-b7c3-109dcbc1c06b_d,46.49634,30.7181,6,
8f46f393-2db9-4422-b7c3-109dcbc1c06b_d,46.4965,30.71848,8,
8f46f393-2db9-4422-b7c3-109dcbc1c06b_d,46.4966,30.71869,10,
8f46f393-2db9-4422-b7c3-109dcbc1c06b_d,46.49666,30.71875,12,
8f46f393-2db9-4422-b7c3-109dcbc1c06b_d,46.49675,30.71873,14,
8f46f393-2db9-4422-b7c3-109dcbc1c06b_d,46.49685,30.71869,16,
8f46f393-2db9-4422-b7c3-109dcbc1c06b_d,46.4969,30.71859,18,
8f46f393-2db9-4422-b7c3-109dcbc1c06b_d,46.49692,30.71846,20,
8f46f393-2db9-4422-b7c3-109dcbc1c06b_d,46.49689,30.71833,22,
8f46f393-2db9-4422-b7c3-109dcbc1c06b_d,46.49684,30.71818,24,
8f46f393-2db9-4422-b7c3-109dcbc1c06b_d,46.49676,30.71804,26,
8f46f393-2db9-4422-b7c3-109dcbc1c06b_d,46.4967,30.71793,28,
8f46f393-2db9-4422-b7c3-109dcbc1c06b_d,46.49662,30.71783,30,
8f46f393-2db9-4422-b7c3-109dcbc1c06b_d,46.49648,30.71768,32,
8f46f393-2db9-4422-b7c3-109dcbc1c06b_d,46.49638,30.71762,34,
8f46f393-2db9-4422-b7c3-109dcbc1c06b_d,46.49624,30.71754,36,
8f46f393-2db9-4422-b7c3-109dcbc1c06b_d,46.49621,30.71748,38,
8f46f393-2db9-4422-b7c3-109dcbc1c06b_d,46.49618,30.71738,40,
8f46f393-2db9-4422-b7c3-109dcbc1c06b_d,46.49619,30.71723,42,
8f46f393-2db9-4422-b7c3-109dcbc1c06b_d,46.49628,30.71711,44,
8f46f393-2db9-4422-b7c3-109dcbc1c06b_d,46.49647,30.71702,46,
8f46f393-2db9-4422-b7c3-109dcbc1c06b_d,46.49667,30.71694,48,
8f46f393-2db9-4422-b7c3-109dcbc1c06b_d,46.49681,30.71687,50,
8f46f393-2db9-4422-b7c3-109dcbc1c06b_d,46.49703,30.71676,52,
8f46f393-2db9-4422-b7c3-109dcbc1c06b_d,46.49715,30.7167,54,
8f46f393-2db9-4422-b7c3-109dcbc1c06b_d,46.49721,30.71668,56,
8f46f393-2db9-4422-b7c3-109dcbc1c06b_d,46.49735,30.71659,58,
8f46f393-2db9-4422-b7c3-109dcbc1c06b_d,46.49741,30.71649,60,
8f46f393-2db9-4422-b7c3-109dcbc1c06b_d,46.49744,30.71636,62,
8f46f393-2db9-4422-b7c3-109dcbc1c06b_d,46.49745,30.71616,64,
8f46f393-2db9-4422-b7c3-109dcbc1c06b_d,46.49749,30.71599,66,
8f46f393-2db9-4422-b7c3-109dcbc1c06b_d,46.497472,30.715983,68,
8f46f393-2db9-4422-b7c3-109dcbc1c06b_d,46.49747,30.71598,73,
8f46f393-2db9-4422-b7c3-109dcbc1c06b_d,46.49757,30.71557,75,
8f46f393-2db9-4422-b7c3-109dcbc1c06b_d,46.49768,30.71523,77,
8f46f393-2db9-4422-b7c3-109dcbc1c06b_d,46.49781,30.7149,79,
8f46f393-2db9-4422-b7c3-109dcbc1c06b_d,46.49795,30.71455,81,
8f46f393-2db9-4422-b7c3-109dcbc1c06b_d,46.49808,30.71429,83,
8f46f393-2db9-4422-b7c3-109dcbc1c06b_d,46.49822,30.71406,85,
8f46f393-2db9-4422-b7c3-109dcbc1c06b_d,46.4983,30.71389,87,
8f46f393-2db9-4422-b7c3-109dcbc1c06b_d,46.49832,30.71376,89,
8f46f393-2db9-4422-b7c3-109dcbc1c06b_d,46.49832,30.71358,91,
8f46f393-2db9-4422-b7c3-109dcbc1c06b_d,46.4983,30.71333,93,
8f46f393-2db9-4422-b7c3-109dcbc1c06b_d,46.49827,30.71309,95,
8f46f393-2db9-4422-b7c3-109dcbc1c06b_d,46.49823,30.71298,97,
8f46f393-2db9-4422-b7c3-109dcbc1c06b_d,46.49818,30.71292,99,
8f46f393-2db9-4422-b7c3-109dcbc1c06b_d,46.49804,30.71284,101,
8f46f393-2db9-4422-b7c3-109dcbc1c06b_d,46.49793,30.71276,103,
8f46f393-2db9-4422-b7c3-109dcbc1c06b_d,46.49787,30.71272,105,
8f46f393-2db9-4422-b7c3-109dcbc1c06b_d,46.49787,30.71266,107,
8f46f393-2db9-4422-b7c3-109dcbc1c06b_d,46.49785,30.71267,109,
8f46f393-2db9-4422-b7c3-109dcbc1c06b_d,46.49779,30.71254,111,
8f46f393-2db9-4422-b7c3-109dcbc1c06b_d,46.49775,30.71238,113,
8f46f393-2db9-4422-b7c3-109dcbc1c06b_d,46.49727,30.71038,115,
8f46f393-2db9-4422-b7c3-109dcbc1c06b_d,46.49726,30.71039,117,
8f46f393-2db9-4422-b7c3-109dcbc1c06b_d,46.497265,30.710415,119,
8f46f393-2db9-4422-b7c3-109dcbc1c06b_d,46.49727,30.71042,124,
8f46f393-2db9-4422-b7c3-109dcbc1c06b_d,46.49728,30.71041,126,
8f46f393-2db9-4422-b7c3-109dcbc1c06b_d,46.49726,30.71033,128,
8f46f393-2db9-4422-b7c3-109dcbc1c06b_d,46.49722,30.71023,130,
8f46f393-2db9-4422-b7c3-109dcbc1c06b_d,46.49722,30.71011,132,
8f46f393-2db9-4422-b7c3-109dcbc1c06b_d,46.49725,30.71,134,
8f46f393-2db9-4422-b7c3-109dcbc1c06b_d,46.49733,30.70987,136,
8f46f393-2db9-4422-b7c3-109dcbc1c06b_d,46.49812,30.70931,138,
8f46f393-2db9-4422-b7c3-109dcbc1c06b_d,46.49833,30.70915,140,
8f46f393-2db9-4422-b7c3-109dcbc1c06b_d,46.49875,30.70883,142,
8f46f393-2db9-4422-b7c3-109dcbc1c06b_d,46.49932,30.70834,144,
8f46f393-2db9-4422-b7c3-109dcbc1c06b_d,46.50114,30.70676,146,
8f46f393-2db9-4422-b7c3-109dcbc1c06b_d,46.50128,30.70659,148,
8f46f393-2db9-4422-b7c3-109dcbc1c06b_d,46.50133,30.70647,150,
8f46f393-2db9-4422-b7c3-109dcbc1c06b_d,46.50142,30.70642,152,
8f46f393-2db9-4422-b7c3-109dcbc1c06b_d,46.501413,30.70642,154,
8f46f393-2db9-4422-b7c3-109dcbc1c06b_d,46.50141,30.70642,159,
8f46f393-2db9-4422-b7c3-109dcbc1c06b_d,46.50139,30.70628,161,
8f46f393-2db9-4422-b7c3-109dcbc1c06b_d,46.50173,30.7051,163,
8f46f393-2db9-4422-b7c3-109dcbc1c06b_d,46.50179,30.70492,165,
8f46f393-2db9-4422-b7c3-109dcbc1c06b_d,46.50185,30.70474,167,
8f46f393-2db9-4422-b7c3-109dcbc1c06b_d,46.50309,30.70067,169,
8f46f393-2db9-4422-b7c3-109dcbc1c06b_d,46.50322,30.70069,171,
8f46f393-2db9-4422-b7c3-109dcbc1c06b_d,46.50316,30.70066,173,
8f46f393-2db9-4422-b7c3-109dcbc1c06b_d,46.503172,30.700666,175,
8f46f393-2db9-4422-b7c3-109dcbc1c06b_d,46.50317,30.70067,180,
8f46f393-2db9-4422-b7c3-109dcbc1c06b_d,46.50313,30.70057,182,
8f46f393-2db9-4422-b7c3-109dcbc1c06b_d,46.5032,30.70032,184,
8f46f393-2db9-4422-b7c3-109dcbc1c06b_d,46.5033,30.69999,186,
8f46f393-2db9-4422-b7c3-109dcbc1c06b_d,46.50346,30.69975,188,
8f46f393-2db9-4422-b7c3-109dcbc1c06b_d,46.50358,30.69968,190,
8f46f393-2db9-4422-b7c3-109dcbc1c06b_d,46.50369,30.69966,192,
8f46f393-2db9-4422-b7c3-109dcbc1c06b_d,46.50391,30.6997,194,
8f46f393-2db9-4422-b7c3-109dcbc1c06b_d,46.50486,30.70019,196,
8f46f393-2db9-4422-b7c3-109dcbc1c06b_d,46.50558,30.70058,198,
8f46f393-2db9-4422-b7c3-109dcbc1c06b_d,46.5058,30.70062,200,
8f46f393-2db9-4422-b7c3-109dcbc1c06b_d,46.50598,30.70059,202,
8f46f393-2db9-4422-b7c3-109dcbc1c06b_d,46.50614,30.70053,204,
8f46f393-2db9-4422-b7c3-109dcbc1c06b_d,46.50629,30.70041,206,
8f46f393-2db9-4422-b7c3-109dcbc1c06b_d,46.50631,30.70056,208,
8f46f393-2db9-4422-b7c3-109dcbc1c06b_d,46.506312,30.70053,210,
8f46f393-2db9-4422-b7c3-109dcbc1c06b_d,46.50631,30.70053,215,
8f46f393-2db9-4422-b7c3-109dcbc1c06b_d,46.50629,30.70041,217,
8f46f393-2db9-4422-b7c3-109dcbc1c06b_d,46.50676,30.69987,219,
8f46f393-2db9-4422-b7c3-109dcbc1c06b_d,46.50816,30.69824,221,
8f46f393-2db9-4422-b7c3-109dcbc1c06b_d,46.50851,30.69782,223,
8f46f393-2db9-4422-b7c3-109dcbc1c06b_d,46.50861,30.6977,225,
8f46f393-2db9-4422-b7c3-109dcbc1c06b_d,46.50868,30.69782,227,
8f46f393-2db9-4422-b7c3-109dcbc1c06b_d,46.508664,30.697827,229,
8f46f393-2db9-4422-b7c3-109dcbc1c06b_d,46.50866,30.69783,234,
8f46f393-2db9-4422-b7c3-109dcbc1c06b_d,46.50859,30.69771,236,
8f46f393-2db9-4422-b7c3-109dcbc1c06b_d,46.50937,30.69674,238,
8f46f393-2db9-4422-b7c3-109dcbc1c06b_d,46.5101,30.69584,240,
8f46f393-2db9-4422-b7c3-109dcbc1c06b_d,46.51024,30.69572,242,
8f46f393-2db9-4422-b7c3-109dcbc1c06b_d,46.51053,30.69546,244,
8f46f393-2db9-4422-b7c3-109dcbc1c06b_d,46.51074,30.69533,246,
8f46f393-2db9-4422-b7c3-109dcbc1c06b_d,46.5111,30.69515,248,
8f46f393-2db9-4422-b7c3-109dcbc1c06b_d,46.51257,30.6945,250,
8f46f393-2db9-4422-b7c3-109dcbc1c06b_d,46.51259,30.69468,252,
8f46f393-2db9-4422-b7c3-109dcbc1c06b_d,46.512595,30.69468,254,
8f46f393-2db9-4422-b7c3-109dcbc1c06b_d,46.5126,30.69468,259,
8f46f393-2db9-4422-b7c3-109dcbc1c06b_d,46.51258,30.6945,261,
8f46f393-2db9-4422-b7c3-109dcbc1c06b_d,46.51455,30.69366,263,
8f46f393-2db9-4422-b7c3-109dcbc1c06b_d,46.51504,30.69347,265,
8f46f393-2db9-4422-b7c3-109dcbc1c06b_d,46.51545,30.69335,267,
8f46f393-2db9-4422-b7c3-109dcbc1c06b_d,46.51571,30.69327,269,
8f46f393-2db9-4422-b7c3-109dcbc1c06b_d,46.51648,30.69307,271,
8f46f393-2db9-4422-b7c3-109dcbc1c06b_d,46.51678,30.693,273,
8f46f393-2db9-4422-b7c3-109dcbc1c06b_d,46.51702,30.69295,275,
8f46f393-2db9-4422-b7c3-109dcbc1c06b_d,46.51718,30.6929,277,
8f46f393-2db9-4422-b7c3-109dcbc1c06b_d,46.51743,30.69279,279,
8f46f393-2db9-4422-b7c3-109dcbc1c06b_d,46.51767,30.69264,281,
8f46f393-2db9-4422-b7c3-109dcbc1c06b_d,46.51788,30.6925,283,
8f46f393-2db9-4422-b7c3-109dcbc1c06b_d,46.51805,30.69236,285,
8f46f393-2db9-4422-b7c3-109dcbc1c06b_d,46.51834,30.69216,287,
8f46f393-2db9-4422-b7c3-109dcbc1c06b_d,46.5184,30.69229,289,
8f46f393-2db9-4422-b7c3-109dcbc1c06b_d,46.51839,30.69226,291,
8f46f393-2db9-4422-b7c3-109dcbc1c06b_d,46.518369,30.692248,293,
8f46f393-2db9-4422-b7c3-109dcbc1c06b_d,46.51837,30.69225,298,
8f46f393-2db9-4422-b7c3-109dcbc1c06b_d,46.51838,30.69228,300,
8f46f393-2db9-4422-b7c3-109dcbc1c06b_d,46.51834,30.69216,302,
8f46f393-2db9-4422-b7c3-109dcbc1c06b_d,46.51853,30.69204,304,
8f46f393-2db9-4422-b7c3-109dcbc1c06b_d,46.51867,30.69194,306,
8f46f393-2db9-4422-b7c3-109dcbc1c06b_d,46.51882,30.69181,308,
8f46f393-2db9-4422-b7c3-109dcbc1c06b_d,46.51897,30.69169,310,
8f46f393-2db9-4422-b7c3-109dcbc1c06b_d,46.51908,30.69156,312,
8f46f393-2db9-4422-b7c3-109dcbc1c06b_d,46.51928,30.69123,314,
8f46f393-2db9-4422-b7c3-109dcbc1c06b_d,46.51946,30.69088,316,
8f46f393-2db9-4422-b7c3-109dcbc1c06b_d,46.51959,30.69064,318,
8f46f393-2db9-4422-b7c3-109dcbc1c06b_d,46.51968,30.69052,320,
8f46f393-2db9-4422-b7c3-109dcbc1c06b_d,46.51981,30.69041,322,
8f46f393-2db9-4422-b7c3-109dcbc1c06b_d,46.5205,30.68988,324,
8f46f393-2db9-4422-b7c3-109dcbc1c06b_d,46.5211,30.68918,326,
8f46f393-2db9-4422-b7c3-109dcbc1c06b_d,46.52143,30.68878,328,
8f46f393-2db9-4422-b7c3-109dcbc1c06b_d,46.52161,30.68857,330,
8f46f393-2db9-4422-b7c3-109dcbc1c06b_d,46.52177,30.68832,332,
8f46f393-2db9-4422-b7c3-109dcbc1c06b_d,46.52256,30.68681,334,
8f46f393-2db9-4422-b7c3-109dcbc1c06b_d,46.52265,30.6867,336,
8f46f393-2db9-4422-b7c3-109dcbc1c06b_d,46.52279,30.68652,338,
8f46f393-2db9-4422-b7c3-109dcbc1c06b_d,46.52296,30.68633,340,
8f46f393-2db9-4422-b7c3-109dcbc1c06b_d,46.52315,30.68613,342,
8f46f393-2db9-4422-b7c3-109dcbc1c06b_d,46.52421,30.68544,344,
8f46f393-2db9-4422-b7c3-109dcbc1c06b_d,46.52423,30.68555,346,
8f46f393-2db9-4422-b7c3-109dcbc1c06b_d,46.52423,30.68555,348,
8f46f393-2db9-4422-b7c3-109dcbc1c06b_d,46.524224,30.685526,350,
8f46f393-2db9-4422-b7c3-109dcbc1c06b_d,46.52422,30.68553,355,
8f46f393-2db9-4422-b7c3-109dcbc1c06b_d,46.52422,30.68553,357,
8f46f393-2db9-4422-b7c3-109dcbc1c06b_d,46.5242,30.68542,359,
8f46f393-2db9-4422-b7c3-109dcbc1c06b_d,46.52471,30.68516,361,
8f46f393-2db9-4422-b7c3-109dcbc1c06b_d,46.52525,30.68484,363,
8f46f393-2db9-4422-b7c3-109dcbc1c06b_d,46.52543,30.6847,365,
8f46f393-2db9-4422-b7c3-109dcbc1c06b_d,46.5256,30.68446,367,
8f46f393-2db9-4422-b7c3-109dcbc1c06b_d,46.52575,30.68422,369,
8f46f393-2db9-4422-b7c3-109dcbc1c06b_d,46.5261,30.68367,371,
8f46f393-2db9-4422-b7c3-109dcbc1c06b_d,46.52645,30.68314,373,
8f46f393-2db9-4422-b7c3-109dcbc1c06b_d,46.52663,30.68289,375,
8f46f393-2db9-4422-b7c3-109dcbc1c06b_d,46.52679,30.68267,377,
8f46f393-2db9-4422-b7c3-109dcbc1c06b_d,46.52728,30.68218,379,
8f46f393-2db9-4422-b7c3-109dcbc1c06b_d,46.52776,30.6817,381,
8f46f393-2db9-4422-b7c3-109dcbc1c06b_d,46.5282,30.68121,383,
8f46f393-2db9-4422-b7c3-109dcbc1c06b_d,46.5282,30.68121,385,
8f46f393-2db9-4422-b7c3-109dcbc1c06b_d,46.528194,30.681202,387,
8f46f393-2db9-4422-b7c3-109dcbc1c06b_d,46.52819,30.6812,392,
8f46f393-2db9-4422-b7c3-109dcbc1c06b_d,46.52906,30.68034,394,
8f46f393-2db9-4422-b7c3-109dcbc1c06b_d,46.52961,30.67977,396,
8f46f393-2db9-4422-b7c3-109dcbc1c06b_d,46.52981,30.67964,398,
8f46f393-2db9-4422-b7c3-109dcbc1c06b_d,46.53003,30.6795,400,
8f46f393-2db9-4422-b7c3-109dcbc1c06b_d,46.53035,30.6793,402,
8f46f393-2db9-4422-b7c3-109dcbc1c06b_d,46.53056,30.67917,404,
8f46f393-2db9-4422-b7c3-109dcbc1c06b_d,46.53096,30.67891,406,
8f46f393-2db9-4422-b7c3-109dcbc1c06b_d,46.53104,30.67896,408,
8f46f393-2db9-4422-b7c3-109dcbc1c06b_d,46.53104,30.67896,410,
8f46f393-2db9-4422-b7c3-109dcbc1c06b_d,46.53104,30.678951,412,
8f46f393-2db9-4422-b7c3-109dcbc1c06b_d,46.53104,30.67895,417,
8f46f393-2db9-4422-b7c3-109dcbc1c06b_d,46.53104,30.67895,419,
8f46f393-2db9-4422-b7c3-109dcbc1c06b_d,46.53116,30.67883,421,
8f46f393-2db9-4422-b7c3-109dcbc1c06b_d,46.53272,30.67819,423,
8f46f393-2db9-4422-b7c3-109dcbc1c06b_d,46.5333,30.67792,425,
8f46f393-2db9-4422-b7c3-109dcbc1c06b_d,46.53378,30.67769,427,
8f46f393-2db9-4422-b7c3-109dcbc1c06b_d,46.53398,30.67763,429,
8f46f393-2db9-4422-b7c3-109dcbc1c06b_d,46.53412,30.67771,431,
8f46f393-2db9-4422-b7c3-109dcbc1c06b_d,46.53413,30.677713,433,
8f46f393-2db9-4422-b7c3-109dcbc1c06b_d,46.53413,30.67771,438,
8f46f393-2db9-4422-b7c3-109dcbc1c06b_d,46.53422,30.6777,440,
8f46f393-2db9-4422-b7c3-109dcbc1c06b_d,46.53431,30.67774,442,
8f46f393-2db9-4422-b7c3-109dcbc1c06b_d,46.53488,30.67806,444,
8f46f393-2db9-4422-b7c3-109dcbc1c06b_d,46.53506,30.67816,446,
8f46f393-2db9-4422-b7c3-109dcbc1c06b_d,46.53526,30.67817,448,
8f46f393-2db9-4422-b7c3-109dcbc1c06b_d,46.53667,30.67809,450,
8f46f393-2db9-4422-b7c3-109dcbc1c06b_d,46.53691,30.67799,452,
8f46f393-2db9-4422-b7c3-109dcbc1c06b_d,46.53716,30.67781,454,
8f46f393-2db9-4422-b7c3-109dcbc1c06b_d,46.53739,30.67762,456,
8f46f393-2db9-4422-b7c3-109dcbc1c06b_d,46.53776,30.67731,458,
8f46f393-2db9-4422-b7c3-109dcbc1c06b_d,46.537754,30.67732,460,
8f46f393-2db9-4422-b7c3-109dcbc1c06b_d,46.53775,30.67732,465,
8f46f393-2db9-4422-b7c3-109dcbc1c06b_d,46.53886,30.67623,467,
8f46f393-2db9-4422-b7c3-109dcbc1c06b_d,46.53905,30.67604,469,
8f46f393-2db9-4422-b7c3-109dcbc1c06b_d,46.53916,30.67589,471,
8f46f393-2db9-4422-b7c3-109dcbc1c06b_d,46.53929,30.67569,473,
8f46f393-2db9-4422-b7c3-109dcbc1c06b_d,46.53953,30.67521,475,
8f46f393-2db9-4422-b7c3-109dcbc1c06b_d,46.54011,30.67405,477,
8f46f393-2db9-4422-b7c3-109dcbc1c06b_d,46.54058,30.67312,479,
8f46f393-2db9-4422-b7c3-109dcbc1c06b_d,46.54094,30.67242,481,
8f46f393-2db9-4422-b7c3-109dcbc1c06b_d,46.54155,30.67121,483,
8f46f393-2db9-4422-b7c3-109dcbc1c06b_d,46.54163,30.67114,485,
8f46f393-2db9-4422-b7c3-109dcbc1c06b_d,46.54173,30.67111,487,
8f46f393-2db9-4422-b7c3-109dcbc1c06b_d,46.54183,30.67111,489,
8f46f393-2db9-4422-b7c3-109dcbc1c06b_d,46.54193,30.67107,491,
8f46f393-2db9-4422-b7c3-109dcbc1c06b_d,46.542,30.67096,493,
8f46f393-2db9-4422-b7c3-109dcbc1c06b_d,46.54201,30.67082,495,
8f46f393-2db9-4422-b7c3-109dcbc1c06b_d,46.54198,30.67068,497,
8f46f393-2db9-4422-b7c3-109dcbc1c06b_d,46.54191,30.67057,499,
8f46f393-2db9-4422-b7c3-109dcbc1c06b_d,46.54179,30.67054,501,
8f46f393-2db9-4422-b7c3-109dcbc1c06b_d,46.5417,30.67061,503,
8f46f393-2db9-4422-b7c3-109dcbc1c06b_d,46.54163,30.67071,505,
8f46f393-2db9-4422-b7c3-109dcbc1c06b_d,46.54157,30.67083,507,
8f46f393-2db9-4422-b7c3-109dcbc1c06b_d,46.54151,30.67101,509,
8f46f393-2db9-4422-b7c3-109dcbc1c06b_d,46.54146,30.67116,511,
8f46f393-2db9-4422-b7c3-109dcbc1c06b_d,46.54135,30.67141,513,
8f46f393-2db9-4422-b7c3-109dcbc1c06b_d,46.54124,30.67157,515,
8f46f393-2db9-4422-b7c3-109dcbc1c06b_d,46.54124,30.67157,517,
8f46f393-2db9-4422-b7c3-109dcbc1c06b_d,46.541267,30.671557,519,
83956bc0-3a1d-4e1d-aef5-1b5460d0574e_r,46.47301727923973,30.75406908988953,1,
83956bc0-3a1d-4e1d-aef5-1b5460d0574e_r,46.47292,30.75407,6,
83956bc0-3a1d-4e1d-aef5-1b5460d0574e_r,46.47293,30.75391,8,
83956bc0-3a1d-4e1d-aef5-1b5460d0574e_r,46.47292,30.75391,10,
83956bc0-3a1d-4e1d-aef5-1b5460d0574e_r,46.47279,30.75387,12,
83956bc0-3a1d-4e1d-aef5-1b5460d0574e_r,46.4727,30.75384,14,
83956bc0-3a1d-4e1d-aef5-1b5460d0574e_r,46.47251,30.7538,16,
83956bc0-3a1d-4e1d-aef5-1b5460d0574e_r,46.47247,30.7538,18,
83956bc0-3a1d-4e1d-aef5-1b5460d0574e_r,46.47234,30.75378,20,
83956bc0-3a1d-4e1d-aef5-1b5460d0574e_r,46.47223,30.75374,22,
83956bc0-3a1d-4e1d-aef5-1b5460d0574e_r,46.47215,30.75372,24,
83956bc0-3a1d-4e1d-aef5-1b5460d0574e_r,46.47185,30.75365,26,
83956bc0-3a1d-4e1d-aef5-1b5460d0574e_r,46.47178,30.75361,28,
83956bc0-3a1d-4e1d-aef5-1b5460d0574e_r,46.4717,30.75352,30,
83956bc0-3a1d-4e1d-aef5-1b5460d0574e_r,46.47167,30.75348,32,
83956bc0-3a1d-4e1d-aef5-1b5460d0574e_r,46.47165,30.75339,34,
83956bc0-3a1d-4e1d-aef5-1b5460d0574e_r,46.47165,30.75333,36,
83956bc0-3a1d-4e1d-aef5-1b5460d0574e_r,46.47167,30.75314,38,
83956bc0-3a1d-4e1d-aef5-1b5460d0574e_r,46.4717,30.75284,40,
83956bc0-3a1d-4e1d-aef5-1b5460d0574e_r,46.47171,30.75256,42,
83956bc0-3a1d-4e1d-aef5-1b5460d0574e_r,46.47183,30.75257,44,
83956bc0-3a1d-4e1d-aef5-1b5460d0574e_r,46.471831,30.752569,46,
83956bc0-3a1d-4e1d-aef5-1b5460d0574e_r,46.47183,30.75257,51,
83956bc0-3a1d-4e1d-aef5-1b5460d0574e_r,46.47171,30.75256,53,
83956bc0-3a1d-4e1d-aef5-1b5460d0574e_r,46.47172,30.75243,55,
83956bc0-3a1d-4e1d-aef5-1b5460d0574e_r,46.47174,30.75217,57,
83956bc0-3a1d-4e1d-aef5-1b5460d0574e_r,46.47176,30.75187,59,
83956bc0-3a1d-4e1d-aef5-1b5460d0574e_r,46.4718,30.75127,61,
83956bc0-3a1d-4e1d-aef5-1b5460d0574e_r,46.4718,30.75114,63,
83956bc0-3a1d-4e1d-aef5-1b5460d0574e_r,46.47195,30.74912,65,
83956bc0-3a1d-4e1d-aef5-1b5460d0574e_r,46.47208,30.74711,67,
83956bc0-3a1d-4e1d-aef5-1b5460d0574e_r,46.4721,30.74676,69,
83956bc0-3a1d-4e1d-aef5-1b5460d0574e_r,46.47222,30.74678,71,
83956bc0-3a1d-4e1d-aef5-1b5460d0574e_r,46.472218,30.746777,73,
83956bc0-3a1d-4e1d-aef5-1b5460d0574e_r,46.47222,30.74678,78,
83956bc0-3a1d-4e1d-aef5-1b5460d0574e_r,46.4721,30.74676,80,
83956bc0-3a1d-4e1d-aef5-1b5460d0574e_r,46.4721,30.74674,82,
83956bc0-3a1d-4e1d-aef5-1b5460d0574e_r,46.47221,30.74558,84,
83956bc0-3a1d-4e1d-aef5-1b5460d0574e_r,46.4723,30.74432,86,
83956bc0-3a1d-4e1d-aef5-1b5460d0574e_r,46.47238,30.74292,88,
83956bc0-3a1d-4e1d-aef5-1b5460d0574e_r,46.47243,30.74256,90,
83956bc0-3a1d-4e1d-aef5-1b5460d0574e_r,46.47245,30.74206,92,
83956bc0-3a1d-4e1d-aef5-1b5460d0574e_r,46.47247,30.74193,94,
83956bc0-3a1d-4e1d-aef5-1b5460d0574e_r,46.47251,30.74131,96,
83956bc0-3a1d-4e1d-aef5-1b5460d0574e_r,46.47253,30.7411,98,
83956bc0-3a1d-4e1d-aef5-1b5460d0574e_r,46.47254,30.74073,100,
83956bc0-3a1d-4e1d-aef5-1b5460d0574e_r,46.47264,30.74074,102,
83956bc0-3a1d-4e1d-aef5-1b5460d0574e_r,46.472610887804,30.740743875503544,104,
83956bc0-3a1d-4e1d-aef5-1b5460d0574e_r,46.47264,30.74074,109,
83956bc0-3a1d-4e1d-aef5-1b5460d0574e_r,46.47264,30.74074,111,
83956bc0-3a1d-4e1d-aef5-1b5460d0574e_r,46.47254,30.74073,113,
83956bc0-3a1d-4e1d-aef5-1b5460d0574e_r,46.47255,30.74056,115,
83956bc0-3a1d-4e1d-aef5-1b5460d0574e_r,46.47258,30.7403,117,
83956bc0-3a1d-4e1d-aef5-1b5460d0574e_r,46.47262,30.73987,119,
83956bc0-3a1d-4e1d-aef5-1b5460d0574e_r,46.47266,30.73942,121,
83956bc0-3a1d-4e1d-aef5-1b5460d0574e_r,46.47266,30.73925,123,
83956bc0-3a1d-4e1d-aef5-1b5460d0574e_r,46.47268,30.73902,125,
83956bc0-3a1d-4e1d-aef5-1b5460d0574e_r,46.47277,30.73792,127,
83956bc0-3a1d-4e1d-aef5-1b5460d0574e_r,46.47279,30.7376,129,
83956bc0-3a1d-4e1d-aef5-1b5460d0574e_r,46.47281,30.73719,131,
83956bc0-3a1d-4e1d-aef5-1b5460d0574e_r,46.47283,30.73685,133,
83956bc0-3a1d-4e1d-aef5-1b5460d0574e_r,46.47285,30.73668,135,
83956bc0-3a1d-4e1d-aef5-1b5460d0574e_r,46.47285,30.73663,137,
83956bc0-3a1d-4e1d-aef5-1b5460d0574e_r,46.47295,30.73663,139,
83956bc0-3a1d-4e1d-aef5-1b5460d0574e_r,46.47296,30.73663,141,
83956bc0-3a1d-4e1d-aef5-1b5460d0574e_r,46.472913834434905,30.736645460128788,143,
83956bc0-3a1d-4e1d-aef5-1b5460d0574e_r,46.47296,30.73663,148,
83956bc0-3a1d-4e1d-aef5-1b5460d0574e_r,46.47296,30.73663,150,
83956bc0-3a1d-4e1d-aef5-1b5460d0574e_r,46.47286,30.73663,152,
83956bc0-3a1d-4e1d-aef5-1b5460d0574e_r,46.47286,30.73655,154,
83956bc0-3a1d-4e1d-aef5-1b5460d0574e_r,46.47286,30.7364,156,
83956bc0-3a1d-4e1d-aef5-1b5460d0574e_r,46.47289,30.73623,158,
83956bc0-3a1d-4e1d-aef5-1b5460d0574e_r,46.47291,30.73608,160,
83956bc0-3a1d-4e1d-aef5-1b5460d0574e_r,46.47291,30.73599,162,
83956bc0-3a1d-4e1d-aef5-1b5460d0574e_r,46.47293,30.73573,164,
83956bc0-3a1d-4e1d-aef5-1b5460d0574e_r,46.47295,30.73537,166,
83956bc0-3a1d-4e1d-aef5-1b5460d0574e_r,46.47297,30.735,168,
83956bc0-3a1d-4e1d-aef5-1b5460d0574e_r,46.47299,30.7349,170,
83956bc0-3a1d-4e1d-aef5-1b5460d0574e_r,46.47299,30.7347,172,
83956bc0-3a1d-4e1d-aef5-1b5460d0574e_r,46.47304,30.73425,174,
83956bc0-3a1d-4e1d-aef5-1b5460d0574e_r,46.47312,30.73316,176,
83956bc0-3a1d-4e1d-aef5-1b5460d0574e_r,46.47312,30.73303,178,
83956bc0-3a1d-4e1d-aef5-1b5460d0574e_r,46.47314,30.73275,180,
83956bc0-3a1d-4e1d-aef5-1b5460d0574e_r,46.47317,30.7323,182,
83956bc0-3a1d-4e1d-aef5-1b5460d0574e_r,46.47321,30.73194,184,
83956bc0-3a1d-4e1d-aef5-1b5460d0574e_r,46.47323,30.73166,186,
83956bc0-3a1d-4e1d-aef5-1b5460d0574e_r,46.47323,30.73146,188,
83956bc0-3a1d-4e1d-aef5-1b5460d0574e_r,46.47327,30.73108,190,
83956bc0-3a1d-4e1d-aef5-1b5460d0574e_r,46.47329,30.73073,192,
83956bc0-3a1d-4e1d-aef5-1b5460d0574e_r,46.47329,30.73065,194,
83956bc0-3a1d-4e1d-aef5-1b5460d0574e_r,46.47341,30.73067,196,
83956bc0-3a1d-4e1d-aef5-1b5460d0574e_r,46.47341,30.7307,198,
83956bc0-3a1d-4e1d-aef5-1b5460d0574e_r,46.4734,30.7307,200,
83956bc0-3a1d-4e1d-aef5-1b5460d0574e_r,46.47335347349748,30.730685591697696,202,
83956bc0-3a1d-4e1d-aef5-1b5460d0574e_r,46.4734,30.7307,207,
83956bc0-3a1d-4e1d-aef5-1b5460d0574e_r,46.4734,30.7307,209,
83956bc0-3a1d-4e1d-aef5-1b5460d0574e_r,46.4734,30.73067,211,
83956bc0-3a1d-4e1d-aef5-1b5460d0574e_r,46.47328,30.73065,213,
83956bc0-3a1d-4e1d-aef5-1b5460d0574e_r,46.47331,30.73039,215,
83956bc0-3a1d-4e1d-aef5-1b5460d0574e_r,46.47333,30.73026,217,
83956bc0-3a1d-4e1d-aef5-1b5460d0574e_r,46.47333,30.73007,219,
83956bc0-3a1d-4e1d-aef5-1b5460d0574e_r,46.47335,30.72985,221,
83956bc0-3a1d-4e1d-aef5-1b5460d0574e_r,46.47337,30.7297,223,
83956bc0-3a1d-4e1d-aef5-1b5460d0574e_r,46.47337,30.72947,225,
83956bc0-3a1d-4e1d-aef5-1b5460d0574e_r,46.47341,30.72902,227,
83956bc0-3a1d-4e1d-aef5-1b5460d0574e_r,46.47343,30.72865,229,
83956bc0-3a1d-4e1d-aef5-1b5460d0574e_r,46.47346,30.72835,231,
83956bc0-3a1d-4e1d-aef5-1b5460d0574e_r,46.47348,30.72827,233,
83956bc0-3a1d-4e1d-aef5-1b5460d0574e_r,46.47348,30.72818,235,
83956bc0-3a1d-4e1d-aef5-1b5460d0574e_r,46.47348,30.72805,237,
83956bc0-3a1d-4e1d-aef5-1b5460d0574e_r,46.4735,30.72777,239,
83956bc0-3a1d-4e1d-aef5-1b5460d0574e_r,46.47352,30.72764,241,
83956bc0-3a1d-4e1d-aef5-1b5460d0574e_r,46.47354,30.72741,243,
83956bc0-3a1d-4e1d-aef5-1b5460d0574e_r,46.47358,30.72691,245,
83956bc0-3a1d-4e1d-aef5-1b5460d0574e_r,46.47365,30.7258,247,
83956bc0-3a1d-4e1d-aef5-1b5460d0574e_r,46.47367,30.72565,249,
83956bc0-3a1d-4e1d-aef5-1b5460d0574e_r,46.47367,30.72558,251,
83956bc0-3a1d-4e1d-aef5-1b5460d0574e_r,46.47369,30.72533,253,
83956bc0-3a1d-4e1d-aef5-1b5460d0574e_r,46.47371,30.72513,255,
83956bc0-3a1d-4e1d-aef5-1b5460d0574e_r,46.47367,30.72505,257,
83956bc0-3a1d-4e1d-aef5-1b5460d0574e_r,46.47363,30.72496,259,
83956bc0-3a1d-4e1d-aef5-1b5460d0574e_r,46.47358,30.72488,261,
83956bc0-3a1d-4e1d-aef5-1b5460d0574e_r,46.47352,30.72483,263,
83956bc0-3a1d-4e1d-aef5-1b5460d0574e_r,46.47343,30.72479,265,
83956bc0-3a1d-4e1d-aef5-1b5460d0574e_r,46.47296,30.72528,267,
83956bc0-3a1d-4e1d-aef5-1b5460d0574e_r,46.4729,30.72535,269,
83956bc0-3a1d-4e1d-aef5-1b5460d0574e_r,46.47277,30.72548,271,
83956bc0-3a1d-4e1d-aef5-1b5460d0574e_r,46.47275,30.72552,273,
83956bc0-3a1d-4e1d-aef5-1b5460d0574e_r,46.47253,30.72576,275,
83956bc0-3a1d-4e1d-aef5-1b5460d0574e_r,46.47247,30.72565,277,
83956bc0-3a1d-4e1d-aef5-1b5460d0574e_r,46.47247,30.72565,279,
83956bc0-3a1d-4e1d-aef5-1b5460d0574e_r,46.47247419182088,30.725744962692264,281,
83956bc0-3a1d-4e1d-aef5-1b5460d0574e_r,46.47247,30.72565,286,
83956bc0-3a1d-4e1d-aef5-1b5460d0574e_r,46.47247,30.72565,288,
83956bc0-3a1d-4e1d-aef5-1b5460d0574e_r,46.47253,30.72576,290,
83956bc0-3a1d-4e1d-aef5-1b5460d0574e_r,46.47245,30.72584,292,
83956bc0-3a1d-4e1d-aef5-1b5460d0574e_r,46.47228,30.72603,294,
83956bc0-3a1d-4e1d-aef5-1b5460d0574e_r,46.47213,30.72621,296,
83956bc0-3a1d-4e1d-aef5-1b5460d0574e_r,46.47176,30.72661,298,
83956bc0-3a1d-4e1d-aef5-1b5460d0574e_r,46.47144,30.72698,300,
83956bc0-3a1d-4e1d-aef5-1b5460d0574e_r,46.47118,30.72721,302,
83956bc0-3a1d-4e1d-aef5-1b5460d0574e_r,46.47103,30.72732,304,
83956bc0-3a1d-4e1d-aef5-1b5460d0574e_r,46.47092,30.72717,306,
83956bc0-3a1d-4e1d-aef5-1b5460d0574e_r,46.47082,30.72702,308,
83956bc0-3a1d-4e1d-aef5-1b5460d0574e_r,46.47075,30.72691,310,
83956bc0-3a1d-4e1d-aef5-1b5460d0574e_r,46.47002,30.72567,312,
83956bc0-3a1d-4e1d-aef5-1b5460d0574e_r,46.46983,30.72535,314,
83956bc0-3a1d-4e1d-aef5-1b5460d0574e_r,46.46966,30.72507,316,
83956bc0-3a1d-4e1d-aef5-1b5460d0574e_r,46.46957,30.7249,318,
83956bc0-3a1d-4e1d-aef5-1b5460d0574e_r,46.46964,30.7248,320,
83956bc0-3a1d-4e1d-aef5-1b5460d0574e_r,46.46964,30.7248,322,
83956bc0-3a1d-4e1d-aef5-1b5460d0574e_r,46.46964,30.724799,324,
83956bc0-3a1d-4e1d-aef5-1b5460d0574e_r,46.46964,30.7248,329,
83956bc0-3a1d-4e1d-aef5-1b5460d0574e_r,46.46964,30.7248,331,
83956bc0-3a1d-4e1d-aef5-1b5460d0574e_r,46.46957,30.7249,333,
83956bc0-3a1d-4e1d-aef5-1b5460d0574e_r,46.46955,30.72488,335,
83956bc0-3a1d-4e1d-aef5-1b5460d0574e_r,46.46927,30.72443,337,
83956bc0-3a1d-4e1d-aef5-1b5460d0574e_r,46.46871,30.72355,339,
83956bc0-3a1d-4e1d-aef5-1b5460d0574e_r,46.46856,30.72329,341,
83956bc0-3a1d-4e1d-aef5-1b5460d0574e_r,46.46803,30.72237,343,
83956bc0-3a1d-4e1d-aef5-1b5460d0574e_r,46.46743,30.72138,345,
83956bc0-3a1d-4e1d-aef5-1b5460d0574e_r,46.46719,30.72099,347,
83956bc0-3a1d-4e1d-aef5-1b5460d0574e_r,46.46695,30.72061,349,
83956bc0-3a1d-4e1d-aef5-1b5460d0574e_r,46.46691,30.72054,351,
83956bc0-3a1d-4e1d-aef5-1b5460d0574e_r,46.46661,30.72007,353,
83956bc0-3a1d-4e1d-aef5-1b5460d0574e_r,46.46635,30.71966,355,
83956bc0-3a1d-4e1d-aef5-1b5460d0574e_r,46.46614,30.71934,357,
83956bc0-3a1d-4e1d-aef5-1b5460d0574e_r,46.46609,30.71927,359,
83956bc0-3a1d-4e1d-aef5-1b5460d0574e_r,46.46619,30.71913,361,
83956bc0-3a1d-4e1d-aef5-1b5460d0574e_r,46.46619,30.71913,363,
83956bc0-3a1d-4e1d-aef5-1b5460d0574e_r,46.466191,30.719133,365,
83956bc0-3a1d-4e1d-aef5-1b5460d0574e_r,46.46619,30.71913,370,
83956bc0-3a1d-4e1d-aef5-1b5460d0574e_r,46.46619,30.71913,372,
83956bc0-3a1d-4e1d-aef5-1b5460d0574e_r,46.46609,30.71927,374,
83956bc0-3a1d-4e1d-aef5-1b5460d0574e_r,46.46597,30.71908,376,
83956bc0-3a1d-4e1d-aef5-1b5460d0574e_r,46.46588,30.71895,378,
83956bc0-3a1d-4e1d-aef5-1b5460d0574e_r,46.46573,30.71872,380,
83956bc0-3a1d-4e1d-aef5-1b5460d0574e_r,46.46549,30.71833,382,
83956bc0-3a1d-4e1d-aef5-1b5460d0574e_r,46.46539,30.71816,384,
83956bc0-3a1d-4e1d-aef5-1b5460d0574e_r,46.46528,30.71799,386,
83956bc0-3a1d-4e1d-aef5-1b5460d0574e_r,46.46513,30.71773,388,
83956bc0-3a1d-4e1d-aef5-1b5460d0574e_r,46.46498,30.71752,390,
83956bc0-3a1d-4e1d-aef5-1b5460d0574e_r,46.46459,30.71685,392,
83956bc0-3a1d-4e1d-aef5-1b5460d0574e_r,46.46453,30.71676,394,
83956bc0-3a1d-4e1d-aef5-1b5460d0574e_r,46.46419,30.71621,396,
83956bc0-3a1d-4e1d-aef5-1b5460d0574e_r,46.46397,30.71586,398,
83956bc0-3a1d-4e1d-aef5-1b5460d0574e_r,46.46361,30.71526,400,
83956bc0-3a1d-4e1d-aef5-1b5460d0574e_r,46.46326,30.71473,402,
83956bc0-3a1d-4e1d-aef5-1b5460d0574e_r,46.46296,30.71423,404,
83956bc0-3a1d-4e1d-aef5-1b5460d0574e_r,46.46283,30.71402,406,
83956bc0-3a1d-4e1d-aef5-1b5460d0574e_r,46.46273,30.71385,408,
83956bc0-3a1d-4e1d-aef5-1b5460d0574e_r,46.46262,30.71368,410,
83956bc0-3a1d-4e1d-aef5-1b5460d0574e_r,46.4626,30.71363,412,
83956bc0-3a1d-4e1d-aef5-1b5460d0574e_r,46.46253,30.71355,414,
83956bc0-3a1d-4e1d-aef5-1b5460d0574e_r,46.46206,30.71355,416,
83956bc0-3a1d-4e1d-aef5-1b5460d0574e_r,46.46177,30.71353,418,
83956bc0-3a1d-4e1d-aef5-1b5460d0574e_r,46.46178,30.71338,420,
83956bc0-3a1d-4e1d-aef5-1b5460d0574e_r,46.46178,30.71338,422,
83956bc0-3a1d-4e1d-aef5-1b5460d0574e_r,46.461778,30.713377,424,
83956bc0-3a1d-4e1d-aef5-1b5460d0574e_r,46.46178,30.71338,429,
83956bc0-3a1d-4e1d-aef5-1b5460d0574e_r,46.46178,30.71338,431,
83956bc0-3a1d-4e1d-aef5-1b5460d0574e_r,46.46177,30.71353,433,
83956bc0-3a1d-4e1d-aef5-1b5460d0574e_r,46.46163,30.71352,435,
83956bc0-3a1d-4e1d-aef5-1b5460d0574e_r,46.46133,30.71352,437,
83956bc0-3a1d-4e1d-aef5-1b5460d0574e_r,46.46127,30.71352,439,
83956bc0-3a1d-4e1d-aef5-1b5460d0574e_r,46.4611,30.71352,441,
83956bc0-3a1d-4e1d-aef5-1b5460d0574e_r,46.4609,30.71352,443,
83956bc0-3a1d-4e1d-aef5-1b5460d0574e_r,46.46084,30.71352,445,
83956bc0-3a1d-4e1d-aef5-1b5460d0574e_r,46.46084,30.71333,447,
83956bc0-3a1d-4e1d-aef5-1b5460d0574e_r,46.46084,30.71307,449,
83956bc0-3a1d-4e1d-aef5-1b5460d0574e_r,46.46084,30.71282,451,
83956bc0-3a1d-4e1d-aef5-1b5460d0574e_r,46.46084,30.71241,453,
83956bc0-3a1d-4e1d-aef5-1b5460d0574e_r,46.46084,30.71213,455,
83956bc0-3a1d-4e1d-aef5-1b5460d0574e_r,46.46082,30.71183,457,
83956bc0-3a1d-4e1d-aef5-1b5460d0574e_r,46.46082,30.7117,459,
83956bc0-3a1d-4e1d-aef5-1b5460d0574e_r,46.46082,30.71123,461,
83956bc0-3a1d-4e1d-aef5-1b5460d0574e_r,46.46082,30.71089,463,
83956bc0-3a1d-4e1d-aef5-1b5460d0574e_r,46.46082,30.71074,465,
83956bc0-3a1d-4e1d-aef5-1b5460d0574e_r,46.46082,30.71048,467,
83956bc0-3a1d-4e1d-aef5-1b5460d0574e_r,46.46082,30.71031,469,
83956bc0-3a1d-4e1d-aef5-1b5460d0574e_r,46.46082,30.71024,471,
83956bc0-3a1d-4e1d-aef5-1b5460d0574e_r,46.46082,30.7099,473,
83956bc0-3a1d-4e1d-aef5-1b5460d0574e_r,46.46082,30.70983,475,
83956bc0-3a1d-4e1d-aef5-1b5460d0574e_r,46.46082,30.70953,477,
83956bc0-3a1d-4e1d-aef5-1b5460d0574e_r,46.4608,30.70913,479,
83956bc0-3a1d-4e1d-aef5-1b5460d0574e_r,46.4608,30.70857,481,
83956bc0-3a1d-4e1d-aef5-1b5460d0574e_r,46.4608,30.70689,483,
83956bc0-3a1d-4e1d-aef5-1b5460d0574e_r,46.4608,30.70662,485,
83956bc0-3a1d-4e1d-aef5-1b5460d0574e_r,46.4608,30.70647,487,
83956bc0-3a1d-4e1d-aef5-1b5460d0574e_r,46.46077,30.70629,489,
83956bc0-3a1d-4e1d-aef5-1b5460d0574e_r,46.46077,30.70576,491,
83956bc0-3a1d-4e1d-aef5-1b5460d0574e_r,46.46077,30.70533,493,
83956bc0-3a1d-4e1d-aef5-1b5460d0574e_r,46.46088,30.70534,495,
83956bc0-3a1d-4e1d-aef5-1b5460d0574e_r,46.46089,30.70519,497,
83956bc0-3a1d-4e1d-aef5-1b5460d0574e_r,46.46089,30.70519,499,
83956bc0-3a1d-4e1d-aef5-1b5460d0574e_r,46.460889,30.705193,501,
83956bc0-3a1d-4e1d-aef5-1b5460d0574e_r,46.46089,30.70519,506,
83956bc0-3a1d-4e1d-aef5-1b5460d0574e_r,46.46089,30.70519,508,
83956bc0-3a1d-4e1d-aef5-1b5460d0574e_r,46.46088,30.70534,510,
83956bc0-3a1d-4e1d-aef5-1b5460d0574e_r,46.46077,30.70533,512,
83956bc0-3a1d-4e1d-aef5-1b5460d0574e_r,46.46077,30.70477,514,
83956bc0-3a1d-4e1d-aef5-1b5460d0574e_r,46.46077,30.70434,516,
83956bc0-3a1d-4e1d-aef5-1b5460d0574e_r,46.46077,30.70376,518,
83956bc0-3a1d-4e1d-aef5-1b5460d0574e_r,46.46077,30.70348,520,
83956bc0-3a1d-4e1d-aef5-1b5460d0574e_r,46.46077,30.70254,522,
83956bc0-3a1d-4e1d-aef5-1b5460d0574e_r,46.46077,30.7017,524,
83956bc0-3a1d-4e1d-aef5-1b5460d0574e_r,46.46077,30.70063,526,
83956bc0-3a1d-4e1d-aef5-1b5460d0574e_r,46.46077,30.69926,528,
83956bc0-3a1d-4e1d-aef5-1b5460d0574e_r,46.46077,30.69896,530,
83956bc0-3a1d-4e1d-aef5-1b5460d0574e_r,46.46075,30.69878,532,
83956bc0-3a1d-4e1d-aef5-1b5460d0574e_r,46.46075,30.69823,534,
83956bc0-3a1d-4e1d-aef5-1b5460d0574e_r,46.46075,30.6976,536,
83956bc0-3a1d-4e1d-aef5-1b5460d0574e_r,46.46075,30.69754,538,
83956bc0-3a1d-4e1d-aef5-1b5460d0574e_r,46.46075,30.69732,540,
83956bc0-3a1d-4e1d-aef5-1b5460d0574e_r,46.46075,30.69724,542,
83956bc0-3a1d-4e1d-aef5-1b5460d0574e_r,46.46075,30.69713,544,
83956bc0-3a1d-4e1d-aef5-1b5460d0574e_r,46.46075,30.69707,546,
83956bc0-3a1d-4e1d-aef5-1b5460d0574e_r,46.46075,30.697,548,
83956bc0-3a1d-4e1d-aef5-1b5460d0574e_r,46.46074,30.69668,550,
83956bc0-3a1d-4e1d-aef5-1b5460d0574e_r,46.46085,30.69668,552,
83956bc0-3a1d-4e1d-aef5-1b5460d0574e_r,46.46085,30.69668,554,
83956bc0-3a1d-4e1d-aef5-1b5460d0574e_r,46.46085,30.696678,556,
83956bc0-3a1d-4e1d-aef5-1b5460d0574e_r,46.46085,30.69668,561,
83956bc0-3a1d-4e1d-aef5-1b5460d0574e_r,46.46085,30.69668,563,
83956bc0-3a1d-4e1d-aef5-1b5460d0574e_r,46.46074,30.69668,565,
83956bc0-3a1d-4e1d-aef5-1b5460d0574e_r,46.46071,30.69488,567,
83956bc0-3a1d-4e1d-aef5-1b5460d0574e_r,46.4606,30.69213,569,
83956bc0-3a1d-4e1d-aef5-1b5460d0574e_r,46.4606,30.6919,571,
83956bc0-3a1d-4e1d-aef5-1b5460d0574e_r,46.4606,30.69177,573,
83956bc0-3a1d-4e1d-aef5-1b5460d0574e_r,46.46054,30.69121,575,
83956bc0-3a1d-4e1d-aef5-1b5460d0574e_r,46.46065,30.69123,577,
83956bc0-3a1d-4e1d-aef5-1b5460d0574e_r,46.46075,30.69123,579,
83956bc0-3a1d-4e1d-aef5-1b5460d0574e_r,46.46088,30.69119,581,
83956bc0-3a1d-4e1d-aef5-1b5460d0574e_r,46.46092,30.69117,583,
83956bc0-3a1d-4e1d-aef5-1b5460d0574e_r,46.46129,30.69087,585,
83956bc0-3a1d-4e1d-aef5-1b5460d0574e_r,46.46133,30.69082,587,
83956bc0-3a1d-4e1d-aef5-1b5460d0574e_r,46.46136,30.6908,589,
83956bc0-3a1d-4e1d-aef5-1b5460d0574e_r,46.46142,30.69093,591,
83956bc0-3a1d-4e1d-aef5-1b5460d0574e_r,46.46142,30.69093,593,
83956bc0-3a1d-4e1d-aef5-1b5460d0574e_r,46.461416,30.690929,595,
83956bc0-3a1d-4e1d-aef5-1b5460d0574e_r,46.46142,30.69093,600,
83956bc0-3a1d-4e1d-aef5-1b5460d0574e_r,46.46142,30.69093,602,
83956bc0-3a1d-4e1d-aef5-1b5460d0574e_r,46.46136,30.6908,604,
83956bc0-3a1d-4e1d-aef5-1b5460d0574e_r,46.46172,30.69048,606,
83956bc0-3a1d-4e1d-aef5-1b5460d0574e_r,46.46185,30.69037,608,
83956bc0-3a1d-4e1d-aef5-1b5460d0574e_r,46.46206,30.69018,610,
83956bc0-3a1d-4e1d-aef5-1b5460d0574e_r,46.46238,30.6899,612,
83956bc0-3a1d-4e1d-aef5-1b5460d0574e_r,46.46382,30.68868,614,
83956bc0-3a1d-4e1d-aef5-1b5460d0574e_r,46.46436,30.68823,616,
83956bc0-3a1d-4e1d-aef5-1b5460d0574e_r,46.46457,30.68803,618,
83956bc0-3a1d-4e1d-aef5-1b5460d0574e_r,46.46472,30.68793,620,
83956bc0-3a1d-4e1d-aef5-1b5460d0574e_r,46.46496,30.68771,622,
83956bc0-3a1d-4e1d-aef5-1b5460d0574e_r,46.46509,30.6876,624,
83956bc0-3a1d-4e1d-aef5-1b5460d0574e_r,46.46517,30.68754,626,
83956bc0-3a1d-4e1d-aef5-1b5460d0574e_r,46.46539,30.68735,628,
83956bc0-3a1d-4e1d-aef5-1b5460d0574e_r,46.46569,30.68705,630,
83956bc0-3a1d-4e1d-aef5-1b5460d0574e_r,46.46574,30.68715,632,
83956bc0-3a1d-4e1d-aef5-1b5460d0574e_r,46.46574,30.68715,634,
83956bc0-3a1d-4e1d-aef5-1b5460d0574e_r,46.46570176909836,30.687062144279484,636,
83956bc0-3a1d-4e1d-aef5-1b5460d0574e_r,46.46574,30.68715,641,
83956bc0-3a1d-4e1d-aef5-1b5460d0574e_r,46.46574,30.68715,643,
83956bc0-3a1d-4e1d-aef5-1b5460d0574e_r,46.46569,30.68705,645,
83956bc0-3a1d-4e1d-aef5-1b5460d0574e_r,46.46577,30.68698,647,
83956bc0-3a1d-4e1d-aef5-1b5460d0574e_r,46.4659,30.68685,649,
83956bc0-3a1d-4e1d-aef5-1b5460d0574e_r,46.46603,30.68677,651,
83956bc0-3a1d-4e1d-aef5-1b5460d0574e_r,46.46614,30.68672,653,
83956bc0-3a1d-4e1d-aef5-1b5460d0574e_r,46.46625,30.68672,655,
83956bc0-3a1d-4e1d-aef5-1b5460d0574e_r,46.46635,30.68672,657,
83956bc0-3a1d-4e1d-aef5-1b5460d0574e_r,46.46659,30.68679,659,
83956bc0-3a1d-4e1d-aef5-1b5460d0574e_r,46.4667,30.68685,661,
83956bc0-3a1d-4e1d-aef5-1b5460d0574e_r,46.46678,30.68692,663,
83956bc0-3a1d-4e1d-aef5-1b5460d0574e_r,46.46689,30.68702,665,
83956bc0-3a1d-4e1d-aef5-1b5460d0574e_r,46.46698,30.68717,667,
83956bc0-3a1d-4e1d-aef5-1b5460d0574e_r,46.46702,30.68733,669,
83956bc0-3a1d-4e1d-aef5-1b5460d0574e_r,46.46702,30.68754,671,
83956bc0-3a1d-4e1d-aef5-1b5460d0574e_r,46.46698,30.68771,673,
83956bc0-3a1d-4e1d-aef5-1b5460d0574e_r,46.46689,30.68797,675,
83956bc0-3a1d-4e1d-aef5-1b5460d0574e_r,46.46683,30.68795,677,
83956bc0-3a1d-4e1d-aef5-1b5460d0574e_r,46.4667,30.68793,679,
83956bc0-3a1d-4e1d-aef5-1b5460d0574e_r,46.46659,30.6879,681,
83956bc0-3a1d-4e1d-aef5-1b5460d0574e_r,46.4665,30.68784,683,
83956bc0-3a1d-4e1d-aef5-1b5460d0574e_r,46.46644,30.68773,685,
83956bc0-3a1d-4e1d-aef5-1b5460d0574e_r,46.4664,30.68763,687,
83956bc0-3a1d-4e1d-aef5-1b5460d0574e_r,46.46644,30.68694,689,
83956bc0-3a1d-4e1d-aef5-1b5460d0574e_r,46.46652,30.68584,691,
83956bc0-3a1d-4e1d-aef5-1b5460d0574e_r,46.46663,30.68496,693,
83956bc0-3a1d-4e1d-aef5-1b5460d0574e_r,46.46676,30.68402,695,
83956bc0-3a1d-4e1d-aef5-1b5460d0574e_r,46.46702,30.6829,697,
83956bc0-3a1d-4e1d-aef5-1b5460d0574e_r,46.46706,30.68275,699,
83956bc0-3a1d-4e1d-aef5-1b5460d0574e_r,46.46706,30.68252,701,
83956bc0-3a1d-4e1d-aef5-1b5460d0574e_r,46.46709,30.68233,703,
83956bc0-3a1d-4e1d-aef5-1b5460d0574e_r,46.46725,30.68238,705,
83956bc0-3a1d-4e1d-aef5-1b5460d0574e_r,46.46725,30.68238,707,
83956bc0-3a1d-4e1d-aef5-1b5460d0574e_r,46.467201898282596,30.682271718978885,709,
83956bc0-3a1d-4e1d-aef5-1b5460d0574e_r,46.46725,30.68238,714,
83956bc0-3a1d-4e1d-aef5-1b5460d0574e_r,46.46725,30.68238,716,
83956bc0-3a1d-4e1d-aef5-1b5460d0574e_r,46.46709,30.68233,718,
83956bc0-3a1d-4e1d-aef5-1b5460d0574e_r,46.4671,30.6823,720,
83956bc0-3a1d-4e1d-aef5-1b5460d0574e_r,46.46719,30.682,722,
83956bc0-3a1d-4e1d-aef5-1b5460d0574e_r,46.46758,30.6805,724,
83956bc0-3a1d-4e1d-aef5-1b5460d0574e_r,46.46803,30.67861,726,
83956bc0-3a1d-4e1d-aef5-1b5460d0574e_r,46.4682,30.67791,728,
83956bc0-3a1d-4e1d-aef5-1b5460d0574e_r,46.46837,30.67724,730,
83956bc0-3a1d-4e1d-aef5-1b5460d0574e_r,46.46839,30.67718,732,
83956bc0-3a1d-4e1d-aef5-1b5460d0574e_r,46.46848,30.67722,734,
83956bc0-3a1d-4e1d-aef5-1b5460d0574e_r,46.46848,30.67722,736,
83956bc0-3a1d-4e1d-aef5-1b5460d0574e_r,46.46846552182185,30.67717015743256,738,
83956bc0-3a1d-4e1d-aef5-1b5460d0574e_r,46.46848,30.67722,743,
83956bc0-3a1d-4e1d-aef5-1b5460d0574e_r,46.46848,30.67722,745,
83956bc0-3a1d-4e1d-aef5-1b5460d0574e_r,46.46839,30.67718,747,
83956bc0-3a1d-4e1d-aef5-1b5460d0574e_r,46.46852,30.67664,749,
83956bc0-3a1d-4e1d-aef5-1b5460d0574e_r,46.46888,30.67509,751,
83956bc0-3a1d-4e1d-aef5-1b5460d0574e_r,46.46908,30.67456,753,
83956bc0-3a1d-4e1d-aef5-1b5460d0574e_r,46.46925,30.67391,755,
83956bc0-3a1d-4e1d-aef5-1b5460d0574e_r,46.46927,30.67381,757,
83956bc0-3a1d-4e1d-aef5-1b5460d0574e_r,46.46928,30.67377,759,
83956bc0-3a1d-4e1d-aef5-1b5460d0574e_r,46.46932,30.67379,761,
83956bc0-3a1d-4e1d-aef5-1b5460d0574e_r,46.46932,30.67379,763,
83956bc0-3a1d-4e1d-aef5-1b5460d0574e_r,46.469319,30.673786,765,
83956bc0-3a1d-4e1d-aef5-1b5460d0574e_r,46.46932,30.67379,770,
83956bc0-3a1d-4e1d-aef5-1b5460d0574e_r,46.46932,30.67379,772,
83956bc0-3a1d-4e1d-aef5-1b5460d0574e_r,46.46928,30.67377,774,
83956bc0-3a1d-4e1d-aef5-1b5460d0574e_r,46.46964,30.67233,776,
83956bc0-3a1d-4e1d-aef5-1b5460d0574e_r,46.47004,30.67067,778,
83956bc0-3a1d-4e1d-aef5-1b5460d0574e_r,46.47041,30.66928,780,
83956bc0-3a1d-4e1d-aef5-1b5460d0574e_r,46.4703,30.66932,782,
83956bc0-3a1d-4e1d-aef5-1b5460d0574e_r,46.47002,30.66918,784,
83956bc0-3a1d-4e1d-aef5-1b5460d0574e_r,46.47006,30.66904,786,
83956bc0-3a1d-4e1d-aef5-1b5460d0574e_r,46.47006,30.66904,788,
83956bc0-3a1d-4e1d-aef5-1b5460d0574e_r,46.470055,30.669037,790,
83956bc0-3a1d-4e1d-aef5-1b5460d0574e_r,46.47006,30.66904,795,
83956bc0-3a1d-4e1d-aef5-1b5460d0574e_r,46.47006,30.66904,797,
83956bc0-3a1d-4e1d-aef5-1b5460d0574e_r,46.47002,30.66918,799,
83956bc0-3a1d-4e1d-aef5-1b5460d0574e_r,46.47,30.66917,801,
83956bc0-3a1d-4e1d-aef5-1b5460d0574e_r,46.46951,30.66891,803,
83956bc0-3a1d-4e1d-aef5-1b5460d0574e_r,46.46934,30.66881,805,
83956bc0-3a1d-4e1d-aef5-1b5460d0574e_r,46.46912,30.66872,807,
83956bc0-3a1d-4e1d-aef5-1b5460d0574e_r,46.46914,30.66874,809,
83956bc0-3a1d-4e1d-aef5-1b5460d0574e_r,46.46915,30.66877,811,
83956bc0-3a1d-4e1d-aef5-1b5460d0574e_r,46.46912,30.6688,813,
83956bc0-3a1d-4e1d-aef5-1b5460d0574e_r,46.46912,30.6688,815,
83956bc0-3a1d-4e1d-aef5-1b5460d0574e_r,46.4691231856243,30.668796300888065,817,
83956bc0-3a1d-4e1d-aef5-1b5460d0574e_d,46.4691231856243,30.668796300888065,1,
83956bc0-3a1d-4e1d-aef5-1b5460d0574e_d,46.46912,30.6688,6,
83956bc0-3a1d-4e1d-aef5-1b5460d0574e_d,46.46912,30.6688,8,
83956bc0-3a1d-4e1d-aef5-1b5460d0574e_d,46.46915,30.66877,10,
83956bc0-3a1d-4e1d-aef5-1b5460d0574e_d,46.46914,30.66874,12,
83956bc0-3a1d-4e1d-aef5-1b5460d0574e_d,46.46912,30.66872,14,
83956bc0-3a1d-4e1d-aef5-1b5460d0574e_d,46.46934,30.66881,16,
83956bc0-3a1d-4e1d-aef5-1b5460d0574e_d,46.46951,30.66891,18,
83956bc0-3a1d-4e1d-aef5-1b5460d0574e_d,46.47,30.66917,20,
83956bc0-3a1d-4e1d-aef5-1b5460d0574e_d,46.4703,30.66932,22,
83956bc0-3a1d-4e1d-aef5-1b5460d0574e_d,46.47024,30.6696,24,
83956bc0-3a1d-4e1d-aef5-1b5460d0574e_d,46.47015,30.66996,26,
83956bc0-3a1d-4e1d-aef5-1b5460d0574e_d,46.47009,30.66993,28,
83956bc0-3a1d-4e1d-aef5-1b5460d0574e_d,46.47009,30.66993,30,
83956bc0-3a1d-4e1d-aef5-1b5460d0574e_d,46.47013183433134,30.66989600658417,32,
83956bc0-3a1d-4e1d-aef5-1b5460d0574e_d,46.47009,30.66993,37,
83956bc0-3a1d-4e1d-aef5-1b5460d0574e_d,46.47009,30.66993,39,
83956bc0-3a1d-4e1d-aef5-1b5460d0574e_d,46.47015,30.66996,41,
83956bc0-3a1d-4e1d-aef5-1b5460d0574e_d,46.46955,30.67224,43,
83956bc0-3a1d-4e1d-aef5-1b5460d0574e_d,46.46944,30.67265,45,
83956bc0-3a1d-4e1d-aef5-1b5460d0574e_d,46.46943,30.67269,47,
83956bc0-3a1d-4e1d-aef5-1b5460d0574e_d,46.46937,30.67267,49,
83956bc0-3a1d-4e1d-aef5-1b5460d0574e_d,46.46937,30.67267,51,
83956bc0-3a1d-4e1d-aef5-1b5460d0574e_d,46.46941876227313,30.67268013954163,53,
83956bc0-3a1d-4e1d-aef5-1b5460d0574e_d,46.46937,30.67267,58,
83956bc0-3a1d-4e1d-aef5-1b5460d0574e_d,46.46937,30.67267,60,
83956bc0-3a1d-4e1d-aef5-1b5460d0574e_d,46.46943,30.67269,62,
83956bc0-3a1d-4e1d-aef5-1b5460d0574e_d,46.46942,30.67276,64,
83956bc0-3a1d-4e1d-aef5-1b5460d0574e_d,46.4694,30.67291,66,
83956bc0-3a1d-4e1d-aef5-1b5460d0574e_d,46.46919,30.67381,68,
83956bc0-3a1d-4e1d-aef5-1b5460d0574e_d,46.46888,30.67509,70,
83956bc0-3a1d-4e1d-aef5-1b5460d0574e_d,46.46852,30.67664,72,
83956bc0-3a1d-4e1d-aef5-1b5460d0574e_d,46.46839,30.67718,74,
83956bc0-3a1d-4e1d-aef5-1b5460d0574e_d,46.46837,30.67724,76,
83956bc0-3a1d-4e1d-aef5-1b5460d0574e_d,46.4682,30.67791,78,
83956bc0-3a1d-4e1d-aef5-1b5460d0574e_d,46.46803,30.67861,80,
83956bc0-3a1d-4e1d-aef5-1b5460d0574e_d,46.468,30.67872,82,
83956bc0-3a1d-4e1d-aef5-1b5460d0574e_d,46.46789,30.67867,84,
83956bc0-3a1d-4e1d-aef5-1b5460d0574e_d,46.46789,30.67867,86,
83956bc0-3a1d-4e1d-aef5-1b5460d0574e_d,46.467889,30.678667,88,
83956bc0-3a1d-4e1d-aef5-1b5460d0574e_d,46.46789,30.67867,93,
83956bc0-3a1d-4e1d-aef5-1b5460d0574e_d,46.46789,30.67867,95,
83956bc0-3a1d-4e1d-aef5-1b5460d0574e_d,46.468,30.67872,97,
83956bc0-3a1d-4e1d-aef5-1b5460d0574e_d,46.46758,30.6805,99,
83956bc0-3a1d-4e1d-aef5-1b5460d0574e_d,46.46719,30.682,101,
83956bc0-3a1d-4e1d-aef5-1b5460d0574e_d,46.46714,30.68217,103,
83956bc0-3a1d-4e1d-aef5-1b5460d0574e_d,46.46706,30.68211,105,
83956bc0-3a1d-4e1d-aef5-1b5460d0574e_d,46.46706,30.68211,107,
83956bc0-3a1d-4e1d-aef5-1b5460d0574e_d,46.46709105271302,30.682057142257694,109,
83956bc0-3a1d-4e1d-aef5-1b5460d0574e_d,46.46706,30.68211,114,
83956bc0-3a1d-4e1d-aef5-1b5460d0574e_d,46.46706,30.68211,116,
83956bc0-3a1d-4e1d-aef5-1b5460d0574e_d,46.46714,30.68217,118,
83956bc0-3a1d-4e1d-aef5-1b5460d0574e_d,46.4671,30.6823,120,
83956bc0-3a1d-4e1d-aef5-1b5460d0574e_d,46.46706,30.68252,122,
83956bc0-3a1d-4e1d-aef5-1b5460d0574e_d,46.46695,30.68273,124,
83956bc0-3a1d-4e1d-aef5-1b5460d0574e_d,46.46691,30.68286,126,
83956bc0-3a1d-4e1d-aef5-1b5460d0574e_d,46.46685,30.68312,128,
83956bc0-3a1d-4e1d-aef5-1b5460d0574e_d,46.46667,30.68398,130,
83956bc0-3a1d-4e1d-aef5-1b5460d0574e_d,46.46657,30.68458,132,
83956bc0-3a1d-4e1d-aef5-1b5460d0574e_d,46.46652,30.68492,134,
83956bc0-3a1d-4e1d-aef5-1b5460d0574e_d,46.46646,30.68546,136,
83956bc0-3a1d-4e1d-aef5-1b5460d0574e_d,46.46642,30.68578,138,
83956bc0-3a1d-4e1d-aef5-1b5460d0574e_d,46.46633,30.68694,140,
83956bc0-3a1d-4e1d-aef5-1b5460d0574e_d,46.46631,30.6876,142,
83956bc0-3a1d-4e1d-aef5-1b5460d0574e_d,46.46627,30.68769,144,
83956bc0-3a1d-4e1d-aef5-1b5460d0574e_d,46.46622,30.68782,146,
83956bc0-3a1d-4e1d-aef5-1b5460d0574e_d,46.46616,30.68795,148,
83956bc0-3a1d-4e1d-aef5-1b5460d0574e_d,46.46605,30.68801,150,
83956bc0-3a1d-4e1d-aef5-1b5460d0574e_d,46.46595,30.68805,152,
83956bc0-3a1d-4e1d-aef5-1b5460d0574e_d,46.46586,30.68803,154,
83956bc0-3a1d-4e1d-aef5-1b5460d0574e_d,46.4658,30.68803,156,
83956bc0-3a1d-4e1d-aef5-1b5460d0574e_d,46.4658,30.68787,158,
83956bc0-3a1d-4e1d-aef5-1b5460d0574e_d,46.4658,30.68787,160,
83956bc0-3a1d-4e1d-aef5-1b5460d0574e_d,46.465749803432104,30.687958002090458,162,
83956bc0-3a1d-4e1d-aef5-1b5460d0574e_d,46.4658,30.68787,167,
83956bc0-3a1d-4e1d-aef5-1b5460d0574e_d,46.4658,30.68787,169,
83956bc0-3a1d-4e1d-aef5-1b5460d0574e_d,46.4658,30.68803,171,
83956bc0-3a1d-4e1d-aef5-1b5460d0574e_d,46.46489,30.68795,173,
83956bc0-3a1d-4e1d-aef5-1b5460d0574e_d,46.46472,30.68793,175,
83956bc0-3a1d-4e1d-aef5-1b5460d0574e_d,46.46457,30.68803,177,
83956bc0-3a1d-4e1d-aef5-1b5460d0574e_d,46.46436,30.68823,179,
83956bc0-3a1d-4e1d-aef5-1b5460d0574e_d,46.46382,30.68868,181,
83956bc0-3a1d-4e1d-aef5-1b5460d0574e_d,46.46238,30.6899,183,
83956bc0-3a1d-4e1d-aef5-1b5460d0574e_d,46.46206,30.69018,185,
83956bc0-3a1d-4e1d-aef5-1b5460d0574e_d,46.46186,30.69036,187,
83956bc0-3a1d-4e1d-aef5-1b5460d0574e_d,46.46181,30.69026,189,
83956bc0-3a1d-4e1d-aef5-1b5460d0574e_d,46.46181,30.69026,191,
83956bc0-3a1d-4e1d-aef5-1b5460d0574e_d,46.461811,30.69026,193,
83956bc0-3a1d-4e1d-aef5-1b5460d0574e_d,46.46181,30.69026,198,
83956bc0-3a1d-4e1d-aef5-1b5460d0574e_d,46.46181,30.69026,200,
83956bc0-3a1d-4e1d-aef5-1b5460d0574e_d,46.46186,30.69036,202,
83956bc0-3a1d-4e1d-aef5-1b5460d0574e_d,46.46185,30.69037,204,
83956bc0-3a1d-4e1d-aef5-1b5460d0574e_d,46.46172,30.69048,206,
83956bc0-3a1d-4e1d-aef5-1b5460d0574e_d,46.46133,30.69082,208,
83956bc0-3a1d-4e1d-aef5-1b5460d0574e_d,46.46129,30.69087,210,
83956bc0-3a1d-4e1d-aef5-1b5460d0574e_d,46.46092,30.69117,212,
83956bc0-3a1d-4e1d-aef5-1b5460d0574e_d,46.46088,30.69119,214,
83956bc0-3a1d-4e1d-aef5-1b5460d0574e_d,46.46075,30.69123,216,
83956bc0-3a1d-4e1d-aef5-1b5460d0574e_d,46.46065,30.69123,218,
83956bc0-3a1d-4e1d-aef5-1b5460d0574e_d,46.46054,30.69121,220,
83956bc0-3a1d-4e1d-aef5-1b5460d0574e_d,46.4606,30.69177,222,
83956bc0-3a1d-4e1d-aef5-1b5460d0574e_d,46.4606,30.6919,224,
83956bc0-3a1d-4e1d-aef5-1b5460d0574e_d,46.4606,30.69213,226,
83956bc0-3a1d-4e1d-aef5-1b5460d0574e_d,46.46062,30.69267,228,
83956bc0-3a1d-4e1d-aef5-1b5460d0574e_d,46.46057,30.69267,230,
83956bc0-3a1d-4e1d-aef5-1b5460d0574e_d,46.46057,30.69267,232,
83956bc0-3a1d-4e1d-aef5-1b5460d0574e_d,46.460574,30.692668,234,
83956bc0-3a1d-4e1d-aef5-1b5460d0574e_d,46.46057,30.69267,239,
83956bc0-3a1d-4e1d-aef5-1b5460d0574e_d,46.46057,30.69267,241,
83956bc0-3a1d-4e1d-aef5-1b5460d0574e_d,46.46062,30.69267,243,
83956bc0-3a1d-4e1d-aef5-1b5460d0574e_d,46.46071,30.69488,245,
83956bc0-3a1d-4e1d-aef5-1b5460d0574e_d,46.46075,30.697,247,
83956bc0-3a1d-4e1d-aef5-1b5460d0574e_d,46.46075,30.69707,249,
83956bc0-3a1d-4e1d-aef5-1b5460d0574e_d,46.46075,30.69713,251,
83956bc0-3a1d-4e1d-aef5-1b5460d0574e_d,46.46075,30.69724,253,
83956bc0-3a1d-4e1d-aef5-1b5460d0574e_d,46.46075,30.69732,255,
83956bc0-3a1d-4e1d-aef5-1b5460d0574e_d,46.46075,30.69754,257,
83956bc0-3a1d-4e1d-aef5-1b5460d0574e_d,46.46075,30.6976,259,
83956bc0-3a1d-4e1d-aef5-1b5460d0574e_d,46.46075,30.69797,261,
83956bc0-3a1d-4e1d-aef5-1b5460d0574e_d,46.4607,30.69797,263,
83956bc0-3a1d-4e1d-aef5-1b5460d0574e_d,46.4607,30.69797,265,
83956bc0-3a1d-4e1d-aef5-1b5460d0574e_d,46.460698,30.697969,267,
83956bc0-3a1d-4e1d-aef5-1b5460d0574e_d,46.4607,30.69797,272,
83956bc0-3a1d-4e1d-aef5-1b5460d0574e_d,46.4607,30.69797,274,
83956bc0-3a1d-4e1d-aef5-1b5460d0574e_d,46.46075,30.69797,276,
83956bc0-3a1d-4e1d-aef5-1b5460d0574e_d,46.46075,30.69823,278,
83956bc0-3a1d-4e1d-aef5-1b5460d0574e_d,46.46075,30.69878,280,
83956bc0-3a1d-4e1d-aef5-1b5460d0574e_d,46.46077,30.69896,282,
83956bc0-3a1d-4e1d-aef5-1b5460d0574e_d,46.46077,30.69926,284,
83956bc0-3a1d-4e1d-aef5-1b5460d0574e_d,46.46077,30.70063,286,
83956bc0-3a1d-4e1d-aef5-1b5460d0574e_d,46.46077,30.7017,288,
83956bc0-3a1d-4e1d-aef5-1b5460d0574e_d,46.46077,30.70254,290,
83956bc0-3a1d-4e1d-aef5-1b5460d0574e_d,46.46077,30.70348,292,
83956bc0-3a1d-4e1d-aef5-1b5460d0574e_d,46.46077,30.70376,294,
83956bc0-3a1d-4e1d-aef5-1b5460d0574e_d,46.46077,30.70434,296,
83956bc0-3a1d-4e1d-aef5-1b5460d0574e_d,46.46077,30.70477,298,
83956bc0-3a1d-4e1d-aef5-1b5460d0574e_d,46.46077,30.70533,300,
83956bc0-3a1d-4e1d-aef5-1b5460d0574e_d,46.46077,30.70575,302,
83956bc0-3a1d-4e1d-aef5-1b5460d0574e_d,46.46069,30.70575,304,
83956bc0-3a1d-4e1d-aef5-1b5460d0574e_d,46.46069,30.70575,306,
83956bc0-3a1d-4e1d-aef5-1b5460d0574e_d,46.460692,30.705753,308,
83956bc0-3a1d-4e1d-aef5-1b5460d0574e_d,46.46069,30.70575,313,
83956bc0-3a1d-4e1d-aef5-1b5460d0574e_d,46.46069,30.70575,315,
83956bc0-3a1d-4e1d-aef5-1b5460d0574e_d,46.46077,30.70575,317,
83956bc0-3a1d-4e1d-aef5-1b5460d0574e_d,46.46077,30.70576,319,
83956bc0-3a1d-4e1d-aef5-1b5460d0574e_d,46.46077,30.70629,321,
83956bc0-3a1d-4e1d-aef5-1b5460d0574e_d,46.4608,30.70647,323,
83956bc0-3a1d-4e1d-aef5-1b5460d0574e_d,46.4608,30.70662,325,
83956bc0-3a1d-4e1d-aef5-1b5460d0574e_d,46.4608,30.70689,327,
83956bc0-3a1d-4e1d-aef5-1b5460d0574e_d,46.4608,30.70857,329,
83956bc0-3a1d-4e1d-aef5-1b5460d0574e_d,46.4608,30.70913,331,
83956bc0-3a1d-4e1d-aef5-1b5460d0574e_d,46.46082,30.70953,333,
83956bc0-3a1d-4e1d-aef5-1b5460d0574e_d,46.46082,30.70983,335,
83956bc0-3a1d-4e1d-aef5-1b5460d0574e_d,46.46082,30.7099,337,
83956bc0-3a1d-4e1d-aef5-1b5460d0574e_d,46.46082,30.71024,339,
83956bc0-3a1d-4e1d-aef5-1b5460d0574e_d,46.46082,30.71031,341,
83956bc0-3a1d-4e1d-aef5-1b5460d0574e_d,46.46082,30.71048,343,
83956bc0-3a1d-4e1d-aef5-1b5460d0574e_d,46.46082,30.71074,345,
83956bc0-3a1d-4e1d-aef5-1b5460d0574e_d,46.46082,30.71089,347,
83956bc0-3a1d-4e1d-aef5-1b5460d0574e_d,46.46082,30.71123,349,
83956bc0-3a1d-4e1d-aef5-1b5460d0574e_d,46.46082,30.7117,351,
83956bc0-3a1d-4e1d-aef5-1b5460d0574e_d,46.46082,30.71183,353,
83956bc0-3a1d-4e1d-aef5-1b5460d0574e_d,46.46084,30.71213,355,
83956bc0-3a1d-4e1d-aef5-1b5460d0574e_d,46.46084,30.71241,357,
83956bc0-3a1d-4e1d-aef5-1b5460d0574e_d,46.46084,30.71282,359,
83956bc0-3a1d-4e1d-aef5-1b5460d0574e_d,46.46084,30.71307,361,
83956bc0-3a1d-4e1d-aef5-1b5460d0574e_d,46.46084,30.71333,363,
83956bc0-3a1d-4e1d-aef5-1b5460d0574e_d,46.46084,30.71352,365,
83956bc0-3a1d-4e1d-aef5-1b5460d0574e_d,46.4609,30.71352,367,
83956bc0-3a1d-4e1d-aef5-1b5460d0574e_d,46.4611,30.71352,369,
83956bc0-3a1d-4e1d-aef5-1b5460d0574e_d,46.46127,30.71352,371,
83956bc0-3a1d-4e1d-aef5-1b5460d0574e_d,46.46133,30.71352,373,
83956bc0-3a1d-4e1d-aef5-1b5460d0574e_d,46.46163,30.71352,375,
83956bc0-3a1d-4e1d-aef5-1b5460d0574e_d,46.46206,30.71355,377,
83956bc0-3a1d-4e1d-aef5-1b5460d0574e_d,46.46253,30.71355,379,
83956bc0-3a1d-4e1d-aef5-1b5460d0574e_d,46.4626,30.71363,381,
83956bc0-3a1d-4e1d-aef5-1b5460d0574e_d,46.46262,30.71368,383,
83956bc0-3a1d-4e1d-aef5-1b5460d0574e_d,46.46273,30.71385,385,
83956bc0-3a1d-4e1d-aef5-1b5460d0574e_d,46.46278,30.71394,387,
83956bc0-3a1d-4e1d-aef5-1b5460d0574e_d,46.46276,30.71397,389,
83956bc0-3a1d-4e1d-aef5-1b5460d0574e_d,46.46276,30.71397,391,
83956bc0-3a1d-4e1d-aef5-1b5460d0574e_d,46.462762,30.713968,393,
83956bc0-3a1d-4e1d-aef5-1b5460d0574e_d,46.46276,30.71397,398,
83956bc0-3a1d-4e1d-aef5-1b5460d0574e_d,46.46276,30.71397,400,
83956bc0-3a1d-4e1d-aef5-1b5460d0574e_d,46.46278,30.71394,402,
83956bc0-3a1d-4e1d-aef5-1b5460d0574e_d,46.46283,30.71402,404,
83956bc0-3a1d-4e1d-aef5-1b5460d0574e_d,46.46296,30.71423,406,
83956bc0-3a1d-4e1d-aef5-1b5460d0574e_d,46.46326,30.71473,408,
83956bc0-3a1d-4e1d-aef5-1b5460d0574e_d,46.46361,30.71526,410,
83956bc0-3a1d-4e1d-aef5-1b5460d0574e_d,46.46397,30.71586,412,
83956bc0-3a1d-4e1d-aef5-1b5460d0574e_d,46.46419,30.71621,414,
83956bc0-3a1d-4e1d-aef5-1b5460d0574e_d,46.46453,30.71676,416,
83956bc0-3a1d-4e1d-aef5-1b5460d0574e_d,46.46459,30.71685,418,
83956bc0-3a1d-4e1d-aef5-1b5460d0574e_d,46.46498,30.71752,420,
83956bc0-3a1d-4e1d-aef5-1b5460d0574e_d,46.46513,30.71773,422,
83956bc0-3a1d-4e1d-aef5-1b5460d0574e_d,46.46528,30.71799,424,
83956bc0-3a1d-4e1d-aef5-1b5460d0574e_d,46.46539,30.71816,426,
83956bc0-3a1d-4e1d-aef5-1b5460d0574e_d,46.46537,30.71819,428,
83956bc0-3a1d-4e1d-aef5-1b5460d0574e_d,46.46537,30.71819,430,
83956bc0-3a1d-4e1d-aef5-1b5460d0574e_d,46.465368,30.718192,432,
83956bc0-3a1d-4e1d-aef5-1b5460d0574e_d,46.46537,30.71819,437,
83956bc0-3a1d-4e1d-aef5-1b5460d0574e_d,46.46537,30.71819,439,
83956bc0-3a1d-4e1d-aef5-1b5460d0574e_d,46.46539,30.71816,441,
83956bc0-3a1d-4e1d-aef5-1b5460d0574e_d,46.46549,30.71833,443,
83956bc0-3a1d-4e1d-aef5-1b5460d0574e_d,46.46573,30.71872,445,
83956bc0-3a1d-4e1d-aef5-1b5460d0574e_d,46.46588,30.71895,447,
83956bc0-3a1d-4e1d-aef5-1b5460d0574e_d,46.46597,30.71908,449,
83956bc0-3a1d-4e1d-aef5-1b5460d0574e_d,46.46614,30.71934,451,
83956bc0-3a1d-4e1d-aef5-1b5460d0574e_d,46.46635,30.71966,453,
83956bc0-3a1d-4e1d-aef5-1b5460d0574e_d,46.46661,30.72007,455,
83956bc0-3a1d-4e1d-aef5-1b5460d0574e_d,46.46691,30.72054,457,
83956bc0-3a1d-4e1d-aef5-1b5460d0574e_d,46.46695,30.72061,459,
83956bc0-3a1d-4e1d-aef5-1b5460d0574e_d,46.46719,30.72099,461,
83956bc0-3a1d-4e1d-aef5-1b5460d0574e_d,46.46743,30.72138,463,
83956bc0-3a1d-4e1d-aef5-1b5460d0574e_d,46.46803,30.72237,465,
83956bc0-3a1d-4e1d-aef5-1b5460d0574e_d,46.46855,30.72327,467,
83956bc0-3a1d-4e1d-aef5-1b5460d0574e_d,46.4685,30.72333,469,
83956bc0-3a1d-4e1d-aef5-1b5460d0574e_d,46.4685,30.72333,471,
83956bc0-3a1d-4e1d-aef5-1b5460d0574e_d,46.468501,30.723332,473,
83956bc0-3a1d-4e1d-aef5-1b5460d0574e_d,46.4685,30.72333,478,
83956bc0-3a1d-4e1d-aef5-1b5460d0574e_d,46.4685,30.72333,480,
83956bc0-3a1d-4e1d-aef5-1b5460d0574e_d,46.46855,30.72327,482,
83956bc0-3a1d-4e1d-aef5-1b5460d0574e_d,46.46856,30.72329,484,
83956bc0-3a1d-4e1d-aef5-1b5460d0574e_d,46.46871,30.72355,486,
83956bc0-3a1d-4e1d-aef5-1b5460d0574e_d,46.46927,30.72443,488,
83956bc0-3a1d-4e1d-aef5-1b5460d0574e_d,46.46955,30.72488,490,
83956bc0-3a1d-4e1d-aef5-1b5460d0574e_d,46.46957,30.7249,492,
83956bc0-3a1d-4e1d-aef5-1b5460d0574e_d,46.46966,30.72507,494,
83956bc0-3a1d-4e1d-aef5-1b5460d0574e_d,46.46983,30.72535,496,
83956bc0-3a1d-4e1d-aef5-1b5460d0574e_d,46.47002,30.72567,498,
83956bc0-3a1d-4e1d-aef5-1b5460d0574e_d,46.47058,30.72662,500,
83956bc0-3a1d-4e1d-aef5-1b5460d0574e_d,46.47055,30.72666,502,
83956bc0-3a1d-4e1d-aef5-1b5460d0574e_d,46.47055,30.72666,504,
83956bc0-3a1d-4e1d-aef5-1b5460d0574e_d,46.470551,30.726662,506,
83956bc0-3a1d-4e1d-aef5-1b5460d0574e_d,46.47055,30.72666,511,
83956bc0-3a1d-4e1d-aef5-1b5460d0574e_d,46.47055,30.72666,513,
83956bc0-3a1d-4e1d-aef5-1b5460d0574e_d,46.47058,30.72662,515,
83956bc0-3a1d-4e1d-aef5-1b5460d0574e_d,46.47075,30.72691,517,
83956bc0-3a1d-4e1d-aef5-1b5460d0574e_d,46.47082,30.72702,519,
83956bc0-3a1d-4e1d-aef5-1b5460d0574e_d,46.47092,30.72717,521,
83956bc0-3a1d-4e1d-aef5-1b5460d0574e_d,46.47103,30.72732,523,
83956bc0-3a1d-4e1d-aef5-1b5460d0574e_d,46.47118,30.72739,525,
83956bc0-3a1d-4e1d-aef5-1b5460d0574e_d,46.47142,30.72749,527,
83956bc0-3a1d-4e1d-aef5-1b5460d0574e_d,46.47155,30.72754,529,
83956bc0-3a1d-4e1d-aef5-1b5460d0574e_d,46.4718,30.72762,531,
83956bc0-3a1d-4e1d-aef5-1b5460d0574e_d,46.47189,30.72767,533,
83956bc0-3a1d-4e1d-aef5-1b5460d0574e_d,46.47193,30.72769,535,
83956bc0-3a1d-4e1d-aef5-1b5460d0574e_d,46.47197,30.72773,537,
83956bc0-3a1d-4e1d-aef5-1b5460d0574e_d,46.47202,30.72784,539,
83956bc0-3a1d-4e1d-aef5-1b5460d0574e_d,46.47204,30.72788,541,
83956bc0-3a1d-4e1d-aef5-1b5460d0574e_d,46.47206,30.72792,543,
83956bc0-3a1d-4e1d-aef5-1b5460d0574e_d,46.47206,30.72803,545,
83956bc0-3a1d-4e1d-aef5-1b5460d0574e_d,46.47204,30.72814,547,
83956bc0-3a1d-4e1d-aef5-1b5460d0574e_d,46.47202,30.72848,549,
83956bc0-3a1d-4e1d-aef5-1b5460d0574e_d,46.47202,30.72872,551,
83956bc0-3a1d-4e1d-aef5-1b5460d0574e_d,46.472,30.72885,553,
83956bc0-3a1d-4e1d-aef5-1b5460d0574e_d,46.47193,30.72975,555,
83956bc0-3a1d-4e1d-aef5-1b5460d0574e_d,46.47188,30.73048,557,
83956bc0-3a1d-4e1d-aef5-1b5460d0574e_d,46.4718,30.73047,559,
83956bc0-3a1d-4e1d-aef5-1b5460d0574e_d,46.4718,30.73047,561,
83956bc0-3a1d-4e1d-aef5-1b5460d0574e_d,46.4718,30.730467,563,
83956bc0-3a1d-4e1d-aef5-1b5460d0574e_d,46.4718,30.73047,568,
83956bc0-3a1d-4e1d-aef5-1b5460d0574e_d,46.4718,30.73047,570,
83956bc0-3a1d-4e1d-aef5-1b5460d0574e_d,46.47188,30.73048,572,
83956bc0-3a1d-4e1d-aef5-1b5460d0574e_d,46.47187,30.73056,574,
83956bc0-3a1d-4e1d-aef5-1b5460d0574e_d,46.47185,30.73088,576,
83956bc0-3a1d-4e1d-aef5-1b5460d0574e_d,46.4718,30.73125,578,
83956bc0-3a1d-4e1d-aef5-1b5460d0574e_d,46.4718,30.7314,580,
83956bc0-3a1d-4e1d-aef5-1b5460d0574e_d,46.47178,30.73161,582,
83956bc0-3a1d-4e1d-aef5-1b5460d0574e_d,46.47178,30.73185,584,
83956bc0-3a1d-4e1d-aef5-1b5460d0574e_d,46.47176,30.73198,586,
83956bc0-3a1d-4e1d-aef5-1b5460d0574e_d,46.47174,30.7323,588,
83956bc0-3a1d-4e1d-aef5-1b5460d0574e_d,46.47172,30.73262,590,
83956bc0-3a1d-4e1d-aef5-1b5460d0574e_d,46.47172,30.73282,592,
83956bc0-3a1d-4e1d-aef5-1b5460d0574e_d,46.47167,30.73329,594,
83956bc0-3a1d-4e1d-aef5-1b5460d0574e_d,46.47161,30.73404,596,
83956bc0-3a1d-4e1d-aef5-1b5460d0574e_d,46.47159,30.73449,598,
83956bc0-3a1d-4e1d-aef5-1b5460d0574e_d,46.47155,30.73481,600,
83956bc0-3a1d-4e1d-aef5-1b5460d0574e_d,46.47152,30.7352,602,
83956bc0-3a1d-4e1d-aef5-1b5460d0574e_d,46.47152,30.73524,604,
83956bc0-3a1d-4e1d-aef5-1b5460d0574e_d,46.4715,30.73539,606,
83956bc0-3a1d-4e1d-aef5-1b5460d0574e_d,46.4715,30.73554,608,
83956bc0-3a1d-4e1d-aef5-1b5460d0574e_d,46.47148,30.73563,610,
83956bc0-3a1d-4e1d-aef5-1b5460d0574e_d,46.47148,30.73584,612,
83956bc0-3a1d-4e1d-aef5-1b5460d0574e_d,46.47146,30.73614,614,
83956bc0-3a1d-4e1d-aef5-1b5460d0574e_d,46.4714,30.73698,616,
83956bc0-3a1d-4e1d-aef5-1b5460d0574e_d,46.47137,30.73713,618,
83956bc0-3a1d-4e1d-aef5-1b5460d0574e_d,46.47135,30.73756,620,
83956bc0-3a1d-4e1d-aef5-1b5460d0574e_d,46.47131,30.73799,622,
83956bc0-3a1d-4e1d-aef5-1b5460d0574e_d,46.47125,30.7388,624,
83956bc0-3a1d-4e1d-aef5-1b5460d0574e_d,46.47122,30.73902,626,
83956bc0-3a1d-4e1d-aef5-1b5460d0574e_d,46.47122,30.73923,628,
83956bc0-3a1d-4e1d-aef5-1b5460d0574e_d,46.47118,30.73961,630,
83956bc0-3a1d-4e1d-aef5-1b5460d0574e_d,46.47111,30.7396,632,
83956bc0-3a1d-4e1d-aef5-1b5460d0574e_d,46.47111,30.7396,634,
83956bc0-3a1d-4e1d-aef5-1b5460d0574e_d,46.471107,30.739599,636,
83956bc0-3a1d-4e1d-aef5-1b5460d0574e_d,46.47111,30.7396,641,
83956bc0-3a1d-4e1d-aef5-1b5460d0574e_d,46.47111,30.7396,643,
83956bc0-3a1d-4e1d-aef5-1b5460d0574e_d,46.47118,30.73961,645,
83956bc0-3a1d-4e1d-aef5-1b5460d0574e_d,46.47118,30.73962,647,
83956bc0-3a1d-4e1d-aef5-1b5460d0574e_d,46.47118,30.73975,649,
83956bc0-3a1d-4e1d-aef5-1b5460d0574e_d,46.47116,30.74007,651,
83956bc0-3a1d-4e1d-aef5-1b5460d0574e_d,46.47107,30.74112,653,
83956bc0-3a1d-4e1d-aef5-1b5460d0574e_d,46.47103,30.74174,655,
83956bc0-3a1d-4e1d-aef5-1b5460d0574e_d,46.47099,30.74228,657,
83956bc0-3a1d-4e1d-aef5-1b5460d0574e_d,46.47097,30.74236,659,
83956bc0-3a1d-4e1d-aef5-1b5460d0574e_d,46.47094,30.74273,661,
83956bc0-3a1d-4e1d-aef5-1b5460d0574e_d,46.47092,30.74305,663,
83956bc0-3a1d-4e1d-aef5-1b5460d0574e_d,46.47088,30.74339,665,
83956bc0-3a1d-4e1d-aef5-1b5460d0574e_d,46.47086,30.74369,667,
83956bc0-3a1d-4e1d-aef5-1b5460d0574e_d,46.47084,30.74397,669,
83956bc0-3a1d-4e1d-aef5-1b5460d0574e_d,46.47084,30.74406,671,
83956bc0-3a1d-4e1d-aef5-1b5460d0574e_d,46.47082,30.74425,673,
83956bc0-3a1d-4e1d-aef5-1b5460d0574e_d,46.47079,30.74453,675,
83956bc0-3a1d-4e1d-aef5-1b5460d0574e_d,46.47079,30.74457,677,
83956bc0-3a1d-4e1d-aef5-1b5460d0574e_d,46.47077,30.74481,679,
83956bc0-3a1d-4e1d-aef5-1b5460d0574e_d,46.47077,30.74485,681,
83956bc0-3a1d-4e1d-aef5-1b5460d0574e_d,46.47077,30.74498,683,
83956bc0-3a1d-4e1d-aef5-1b5460d0574e_d,46.47075,30.74535,685,
83956bc0-3a1d-4e1d-aef5-1b5460d0574e_d,46.47069,30.74653,687,
83956bc0-3a1d-4e1d-aef5-1b5460d0574e_d,46.47067,30.74689,689,
83956bc0-3a1d-4e1d-aef5-1b5460d0574e_d,46.47064,30.74722,691,
83956bc0-3a1d-4e1d-aef5-1b5460d0574e_d,46.47055,30.74721,693,
83956bc0-3a1d-4e1d-aef5-1b5460d0574e_d,46.47056,30.74721,695,
83956bc0-3a1d-4e1d-aef5-1b5460d0574e_d,46.470555,30.747205,697,
83956bc0-3a1d-4e1d-aef5-1b5460d0574e_d,46.47056,30.74721,702,
83956bc0-3a1d-4e1d-aef5-1b5460d0574e_d,46.47056,30.74721,704,
83956bc0-3a1d-4e1d-aef5-1b5460d0574e_d,46.47065,30.74722,706,
83956bc0-3a1d-4e1d-aef5-1b5460d0574e_d,46.47063,30.74745,708,
83956bc0-3a1d-4e1d-aef5-1b5460d0574e_d,46.47053,30.74891,710,
83956bc0-3a1d-4e1d-aef5-1b5460d0574e_d,46.4705,30.74919,712,
83956bc0-3a1d-4e1d-aef5-1b5460d0574e_d,46.47048,30.74951,714,
83956bc0-3a1d-4e1d-aef5-1b5460d0574e_d,46.47048,30.74955,716,
83956bc0-3a1d-4e1d-aef5-1b5460d0574e_d,46.47046,30.74977,718,
83956bc0-3a1d-4e1d-aef5-1b5460d0574e_d,46.47044,30.75005,720,
83956bc0-3a1d-4e1d-aef5-1b5460d0574e_d,46.47042,30.7503,722,
83956bc0-3a1d-4e1d-aef5-1b5460d0574e_d,46.4704,30.7506,724,
83956bc0-3a1d-4e1d-aef5-1b5460d0574e_d,46.47035,30.75093,726,
83956bc0-3a1d-4e1d-aef5-1b5460d0574e_d,46.47035,30.75118,728,
83956bc0-3a1d-4e1d-aef5-1b5460d0574e_d,46.47033,30.75146,730,
83956bc0-3a1d-4e1d-aef5-1b5460d0574e_d,46.47031,30.75174,732,
83956bc0-3a1d-4e1d-aef5-1b5460d0574e_d,46.47024,30.75173,734,
83956bc0-3a1d-4e1d-aef5-1b5460d0574e_d,46.47024,30.75165,736,
83956bc0-3a1d-4e1d-aef5-1b5460d0574e_d,46.47023,30.75165,738,
83956bc0-3a1d-4e1d-aef5-1b5460d0574e_d,46.470234,30.75165,740,
83956bc0-3a1d-4e1d-aef5-1b5460d0574e_d,46.47023,30.75165,745,
83956bc0-3a1d-4e1d-aef5-1b5460d0574e_d,46.47023,30.75165,747,
83956bc0-3a1d-4e1d-aef5-1b5460d0574e_d,46.47023,30.75173,749,
83956bc0-3a1d-4e1d-aef5-1b5460d0574e_d,46.4703,30.75174,751,
83956bc0-3a1d-4e1d-aef5-1b5460d0574e_d,46.47028,30.75204,753,
83956bc0-3a1d-4e1d-aef5-1b5460d0574e_d,46.47028,30.75221,755,
83956bc0-3a1d-4e1d-aef5-1b5460d0574e_d,46.47026,30.75238,757,
83956bc0-3a1d-4e1d-aef5-1b5460d0574e_d,46.47026,30.75258,759,
83956bc0-3a1d-4e1d-aef5-1b5460d0574e_d,46.47024,30.75277,761,
83956bc0-3a1d-4e1d-aef5-1b5460d0574e_d,46.47024,30.75311,763,
83956bc0-3a1d-4e1d-aef5-1b5460d0574e_d,46.47022,30.75316,765,
83956bc0-3a1d-4e1d-aef5-1b5460d0574e_d,46.47022,30.75329,767,
83956bc0-3a1d-4e1d-aef5-1b5460d0574e_d,46.47041,30.75333,769,
83956bc0-3a1d-4e1d-aef5-1b5460d0574e_d,46.47075,30.75341,771,
83956bc0-3a1d-4e1d-aef5-1b5460d0574e_d,46.47092,30.75346,773,
83956bc0-3a1d-4e1d-aef5-1b5460d0574e_d,46.47116,30.7535,775,
83956bc0-3a1d-4e1d-aef5-1b5460d0574e_d,46.47152,30.75356,777,
83956bc0-3a1d-4e1d-aef5-1b5460d0574e_d,46.47174,30.75363,779,
83956bc0-3a1d-4e1d-aef5-1b5460d0574e_d,46.47178,30.75363,781,
83956bc0-3a1d-4e1d-aef5-1b5460d0574e_d,46.47185,30.75365,783,
83956bc0-3a1d-4e1d-aef5-1b5460d0574e_d,46.47215,30.75372,785,
83956bc0-3a1d-4e1d-aef5-1b5460d0574e_d,46.47223,30.75374,787,
83956bc0-3a1d-4e1d-aef5-1b5460d0574e_d,46.47234,30.75378,789,
83956bc0-3a1d-4e1d-aef5-1b5460d0574e_d,46.47245,30.75384,791,
83956bc0-3a1d-4e1d-aef5-1b5460d0574e_d,46.47249,30.75391,793,
83956bc0-3a1d-4e1d-aef5-1b5460d0574e_d,46.47253,30.75393,795,
83956bc0-3a1d-4e1d-aef5-1b5460d0574e_d,46.47262,30.75402,797,
83956bc0-3a1d-4e1d-aef5-1b5460d0574e_d,46.47266,30.75406,799,
83956bc0-3a1d-4e1d-aef5-1b5460d0574e_d,46.47273,30.75412,801,
83956bc0-3a1d-4e1d-aef5-1b5460d0574e_d,46.4728,30.754,803,
83956bc0-3a1d-4e1d-aef5-1b5460d0574e_d,46.47277,30.75383,805,
83956bc0-3a1d-4e1d-aef5-1b5460d0574e_d,46.47301727923973,30.75406908988953,807,
